#VRML V2.0 utf8
# META "generator" "CAD Exchanger 3.8.1 (cadexchanger.com)"
DEF __1 Transform {
  children [
    DEF TL1105CF160Q Group {
      children [
        DEF TL1105CF160Q_1 Shape {
          appearance DEF __4 Appearance {
            material DEF __5 Material {
              ambientIntensity 0.25
              shininess 0
            }
          }
          geometry DEF __6 IndexedFaceSet {
            solid FALSE
            coord Coordinate {
              point [
                0.0027 0.0019 0.00295,
                0.00276244899699 0.0019 0.00294207462233,
                0.0027 0.0018 0.00295,
                0.0027 0.0018 0.00245,
                0.0027 0.0019 0.00245,
                0.00276244899699 0.0019 0.00245792537767,
                -0.0027 0.0019 0.00295,
                -0.00263755100301 0.0019 0.00294207462233,
                -0.0027 0.0018 0.00295,
                -0.0027 0.0018 0.00245,
                -0.0027 0.0019 0.00245,
                -0.00263755100301 0.0019 0.00245792537767,
                0.00276244899699 0.0019 -0.00245792537767,
                0.0027 0.0019 -0.00245,
                0.0027 0.0018 -0.00245,
                0.0027 0.0018 -0.00295,
                0.0027 0.0019 -0.00295,
                0.00276244899699 0.0019 -0.00294207462233,
                -0.00263755100301 0.0019 -0.00245792537767,
                -0.0027 0.0019 -0.00245,
                -0.0027 0.0018 -0.00245,
                -0.0027 0.0018 -0.00295,
                -0.0027 0.0019 -0.00295,
                -0.00263755100301 0.0019 -0.00294207462233,
                0 0.0027 -0.00175,
                2.14313189851e-19 0.0027 0.00175,
                1.83697019872e-19 0.0032 -0.00125,
                0 0.0032 0.00125,
                2.14313189851e-19 0.0018 0.00175,
                0 0.0018 -0.00175,
                -0.003 -0.0018 0.0027,
                -0.0027 -0.0018 0.003,
                -0.0027 0.0018 0.003,
                -0.003 0.0018 0.0027,
                0.0027 -0.0018 0.003,
                0.0027 0.0018 0.003,
                0.003 -0.0018 0.0027,
                0.003 0.0018 0.0027,
                0.003 -0.0018 -0.0027,
                0.003 0.0018 -0.0027,
                0.0027 -0.0018 -0.003,
                0.0027 0.0018 -0.003,
                -0.0027 -0.0018 -0.003,
                -0.0027 0.0018 -0.003,
                -0.003 -0.0018 -0.0027,
                -0.003 0.0018 -0.0027,
                -0.00276244899699 0.0019 -0.00245792537767,
                -0.00276244899699 0.0019 -0.00294207462233,
                0.00263755100301 0.0019 -0.00245792537767,
                0.00263755100301 0.0019 -0.00294207462233,
                -0.00276244899699 0.0019 0.00294207462233,
                -0.00276244899699 0.0019 0.00245792537767,
                0.00263755100301 0.0019 0.00294207462233,
                0.00263755100301 0.0019 0.00245792537767,
                0.00273147494573 0.0019 0.00294801074128,
                0.00274341204442 0.0018 0.00294620193825,
                0.00278550503583 0.0018 0.0029349231552,
                0.002825 0.0018 0.00291650635095,
                0.00286069690242 0.0018 0.00289151111078,
                0.00289151111078 0.0018 0.00286069690242,
                0.00291650635095 0.0018 0.002825,
                0.0029349231552 0.0018 0.00278550503583,
                0.00294620193825 0.0018 0.00274341204442,
                0.00295 0.0018 0.0027,
                0.00294620193825 0.0018 0.00265658795558,
                0.0029349231552 0.0018 0.00261449496417,
                0.00291650635095 0.0018 0.002575,
                0.00289151111078 0.0018 0.00253930309758,
                0.00286069690242 0.0018 0.00250848888922,
                0.002825 0.0018 0.00248349364905,
                0.00278550503583 0.0018 0.0024650768448,
                0.00274341204442 0.0018 0.00245379806175,
                0.00273147494573 0.0019 0.00245198925872,
                0.00280131435784 0.0019 0.0024714493472,
                0.00283743464423 0.0019 0.00249116581083,
                0.00286983119054 0.0019 0.00251654055838,
                0.00289762622453 0.0019 0.0025468860706,
                0.0029200666502 0.0019 0.00258138014723,
                0.00293654445262 0.0019 0.00261908818422,
                0.00294661317195 0.0019 0.00265898849647,
                0.00295 0.0019 0.0027,
                0.00294661317195 0.0019 0.00274101150353,
                0.00293654445262 0.0019 0.00278091181578,
                0.0029200666502 0.0019 0.00281861985277,
                0.00289762622453 0.0019 0.0028531139294,
                0.00286983119054 0.0019 0.00288345944162,
                0.00283743464423 0.0019 0.00290883418917,
                0.00280131435784 0.0019 0.0029285506528,
                -0.00266852505427 0.0019 0.00294801074128,
                -0.00265658795558 0.0018 0.00294620193825,
                -0.00261449496417 0.0018 0.0029349231552,
                -0.002575 0.0018 0.00291650635095,
                -0.00253930309758 0.0018 0.00289151111078,
                -0.00250848888922 0.0018 0.00286069690242,
                -0.00248349364905 0.0018 0.002825,
                -0.0024650768448 0.0018 0.00278550503583,
                -0.00245379806175 0.0018 0.00274341204442,
                -0.00245 0.0018 0.0027,
                -0.00245379806175 0.0018 0.00265658795558,
                -0.0024650768448 0.0018 0.00261449496417,
                -0.00248349364905 0.0018 0.002575,
                -0.00250848888922 0.0018 0.00253930309758,
                -0.00253930309758 0.0018 0.00250848888922,
                -0.002575 0.0018 0.00248349364905,
                -0.00261449496417 0.0018 0.0024650768448,
                -0.00265658795558 0.0018 0.00245379806175,
                -0.00266852505427 0.0019 0.00245198925872,
                -0.00259868564216 0.0019 0.0024714493472,
                -0.00256256535577 0.0019 0.00249116581083,
                -0.00253016880946 0.0019 0.00251654055838,
                -0.00250237377547 0.0019 0.0025468860706,
                -0.0024799333498 0.0019 0.00258138014723,
                -0.00246345554738 0.0019 0.00261908818422,
                -0.00245338682805 0.0019 0.00265898849647,
                -0.00245 0.0019 0.0027,
                -0.00245338682805 0.0019 0.00274101150353,
                -0.00246345554738 0.0019 0.00278091181578,
                -0.0024799333498 0.0019 0.00281861985277,
                -0.00250237377547 0.0019 0.0028531139294,
                -0.00253016880946 0.0019 0.00288345944162,
                -0.00256256535577 0.0019 0.00290883418917,
                -0.00259868564216 0.0019 0.0029285506528,
                0.00273147494573 0.0019 -0.00245198925872,
                0.00274341204442 0.0018 -0.00245379806175,
                0.00278550503583 0.0018 -0.0024650768448,
                0.002825 0.0018 -0.00248349364905,
                0.00286069690242 0.0018 -0.00250848888922,
                0.00289151111078 0.0018 -0.00253930309758,
                0.00291650635095 0.0018 -0.002575,
                0.0029349231552 0.0018 -0.00261449496417,
                0.00294620193825 0.0018 -0.00265658795558,
                0.00295 0.0018 -0.0027,
                0.00294620193825 0.0018 -0.00274341204442,
                0.0029349231552 0.0018 -0.00278550503583,
                0.00291650635095 0.0018 -0.002825,
                0.00289151111078 0.0018 -0.00286069690242,
                0.00286069690242 0.0018 -0.00289151111078,
                0.002825 0.0018 -0.00291650635095,
                0.00278550503583 0.0018 -0.0029349231552,
                0.00274341204442 0.0018 -0.00294620193825,
                0.00273147494573 0.0019 -0.00294801074128,
                0.00280131435784 0.0019 -0.0029285506528,
                0.00283743464423 0.0019 -0.00290883418917,
                0.00286983119054 0.0019 -0.00288345944162,
                0.00289762622453 0.0019 -0.0028531139294,
                0.0029200666502 0.0019 -0.00281861985277,
                0.00293654445262 0.0019 -0.00278091181578,
                0.00294661317195 0.0019 -0.00274101150353,
                0.00295 0.0019 -0.0027,
                0.00294661317195 0.0019 -0.00265898849647,
                0.00293654445262 0.0019 -0.00261908818422,
                0.0029200666502 0.0019 -0.00258138014723,
                0.00289762622453 0.0019 -0.0025468860706,
                0.00286983119054 0.0019 -0.00251654055838,
                0.00283743464423 0.0019 -0.00249116581083,
                0.00280131435784 0.0019 -0.0024714493472,
                -0.00266852505427 0.0019 -0.00245198925872,
                -0.00265658795558 0.0018 -0.00245379806175,
                -0.00261449496417 0.0018 -0.0024650768448,
                -0.002575 0.0018 -0.00248349364905,
                -0.00253930309758 0.0018 -0.00250848888922,
                -0.00250848888922 0.0018 -0.00253930309758,
                -0.00248349364905 0.0018 -0.002575,
                -0.0024650768448 0.0018 -0.00261449496417,
                -0.00245379806175 0.0018 -0.00265658795558,
                -0.00245 0.0018 -0.0027,
                -0.00245379806175 0.0018 -0.00274341204442,
                -0.0024650768448 0.0018 -0.00278550503583,
                -0.00248349364905 0.0018 -0.002825,
                -0.00250848888922 0.0018 -0.00286069690242,
                -0.00253930309758 0.0018 -0.00289151111078,
                -0.002575 0.0018 -0.00291650635095,
                -0.00261449496417 0.0018 -0.0029349231552,
                -0.00265658795558 0.0018 -0.00294620193825,
                -0.00266852505427 0.0019 -0.00294801074128,
                -0.00259868564216 0.0019 -0.0029285506528,
                -0.00256256535577 0.0019 -0.00290883418917,
                -0.00253016880946 0.0019 -0.00288345944162,
                -0.00250237377547 0.0019 -0.0028531139294,
                -0.0024799333498 0.0019 -0.00281861985277,
                -0.00246345554738 0.0019 -0.00278091181578,
                -0.00245338682805 0.0019 -0.00274101150353,
                -0.00245 0.0019 -0.0027,
                -0.00245338682805 0.0019 -0.00265898849647,
                -0.00246345554738 0.0019 -0.00261908818422,
                -0.0024799333498 0.0019 -0.00258138014723,
                -0.00250237377547 0.0019 -0.0025468860706,
                -0.00253016880946 0.0019 -0.00251654055838,
                -0.00256256535577 0.0019 -0.00249116581083,
                -0.00259868564216 0.0019 -0.0024714493472,
                0.000303884310917 0.0027 -0.00172341356777,
                0.00059853525082 0.0027 -0.00164446208638,
                0.000875 0.0027 -0.00151554445662,
                0.00112487831695 0.0027 -0.00134057777546,
                0.00134057777546 0.0027 -0.00112487831695,
                0.00151554445662 0.0027 -0.000875,
                0.00164446208638 0.0027 -0.00059853525082,
                0.00172341356777 0.0027 -0.000303884310917,
                0.00175 0.0027 -3.21469784776e-19,
                0.00172341356777 0.0027 0.000303884310917,
                0.00164446208638 0.0027 0.00059853525082,
                0.00151554445662 0.0027 0.000875,
                0.00134057777546 0.0027 0.00112487831695,
                0.00112487831695 0.0027 0.00134057777546,
                0.000875 0.0027 0.00151554445662,
                0.00059853525082 0.0027 0.00164446208638,
                0.000303884310917 0.0027 0.00172341356777,
                2.13382933019e-19 0.00278682408883 -0.00174240387651,
                2.10620427905e-19 0.00287101007166 -0.00171984631039,
                2.0610961183e-19 0.00295 -0.00168301270189,
                1.99987543657e-19 0.00302139380484 -0.00163302222156,
                1.9244023933e-19 0.00308302222156 -0.00157139380484,
                1.83697019872e-19 0.00313301270189 -0.0015,
                1.74023543582e-19 0.00316984631039 -0.00142101007166,
                1.63713734141e-19 0.00319240387651 -0.00133682408883,
                0.000217060222084 0.0032 0.00123100969127,
                0.000427525179157 0.0032 0.00117461577598,
                0.000625 0.0032 0.00108253175473,
                0.000803484512108 0.0032 0.000957555553899,
                0.000957555553899 0.0032 0.000803484512108,
                0.00108253175473 0.0032 0.000625,
                0.00117461577598 0.0032 0.000427525179157,
                0.00123100969127 0.0032 0.000217060222084,
                0.00125 0.0032 7.65404249467e-20,
                0.00123100969127 0.0032 -0.000217060222084,
                0.00117461577598 0.0032 -0.000427525179157,
                0.00108253175473 0.0032 -0.000625,
                0.000957555553899 0.0032 -0.000803484512108,
                0.000803484512108 0.0032 -0.000957555553899,
                0.000625 0.0032 -0.00108253175473,
                0.000427525179157 0.0032 -0.00117461577598,
                0.000217060222084 0.0032 -0.00123100969127,
                0 0.00278682408883 0.00174240387651,
                0 0.00287101007166 0.00171984631039,
                0 0.00295 0.00168301270189,
                0 0.00302139380484 0.00163302222156,
                0 0.00308302222156 0.00157139380484,
                0 0.00313301270189 0.0015,
                0 0.00316984631039 0.00142101007166,
                0 0.00319240387651 0.00133682408883,
                0.000303884310917 0.0018 0.00172341356777,
                0.00059853525082 0.0018 0.00164446208638,
                0.000875 0.0018 0.00151554445662,
                0.00112487831695 0.0018 0.00134057777546,
                0.00134057777546 0.0018 0.00112487831695,
                0.00151554445662 0.0018 0.000875,
                0.00164446208638 0.0018 0.00059853525082,
                0.00172341356777 0.0018 0.000303884310917,
                0.00175 0.0018 1.07156594925e-19,
                0.00172341356777 0.0018 -0.000303884310917,
                0.00164446208638 0.0018 -0.00059853525082,
                0.00151554445662 0.0018 -0.000875,
                0.00134057777546 0.0018 -0.00112487831695,
                0.00112487831695 0.0018 -0.00134057777546,
                0.000875 0.0018 -0.00151554445662,
                0.00059853525082 0.0018 -0.00164446208638,
                0.000303884310917 0.0018 -0.00172341356777,
                0.00276244899699 0.00192188902123 0.00294075427646,
                0.00276244899699 0.00194350759234 0.00293688097299,
                0.00276244899699 0.00196459815378 0.00293058631316,
                0.00276244899699 0.00198490314603 0.0029220018982,
                0.00276244899699 0.00200416500955 0.00291125932932,
                0.00276244899699 0.0020221261848 0.00289849020776,
                0.00276244899699 0.00203852911226 0.00288382613475,
                0.00276244899699 0.00205311623238 0.00286739871151,
                0.00276244899699 0.00206572040621 0.00284939484115,
                0.00276244899699 0.00207631168249 0.00283009915213,
                0.00276244899699 0.00208483828328 0.00280978983375,
                0.00276244899699 0.00209124843062 0.00278874507528,
                0.00276244899699 0.00209555194298 0.00276718668722,
                0.00276244899699 0.00209808674273 0.00274526071944,
                0.00276244899699 0.00209961171581 0.00270096423814,
                0.00276244899699 0.00209822126272 0.00265643912735,
                0.00276244899699 0.00209578134939 0.00263432300151,
                0.00276244899699 0.00209158287724 0.00261260889655,
                0.00276244899699 0.00208526230213 0.00259142383914,
                0.00276244899699 0.00207680071237 0.00257095104172,
                0.00276244899699 0.00206626848086 0.00255150308381,
                0.00276244899699 0.00205373598051 0.00253339254492,
                0.00276244899699 0.0020392284027 0.00251687568735,
                0.00276244899699 0.00202288683675 0.0025020959593,
                0.00276244899699 0.00200495550249 0.0024891967191,
                0.00276244899699 0.00198567861973 0.00247832132508,
                0.00276244899699 0.00196530040828 0.0024696131356,
                0.00276244899699 0.00194406508796 0.00246321550897,
                0.00276244899699 0.0019222168786 0.00245927180355,
                0.00276244899699 0.00192188902123 -0.00245924572354,
                0.00276244899699 0.00194350759234 -0.00246311902701,
                0.00276244899699 0.00196459815378 -0.00246941368684,
                0.00276244899699 0.00198490314603 -0.0024779981018,
                0.00276244899699 0.00200416500955 -0.00248874067068,
                0.00276244899699 0.0020221261848 -0.00250150979224,
                0.00276244899699 0.00203852911226 -0.00251617386525,
                0.00276244899699 0.00205311623238 -0.00253260128849,
                0.00276244899699 0.00206572040621 -0.00255060515885,
                0.00276244899699 0.00207631168249 -0.00256990084787,
                0.00276244899699 0.00208483828328 -0.00259021016625,
                0.00276244899699 0.00209124843062 -0.00261125492472,
                0.00276244899699 0.00209555194298 -0.00263281331278,
                0.00276244899699 0.00209808674273 -0.00265473928056,
                0.00276244899699 0.00209961171581 -0.00269903576186,
                0.00276244899699 0.00209822126272 -0.00274356087265,
                0.00276244899699 0.00209578134939 -0.00276567699849,
                0.00276244899699 0.00209158287724 -0.00278739110345,
                0.00276244899699 0.00208526230213 -0.00280857616086,
                0.00276244899699 0.00207680071237 -0.00282904895828,
                0.00276244899699 0.00206626848086 -0.00284849691619,
                0.00276244899699 0.00205373598051 -0.00286660745508,
                0.00276244899699 0.0020392284027 -0.00288312431265,
                0.00276244899699 0.00202288683675 -0.0028979040407,
                0.00276244899699 0.00200495550249 -0.0029108032809,
                0.00276244899699 0.00198567861973 -0.00292167867492,
                0.00276244899699 0.00196530040828 -0.0029303868644,
                0.00276244899699 0.00194406508796 -0.00293678449103,
                0.00276244899699 0.0019222168786 -0.00294072819645,
                -0.00263755100301 0.00192188902123 0.00294075427646,
                -0.00263755100301 0.00194350759234 0.00293688097299,
                -0.00263755100301 0.00196459815378 0.00293058631316,
                -0.00263755100301 0.00198490314603 0.0029220018982,
                -0.00263755100301 0.00200416500955 0.00291125932932,
                -0.00263755100301 0.0020221261848 0.00289849020776,
                -0.00263755100301 0.00203852911226 0.00288382613475,
                -0.00263755100301 0.00205311623238 0.00286739871151,
                -0.00263755100301 0.00206572040621 0.00284939484115,
                -0.00263755100301 0.00207631168249 0.00283009915213,
                -0.00263755100301 0.00208483828328 0.00280978983375,
                -0.00263755100301 0.00209124843062 0.00278874507528,
                -0.00263755100301 0.00209555194298 0.00276718668722,
                -0.00263755100301 0.00209808674273 0.00274526071944,
                -0.00263755100301 0.00209961171581 0.00270096423814,
                -0.00263755100301 0.00209822126272 0.00265643912735,
                -0.00263755100301 0.00209578134939 0.00263432300151,
                -0.00263755100301 0.00209158287724 0.00261260889655,
                -0.00263755100301 0.00208526230213 0.00259142383914,
                -0.00263755100301 0.00207680071237 0.00257095104172,
                -0.00263755100301 0.00206626848086 0.00255150308381,
                -0.00263755100301 0.00205373598051 0.00253339254492,
                -0.00263755100301 0.0020392284027 0.00251687568735,
                -0.00263755100301 0.00202288683675 0.0025020959593,
                -0.00263755100301 0.00200495550249 0.0024891967191,
                -0.00263755100301 0.00198567861973 0.00247832132508,
                -0.00263755100301 0.00196530040828 0.0024696131356,
                -0.00263755100301 0.00194406508796 0.00246321550897,
                -0.00263755100301 0.0019222168786 0.00245927180355,
                -0.00263755100301 0.00192188902123 -0.00245924572354,
                -0.00263755100301 0.00194350759234 -0.00246311902701,
                -0.00263755100301 0.00196459815378 -0.00246941368684,
                -0.00263755100301 0.00198490314603 -0.0024779981018,
                -0.00263755100301 0.00200416500955 -0.00248874067068,
                -0.00263755100301 0.0020221261848 -0.00250150979224,
                -0.00263755100301 0.00203852911226 -0.00251617386525,
                -0.00263755100301 0.00205311623238 -0.00253260128849,
                -0.00263755100301 0.00206572040621 -0.00255060515885,
                -0.00263755100301 0.00207631168249 -0.00256990084787,
                -0.00263755100301 0.00208483828328 -0.00259021016625,
                -0.00263755100301 0.00209124843062 -0.00261125492472,
                -0.00263755100301 0.00209555194298 -0.00263281331278,
                -0.00263755100301 0.00209808674273 -0.00265473928056,
                -0.00263755100301 0.00209961171581 -0.00269903576186,
                -0.00263755100301 0.00209822126272 -0.00274356087265,
                -0.00263755100301 0.00209578134939 -0.00276567699849,
                -0.00263755100301 0.00209158287724 -0.00278739110345,
                -0.00263755100301 0.00208526230213 -0.00280857616086,
                -0.00263755100301 0.00207680071237 -0.00282904895828,
                -0.00263755100301 0.00206626848086 -0.00284849691619,
                -0.00263755100301 0.00205373598051 -0.00286660745508,
                -0.00263755100301 0.0020392284027 -0.00288312431265,
                -0.00263755100301 0.00202288683675 -0.0028979040407,
                -0.00263755100301 0.00200495550249 -0.0029108032809,
                -0.00263755100301 0.00198567861973 -0.00292167867492,
                -0.00263755100301 0.00196530040828 -0.0029303868644,
                -0.00263755100301 0.00194406508796 -0.00293678449103,
                -0.00263755100301 0.0019222168786 -0.00294072819645,
                -0.0029954423259 -0.0018 0.0027520944533,
                -0.00298190778624 -0.0018 0.002802606043,
                -0.00295980762114 -0.0018 0.00285,
                -0.00292981333294 -0.0018 0.00289283628291,
                -0.00289283628291 -0.0018 0.00292981333294,
                -0.00285 -0.0018 0.00295980762114,
                -0.002802606043 -0.0018 0.00298190778624,
                -0.0027520944533 -0.0018 0.0029954423259,
                -0.0029954423259 0.0018 0.0027520944533,
                -0.00298190778624 0.0018 0.002802606043,
                -0.00295980762114 0.0018 0.00285,
                -0.00292981333294 0.0018 0.00289283628291,
                -0.00289283628291 0.0018 0.00292981333294,
                -0.00285 0.0018 0.00295980762114,
                -0.002802606043 0.0018 0.00298190778624,
                -0.0027520944533 0.0018 0.0029954423259,
                0.0027520944533 -0.0018 0.0029954423259,
                0.002802606043 -0.0018 0.00298190778624,
                0.00285 -0.0018 0.00295980762114,
                0.00289283628291 -0.0018 0.00292981333294,
                0.00292981333294 -0.0018 0.00289283628291,
                0.00295980762114 -0.0018 0.00285,
                0.00298190778624 -0.0018 0.002802606043,
                0.0029954423259 -0.0018 0.0027520944533,
                0.0027520944533 0.0018 0.0029954423259,
                0.002802606043 0.0018 0.00298190778624,
                0.00285 0.0018 0.00295980762114,
                0.00289283628291 0.0018 0.00292981333294,
                0.00292981333294 0.0018 0.00289283628291,
                0.00295980762114 0.0018 0.00285,
                0.00298190778624 0.0018 0.002802606043,
                0.0029954423259 0.0018 0.0027520944533,
                0.0029954423259 -0.0018 -0.0027520944533,
                0.00298190778624 -0.0018 -0.002802606043,
                0.00295980762114 -0.0018 -0.00285,
                0.00292981333294 -0.0018 -0.00289283628291,
                0.00289283628291 -0.0018 -0.00292981333294,
                0.00285 -0.0018 -0.00295980762114,
                0.002802606043 -0.0018 -0.00298190778624,
                0.0027520944533 -0.0018 -0.0029954423259,
                0.0029954423259 0.0018 -0.0027520944533,
                0.00298190778624 0.0018 -0.002802606043,
                0.00295980762114 0.0018 -0.00285,
                0.00292981333294 0.0018 -0.00289283628291,
                0.00289283628291 0.0018 -0.00292981333294,
                0.00285 0.0018 -0.00295980762114,
                0.002802606043 0.0018 -0.00298190778624,
                0.0027520944533 0.0018 -0.0029954423259,
                -0.0027520944533 -0.0018 -0.0029954423259,
                -0.002802606043 -0.0018 -0.00298190778624,
                -0.00285 -0.0018 -0.00295980762114,
                -0.00289283628291 -0.0018 -0.00292981333294,
                -0.00292981333294 -0.0018 -0.00289283628291,
                -0.00295980762114 -0.0018 -0.00285,
                -0.00298190778624 -0.0018 -0.002802606043,
                -0.0029954423259 -0.0018 -0.0027520944533,
                -0.0027520944533 0.0018 -0.0029954423259,
                -0.002802606043 0.0018 -0.00298190778624,
                -0.00285 0.0018 -0.00295980762114,
                -0.00289283628291 0.0018 -0.00292981333294,
                -0.00292981333294 0.0018 -0.00289283628291,
                -0.00295980762114 0.0018 -0.00285,
                -0.00298190778624 0.0018 -0.002802606043,
                -0.0029954423259 0.0018 -0.0027520944533,
                0.00265658795558 0.0018 0.00245379806175,
                0.00261449496417 0.0018 0.0024650768448,
                0.002575 0.0018 0.00248349364905,
                0.00253930309758 0.0018 0.00250848888922,
                0.00250848888922 0.0018 0.00253930309758,
                0.00248349364905 0.0018 0.002575,
                0.0024650768448 0.0018 0.00261449496417,
                0.00245379806175 0.0018 0.00265658795558,
                0.00245 0.0018 0.0027,
                0.00245379806175 0.0018 0.00274341204442,
                0.0024650768448 0.0018 0.00278550503583,
                0.00248349364905 0.0018 0.002825,
                0.00250848888922 0.0018 0.00286069690242,
                0.00253930309758 0.0018 0.00289151111078,
                0.002575 0.0018 0.00291650635095,
                0.00261449496417 0.0018 0.0029349231552,
                0.00265658795558 0.0018 0.00294620193825,
                -0.00274341204442 0.0018 0.00245379806175,
                -0.00278550503583 0.0018 0.0024650768448,
                -0.002825 0.0018 0.00248349364905,
                -0.00286069690242 0.0018 0.00250848888922,
                -0.00289151111078 0.0018 0.00253930309758,
                -0.00291650635095 0.0018 0.002575,
                -0.0029349231552 0.0018 0.00261449496417,
                -0.00294620193825 0.0018 0.00265658795558,
                -0.00295 0.0018 0.0027,
                -0.00294620193825 0.0018 0.00274341204442,
                -0.0029349231552 0.0018 0.00278550503583,
                -0.00291650635095 0.0018 0.002825,
                -0.00289151111078 0.0018 0.00286069690242,
                -0.00286069690242 0.0018 0.00289151111078,
                -0.002825 0.0018 0.00291650635095,
                -0.00278550503583 0.0018 0.0029349231552,
                -0.00274341204442 0.0018 0.00294620193825,
                0.00265658795558 0.0018 -0.00294620193825,
                0.00261449496417 0.0018 -0.0029349231552,
                0.002575 0.0018 -0.00291650635095,
                0.00253930309758 0.0018 -0.00289151111078,
                0.00250848888922 0.0018 -0.00286069690242,
                0.00248349364905 0.0018 -0.002825,
                0.0024650768448 0.0018 -0.00278550503583,
                0.00245379806175 0.0018 -0.00274341204442,
                0.00245 0.0018 -0.0027,
                0.00245379806175 0.0018 -0.00265658795558,
                0.0024650768448 0.0018 -0.00261449496417,
                0.00248349364905 0.0018 -0.002575,
                0.00250848888922 0.0018 -0.00253930309758,
                0.00253930309758 0.0018 -0.00250848888922,
                0.002575 0.0018 -0.00248349364905,
                0.00261449496417 0.0018 -0.0024650768448,
                0.00265658795558 0.0018 -0.00245379806175,
                -0.00274341204442 0.0018 -0.00294620193825,
                -0.00278550503583 0.0018 -0.0029349231552,
                -0.002825 0.0018 -0.00291650635095,
                -0.00286069690242 0.0018 -0.00289151111078,
                -0.00289151111078 0.0018 -0.00286069690242,
                -0.00291650635095 0.0018 -0.002825,
                -0.0029349231552 0.0018 -0.00278550503583,
                -0.00294620193825 0.0018 -0.00274341204442,
                -0.00295 0.0018 -0.0027,
                -0.00294620193825 0.0018 -0.00265658795558,
                -0.0029349231552 0.0018 -0.00261449496417,
                -0.00291650635095 0.0018 -0.002575,
                -0.00289151111078 0.0018 -0.00253930309758,
                -0.00286069690242 0.0018 -0.00250848888922,
                -0.002825 0.0018 -0.00248349364905,
                -0.00278550503583 0.0018 -0.0024650768448,
                -0.00274341204442 0.0018 -0.00245379806175,
                -0.000303884310917 0.0018 -0.00172341356777,
                -0.00059853525082 0.0018 -0.00164446208638,
                -0.000875 0.0018 -0.00151554445662,
                -0.00112487831695 0.0018 -0.00134057777546,
                -0.00134057777546 0.0018 -0.00112487831695,
                -0.00151554445662 0.0018 -0.000875,
                -0.00164446208638 0.0018 -0.00059853525082,
                -0.00172341356777 0.0018 -0.000303884310917,
                -0.00175 0.0018 -3.21469784776e-19,
                -0.00172341356777 0.0018 0.000303884310917,
                -0.00164446208638 0.0018 0.00059853525082,
                -0.00151554445662 0.0018 0.000875,
                -0.00134057777546 0.0018 0.00112487831695,
                -0.00112487831695 0.0018 0.00134057777546,
                -0.000875 0.0018 0.00151554445662,
                -0.00059853525082 0.0018 0.00164446208638,
                -0.000303884310917 0.0018 0.00172341356777,
                -0.000303884310917 0.0027 0.00172341356777,
                -0.00059853525082 0.0027 0.00164446208638,
                -0.000875 0.0027 0.00151554445662,
                -0.00112487831695 0.0027 0.00134057777546,
                -0.00134057777546 0.0027 0.00112487831695,
                -0.00151554445662 0.0027 0.000875,
                -0.00164446208638 0.0027 0.00059853525082,
                -0.00172341356777 0.0027 0.000303884310917,
                -0.00175 0.0027 1.07156594925e-19,
                -0.00172341356777 0.0027 -0.000303884310917,
                -0.00164446208638 0.0027 -0.00059853525082,
                -0.00151554445662 0.0027 -0.000875,
                -0.00134057777546 0.0027 -0.00112487831695,
                -0.00112487831695 0.0027 -0.00134057777546,
                -0.000875 0.0027 -0.00151554445662,
                -0.00059853525082 0.0027 -0.00164446208638,
                -0.000303884310917 0.0027 -0.00172341356777,
                -0.000217060222084 0.0032 -0.00123100969127,
                -0.000427525179157 0.0032 -0.00117461577598,
                -0.000625 0.0032 -0.00108253175473,
                -0.000803484512108 0.0032 -0.000957555553899,
                -0.000957555553899 0.0032 -0.000803484512108,
                -0.00108253175473 0.0032 -0.000625,
                -0.00117461577598 0.0032 -0.000427525179157,
                -0.00123100969127 0.0032 -0.000217060222084,
                -0.00125 0.0032 -2.2962127484e-19,
                -0.00123100969127 0.0032 0.000217060222084,
                -0.00117461577598 0.0032 0.000427525179157,
                -0.00108253175473 0.0032 0.000625,
                -0.000957555553899 0.0032 0.000803484512108,
                -0.000803484512108 0.0032 0.000957555553899,
                -0.000625 0.0032 0.00108253175473,
                -0.000427525179157 0.0032 0.00117461577598,
                -0.000217060222084 0.0032 0.00123100969127,
                -0.00273147494573 0.0019 -0.00245198925872,
                -0.00280131435784 0.0019 -0.0024714493472,
                -0.00283743464423 0.0019 -0.00249116581083,
                -0.00286983119054 0.0019 -0.00251654055838,
                -0.00289762622453 0.0019 -0.0025468860706,
                -0.0029200666502 0.0019 -0.00258138014723,
                -0.00293654445262 0.0019 -0.00261908818422,
                -0.00294661317195 0.0019 -0.00265898849647,
                -0.00295 0.0019 -0.0027,
                -0.00294661317195 0.0019 -0.00274101150353,
                -0.00293654445262 0.0019 -0.00278091181578,
                -0.0029200666502 0.0019 -0.00281861985277,
                -0.00289762622453 0.0019 -0.0028531139294,
                -0.00286983119054 0.0019 -0.00288345944162,
                -0.00283743464423 0.0019 -0.00290883418917,
                -0.00280131435784 0.0019 -0.0029285506528,
                -0.00273147494573 0.0019 -0.00294801074128,
                0.00266852505427 0.0019 -0.00245198925872,
                0.00259868564216 0.0019 -0.0024714493472,
                0.00256256535577 0.0019 -0.00249116581083,
                0.00253016880946 0.0019 -0.00251654055838,
                0.00250237377547 0.0019 -0.0025468860706,
                0.0024799333498 0.0019 -0.00258138014723,
                0.00246345554738 0.0019 -0.00261908818422,
                0.00245338682805 0.0019 -0.00265898849647,
                0.00245 0.0019 -0.0027,
                0.00245338682805 0.0019 -0.00274101150353,
                0.00246345554738 0.0019 -0.00278091181578,
                0.0024799333498 0.0019 -0.00281861985277,
                0.00250237377547 0.0019 -0.0028531139294,
                0.00253016880946 0.0019 -0.00288345944162,
                0.00256256535577 0.0019 -0.00290883418917,
                0.00259868564216 0.0019 -0.0029285506528,
                0.00266852505427 0.0019 -0.00294801074128,
                -0.00273147494573 0.0019 0.00294801074128,
                -0.00280131435784 0.0019 0.0029285506528,
                -0.00283743464423 0.0019 0.00290883418917,
                -0.00286983119054 0.0019 0.00288345944162,
                -0.00289762622453 0.0019 0.0028531139294,
                -0.0029200666502 0.0019 0.00281861985277,
                -0.00293654445262 0.0019 0.00278091181578,
                -0.00294661317195 0.0019 0.00274101150353,
                -0.00295 0.0019 0.0027,
                -0.00294661317195 0.0019 0.00265898849647,
                -0.00293654445262 0.0019 0.00261908818422,
                -0.0029200666502 0.0019 0.00258138014723,
                -0.00289762622453 0.0019 0.0025468860706,
                -0.00286983119054 0.0019 0.00251654055838,
                -0.00283743464423 0.0019 0.00249116581083,
                -0.00280131435784 0.0019 0.0024714493472,
                -0.00273147494573 0.0019 0.00245198925872,
                0.00266852505427 0.0019 0.00294801074128,
                0.00259868564216 0.0019 0.0029285506528,
                0.00256256535577 0.0019 0.00290883418917,
                0.00253016880946 0.0019 0.00288345944162,
                0.00250237377547 0.0019 0.0028531139294,
                0.0024799333498 0.0019 0.00281861985277,
                0.00246345554738 0.0019 0.00278091181578,
                0.00245338682805 0.0019 0.00274101150353,
                0.00245 0.0019 0.0027,
                0.00245338682805 0.0019 0.00265898849647,
                0.00246345554738 0.0019 0.00261908818422,
                0.0024799333498 0.0019 0.00258138014723,
                0.00250237377547 0.0019 0.0025468860706,
                0.00253016880946 0.0019 0.00251654055838,
                0.00256256535577 0.0019 0.00249116581083,
                0.00259868564216 0.0019 0.0024714493472,
                0.00266852505427 0.0019 0.00245198925872,
                0.00263755100301 0.00192188902123 0.00245924572354,
                0.00263755100301 0.00194350759234 0.00246311902701,
                0.00263755100301 0.00196459815378 0.00246941368684,
                0.00263755100301 0.00198490314603 0.0024779981018,
                0.00263755100301 0.00200416500955 0.00248874067068,
                0.00263755100301 0.0020221261848 0.00250150979224,
                0.00263755100301 0.00203852911226 0.00251617386525,
                0.00263755100301 0.00205311623238 0.00253260128849,
                0.00263755100301 0.00206572040621 0.00255060515885,
                0.00263755100301 0.00207631168249 0.00256990084787,
                0.00263755100301 0.00208483828328 0.00259021016625,
                0.00263755100301 0.00209124843062 0.00261125492472,
                0.00263755100301 0.00209555194298 0.00263281331278,
                0.00263755100301 0.00209808674273 0.00265473928056,
                0.00263755100301 0.00209961171581 0.00269903576186,
                0.00263755100301 0.00209822126272 0.00274356087265,
                0.00263755100301 0.00209578134939 0.00276567699849,
                0.00263755100301 0.00209158287724 0.00278739110345,
                0.00263755100301 0.00208526230213 0.00280857616086,
                0.00263755100301 0.00207680071237 0.00282904895828,
                0.00263755100301 0.00206626848086 0.00284849691619,
                0.00263755100301 0.00205373598051 0.00286660745508,
                0.00263755100301 0.0020392284027 0.00288312431265,
                0.00263755100301 0.00202288683675 0.0028979040407,
                0.00263755100301 0.00200495550249 0.0029108032809,
                0.00263755100301 0.00198567861973 0.00292167867492,
                0.00263755100301 0.00196530040828 0.0029303868644,
                0.00263755100301 0.00194406508796 0.00293678449103,
                0.00263755100301 0.0019222168786 0.00294072819645,
                0.00263755100301 0.00192188902123 -0.00294075427646,
                0.00263755100301 0.00194350759234 -0.00293688097299,
                0.00263755100301 0.00196459815378 -0.00293058631316,
                0.00263755100301 0.00198490314603 -0.0029220018982,
                0.00263755100301 0.00200416500955 -0.00291125932932,
                0.00263755100301 0.0020221261848 -0.00289849020776,
                0.00263755100301 0.00203852911226 -0.00288382613475,
                0.00263755100301 0.00205311623238 -0.00286739871151,
                0.00263755100301 0.00206572040621 -0.00284939484115,
                0.00263755100301 0.00207631168249 -0.00283009915213,
                0.00263755100301 0.00208483828328 -0.00280978983375,
                0.00263755100301 0.00209124843062 -0.00278874507528,
                0.00263755100301 0.00209555194298 -0.00276718668722,
                0.00263755100301 0.00209808674273 -0.00274526071944,
                0.00263755100301 0.00209961171581 -0.00270096423814,
                0.00263755100301 0.00209822126272 -0.00265643912735,
                0.00263755100301 0.00209578134939 -0.00263432300151,
                0.00263755100301 0.00209158287724 -0.00261260889655,
                0.00263755100301 0.00208526230213 -0.00259142383914,
                0.00263755100301 0.00207680071237 -0.00257095104172,
                0.00263755100301 0.00206626848086 -0.00255150308381,
                0.00263755100301 0.00205373598051 -0.00253339254492,
                0.00263755100301 0.0020392284027 -0.00251687568735,
                0.00263755100301 0.00202288683675 -0.0025020959593,
                0.00263755100301 0.00200495550249 -0.0024891967191,
                0.00263755100301 0.00198567861973 -0.00247832132508,
                0.00263755100301 0.00196530040828 -0.0024696131356,
                0.00263755100301 0.00194406508796 -0.00246321550897,
                0.00263755100301 0.0019222168786 -0.00245927180355,
                -0.00276244899699 0.00192188902123 0.00245924572354,
                -0.00276244899699 0.00194350759234 0.00246311902701,
                -0.00276244899699 0.00196459815378 0.00246941368684,
                -0.00276244899699 0.00198490314603 0.0024779981018,
                -0.00276244899699 0.00200416500955 0.00248874067068,
                -0.00276244899699 0.0020221261848 0.00250150979224,
                -0.00276244899699 0.00203852911226 0.00251617386525,
                -0.00276244899699 0.00205311623238 0.00253260128849,
                -0.00276244899699 0.00206572040621 0.00255060515885,
                -0.00276244899699 0.00207631168249 0.00256990084787,
                -0.00276244899699 0.00208483828328 0.00259021016625,
                -0.00276244899699 0.00209124843062 0.00261125492472,
                -0.00276244899699 0.00209555194298 0.00263281331278,
                -0.00276244899699 0.00209808674273 0.00265473928056,
                -0.00276244899699 0.00209961171581 0.00269903576186,
                -0.00276244899699 0.00209822126272 0.00274356087265,
                -0.00276244899699 0.00209578134939 0.00276567699849,
                -0.00276244899699 0.00209158287724 0.00278739110345,
                -0.00276244899699 0.00208526230213 0.00280857616086,
                -0.00276244899699 0.00207680071237 0.00282904895828,
                -0.00276244899699 0.00206626848086 0.00284849691619,
                -0.00276244899699 0.00205373598051 0.00286660745508,
                -0.00276244899699 0.0020392284027 0.00288312431265,
                -0.00276244899699 0.00202288683675 0.0028979040407,
                -0.00276244899699 0.00200495550249 0.0029108032809,
                -0.00276244899699 0.00198567861973 0.00292167867492,
                -0.00276244899699 0.00196530040828 0.0029303868644,
                -0.00276244899699 0.00194406508796 0.00293678449103,
                -0.00276244899699 0.0019222168786 0.00294072819645,
                -0.00276244899699 0.00192188902123 -0.00294075427646,
                -0.00276244899699 0.00194350759234 -0.00293688097299,
                -0.00276244899699 0.00196459815378 -0.00293058631316,
                -0.00276244899699 0.00198490314603 -0.0029220018982,
                -0.00276244899699 0.00200416500955 -0.00291125932932,
                -0.00276244899699 0.0020221261848 -0.00289849020776,
                -0.00276244899699 0.00203852911226 -0.00288382613475,
                -0.00276244899699 0.00205311623238 -0.00286739871151,
                -0.00276244899699 0.00206572040621 -0.00284939484115,
                -0.00276244899699 0.00207631168249 -0.00283009915213,
                -0.00276244899699 0.00208483828328 -0.00280978983375,
                -0.00276244899699 0.00209124843062 -0.00278874507528,
                -0.00276244899699 0.00209555194298 -0.00276718668722,
                -0.00276244899699 0.00209808674273 -0.00274526071944,
                -0.00276244899699 0.00209961171581 -0.00270096423814,
                -0.00276244899699 0.00209822126272 -0.00265643912735,
                -0.00276244899699 0.00209578134939 -0.00263432300151,
                -0.00276244899699 0.00209158287724 -0.00261260889655,
                -0.00276244899699 0.00208526230213 -0.00259142383914,
                -0.00276244899699 0.00207680071237 -0.00257095104172,
                -0.00276244899699 0.00206626848086 -0.00255150308381,
                -0.00276244899699 0.00205373598051 -0.00253339254492,
                -0.00276244899699 0.0020392284027 -0.00251687568735,
                -0.00276244899699 0.00202288683675 -0.0025020959593,
                -0.00276244899699 0.00200495550249 -0.0024891967191,
                -0.00276244899699 0.00198567861973 -0.00247832132508,
                -0.00276244899699 0.00196530040828 -0.0024696131356,
                -0.00276244899699 0.00194406508796 -0.00246321550897,
                -0.00276244899699 0.0019222168786 -0.00245927180355,
                0.000262893019392 0.0031903926402 -0.0013216524586,
                0.000281191819545 0.00316193976626 -0.00141364673926,
                0.000298056090351 0.00311573480615 -0.00149842915389,
                0.000312837747341 0.00305355339059 -0.00157274156183,
                0.000324968739726 0.00297778511651 -0.00163372817893,
                0.000333982880271 0.00289134171618 -0.00167904532368,
                0.000339533760611 0.00279754516101 -0.00170695148363,
                0.000666019429215 0.00279754516101 -0.00160791313882,
                0.000966910344662 0.00279754516101 -0.0014470835938,
                0.00123064343781 0.00279754516101 -0.00123064343781,
                0.0014470835938 0.00279754516101 -0.000966910344662,
                0.00160791313882 0.00279754516101 -0.000666019429215,
                0.00170695148363 0.00279754516101 -0.000339533760611,
                0.0017403926402 0.00279754516101 0,
                0.00170695148363 0.00279754516101 0.000339533760611,
                0.00160791313882 0.00279754516101 0.000666019429215,
                0.0014470835938 0.00279754516101 0.000966910344662,
                0.00123064343781 0.00279754516101 0.00123064343781,
                0.000966910344662 0.00279754516101 0.0014470835938,
                0.000666019429215 0.00279754516101 0.00160791313882,
                0.000339533760611 0.00279754516101 0.00170695148363,
                0.000333982880271 0.00289134171618 0.00167904532368,
                0.000324968739726 0.00297778511651 0.00163372817893,
                0.000312837747341 0.00305355339059 0.00157274156183,
                0.000298056090351 0.00311573480615 0.00149842915389,
                0.000281191819545 0.00316193976626 0.00141364673926,
                0.000262893019392 0.0031903926402 0.0013216524586,
                0.000515683207482 0.0031903926402 0.00124496939339,
                0.000748655979106 0.0031903926402 0.00112044285258,
                0.000952858321304 0.0031903926402 0.000952858321304,
                0.00112044285258 0.0031903926402 0.000748655979106,
                0.00124496939339 0.0031903926402 0.000515683207482,
                0.0013216524586 0.0031903926402 0.000262893019392,
                0.00134754516101 0.0031903926402 0,
                0.0013216524586 0.0031903926402 -0.000262893019392,
                0.00124496939339 0.0031903926402 -0.000515683207482,
                0.00112044285258 0.0031903926402 -0.000748655979106,
                0.000952858321304 0.0031903926402 -0.000952858321304,
                0.000748655979106 0.0031903926402 -0.00112044285258,
                0.000515683207482 0.0031903926402 -0.00124496939339,
                0.000655130985753 0.00289134171618 0.00158162611094,
                0.000951102774854 0.00289134171618 0.00142342589373,
                0.0012105242177 0.00289134171618 0.0012105242177,
                0.000637449113028 0.00297778511651 0.00153893829399,
                0.000613653315493 0.00305355339059 0.00148149015686,
                0.000925432674402 0.00297778511651 0.00138500787347,
                0.00117785237709 0.00297778511651 0.00117785237709,
                0.000890886530871 0.00305355339059 0.00133330591598,
                0.00113388347648 0.00305355339059 0.00113388347648,
                0.00142342589373 0.00289134171618 0.000951102774854,
                0.00158162611094 0.00289134171618 0.000655130985753,
                0.00167904532368 0.00289134171618 0.000333982880271,
                0.00171193976626 0.00289134171618 0,
                0.00138500787347 0.00297778511651 0.000925432674402,
                0.00153893829399 0.00297778511651 0.000637449113028,
                0.00133330591598 0.00305355339059 0.000890886530871,
                0.00148149015686 0.00305355339059 0.000613653315493,
                0.00163372817893 0.00297778511651 0.000324968739726,
                0.00166573480615 0.00297778511651 0,
                0.00157274156183 0.00305355339059 0.000312837747341,
                0.00160355339059 0.00305355339059 0,
                0.000584658052302 0.00311573480615 0.00141148939922,
                0.00055157759516 0.00316193976626 0.00133162611094,
                0.000848791933183 0.00311573480615 0.00127030689851,
                0.00108030721608 0.00311573480615 0.00108030721608,
                0.00080076655312 0.00316193976626 0.00119843183795,
                0.00101918250152 0.00316193976626 0.00101918250152,
                0.00127030689851 0.00311573480615 0.000848791933183,
                0.00141148939922 0.00311573480615 0.000584658052302,
                0.00119843183795 0.00316193976626 0.00080076655312,
                0.00133162611094 0.00316193976626 0.00055157759516,
                0.00149842915389 0.00311573480615 0.000298056090351,
                0.00152778511651 0.00311573480615 0,
                0.00141364673926 0.00316193976626 0.000281191819545,
                0.00144134171618 0.00316193976626 0,
                0.00167904532368 0.00289134171618 -0.000333982880271,
                0.00158162611094 0.00289134171618 -0.000655130985753,
                0.00142342589373 0.00289134171618 -0.000951102774854,
                0.0012105242177 0.00289134171618 -0.0012105242177,
                0.00163372817893 0.00297778511651 -0.000324968739726,
                0.00153893829399 0.00297778511651 -0.000637449113028,
                0.00157274156183 0.00305355339059 -0.000312837747341,
                0.00148149015686 0.00305355339059 -0.000613653315493,
                0.00138500787347 0.00297778511651 -0.000925432674402,
                0.00117785237709 0.00297778511651 -0.00117785237709,
                0.00133330591598 0.00305355339059 -0.000890886530871,
                0.00113388347648 0.00305355339059 -0.00113388347648,
                0.000951102774854 0.00289134171618 -0.00142342589373,
                0.000655130985753 0.00289134171618 -0.00158162611094,
                0.000925432674402 0.00297778511651 -0.00138500787347,
                0.000637449113028 0.00297778511651 -0.00153893829399,
                0.000890886530871 0.00305355339059 -0.00133330591598,
                0.000613653315493 0.00305355339059 -0.00148149015686,
                0.00149842915389 0.00311573480615 -0.000298056090351,
                0.00141148939922 0.00311573480615 -0.000584658052302,
                0.00141364673926 0.00316193976626 -0.000281191819545,
                0.00133162611094 0.00316193976626 -0.00055157759516,
                0.00127030689851 0.00311573480615 -0.000848791933183,
                0.00108030721608 0.00311573480615 -0.00108030721608,
                0.00119843183795 0.00316193976626 -0.00080076655312,
                0.00101918250152 0.00316193976626 -0.00101918250152,
                0.000848791933183 0.00311573480615 -0.00127030689851,
                0.000584658052302 0.00311573480615 -0.00141148939922,
                0.00080076655312 0.00316193976626 -0.00119843183795,
                0.00055157759516 0.00316193976626 -0.00133162611094,
                0.00282781606269 0.00208099792554 0.00265627955083,
                0.00280678671862 0.00208099792554 0.00261726536225,
                0.00283241394915 0.00206184081152 0.00259741027483,
                0.00285474833442 0.00203694654407 0.00258010636945,
                0.00280761619485 0.00203694654407 0.00253647543224,
                0.00282030760167 0.00200719760909 0.00251719063205,
                0.00282970857491 0.00197364858731 0.00250290569949,
                0.00283548585607 0.00193748877014 0.00249412702629,
                0.00289482393515 0.00193748877014 0.00254905718701,
                0.0029331903127 0.00193748877014 0.0026202354931,
                0.00294645506385 0.00193748877014 0.0027,
                0.0029331903127 0.00193748877014 0.0027797645069,
                0.00289482393515 0.00193748877014 0.00285094281299,
                0.00283548585607 0.00193748877014 0.00290587297371,
                0.00282970857491 0.00197364858731 0.00289709430051,
                0.00282030760167 0.00200719760909 0.00288280936795,
                0.00280761619485 0.00203694654407 0.00286352456776,
                0.00285474833442 0.00203694654407 0.00281989363055,
                0.00283241394915 0.00206184081152 0.00280258972517,
                0.00280678671862 0.00208099792554 0.00278273463775,
                0.00282781606269 0.00208099792554 0.00274372044917,
                0.00279428817327 0.00209373877867 0.00273225198148,
                0.00279965164288 0.00209373877867 0.0027,
                0.00279428817327 0.00209373877867 0.00266774801852,
                0.00279208425671 0.00206184081152 0.00283992353378,
                0.00277426238454 0.00208099792554 0.00281284290762,
                0.0027787751118 0.00209373877867 0.00276103221845,
                0.0027787751118 0.00209373877867 0.00263896778155,
                0.00279208425671 0.00206184081152 0.00256007646622,
                0.00277426238454 0.00208099792554 0.00258715709238,
                0.00288651640635 0.00197364858731 0.00284450642845,
                0.00287299813475 0.00200719760909 0.00283403294149,
                0.00292324679506 0.00197364858731 0.00277636325162,
                0.00293594592114 0.00197364858731 0.0027,
                0.00290706639104 0.00200719760909 0.00277082862228,
                0.00288522268564 0.00203694654407 0.00276335681794,
                0.00291884511425 0.00200719760909 0.0027,
                0.00289575885588 0.00203694654407 0.0027,
                0.00285849002426 0.00206184081152 0.0027542127093,
                0.00286750553913 0.00206184081152 0.0027,
                0.00283508672606 0.00208099792554 0.0027,
                0.00292324679506 0.00197364858731 0.00262363674838,
                0.00288651640635 0.00197364858731 0.00255549357155,
                0.00290706639104 0.00200719760909 0.00262917137772,
                0.00288522268564 0.00203694654407 0.00263664318206,
                0.00287299813475 0.00200719760909 0.00256596705851,
                0.00285849002426 0.00206184081152 0.0026457872907,
                0.00282781606269 0.00208099792554 -0.00274372044917,
                0.00280678671862 0.00208099792554 -0.00278273463775,
                0.00283241394915 0.00206184081152 -0.00280258972517,
                0.00285474833442 0.00203694654407 -0.00281989363055,
                0.00280761619485 0.00203694654407 -0.00286352456776,
                0.00282030760167 0.00200719760909 -0.00288280936795,
                0.00282970857491 0.00197364858731 -0.00289709430051,
                0.00283548585607 0.00193748877014 -0.00290587297371,
                0.00289482393515 0.00193748877014 -0.00285094281299,
                0.0029331903127 0.00193748877014 -0.0027797645069,
                0.00294645506385 0.00193748877014 -0.0027,
                0.0029331903127 0.00193748877014 -0.0026202354931,
                0.00289482393515 0.00193748877014 -0.00254905718701,
                0.00283548585607 0.00193748877014 -0.00249412702629,
                0.00282970857491 0.00197364858731 -0.00250290569949,
                0.00282030760167 0.00200719760909 -0.00251719063205,
                0.00280761619485 0.00203694654407 -0.00253647543224,
                0.00285474833442 0.00203694654407 -0.00258010636945,
                0.00283241394915 0.00206184081152 -0.00259741027483,
                0.00280678671862 0.00208099792554 -0.00261726536225,
                0.00282781606269 0.00208099792554 -0.00265627955083,
                0.00279428817327 0.00209373877867 -0.00266774801852,
                0.00279965164288 0.00209373877867 -0.0027,
                0.00279428817327 0.00209373877867 -0.00273225198148,
                0.00279208425671 0.00206184081152 -0.00256007646622,
                0.00277426238454 0.00208099792554 -0.00258715709238,
                0.0027787751118 0.00209373877867 -0.00263896778155,
                0.0027787751118 0.00209373877867 -0.00276103221845,
                0.00279208425671 0.00206184081152 -0.00283992353378,
                0.00277426238454 0.00208099792554 -0.00281284290762,
                0.00288651640635 0.00197364858731 -0.00255549357155,
                0.00287299813475 0.00200719760909 -0.00256596705851,
                0.00292324679506 0.00197364858731 -0.00262363674838,
                0.00293594592114 0.00197364858731 -0.0027,
                0.00290706639104 0.00200719760909 -0.00262917137772,
                0.00288522268564 0.00203694654407 -0.00263664318206,
                0.00291884511425 0.00200719760909 -0.0027,
                0.00289575885588 0.00203694654407 -0.0027,
                0.00285849002426 0.00206184081152 -0.0026457872907,
                0.00286750553913 0.00206184081152 -0.0027,
                0.00283508672606 0.00208099792554 -0.0027,
                0.00292324679506 0.00197364858731 -0.00277636325162,
                0.00288651640635 0.00197364858731 -0.00284450642845,
                0.00290706639104 0.00200719760909 -0.00277082862228,
                0.00288522268564 0.00203694654407 -0.00276335681794,
                0.00287299813475 0.00200719760909 -0.00283403294149,
                0.00285849002426 0.00206184081152 -0.0027542127093,
                -0.00257218393731 0.00208099792554 0.00265627955083,
                -0.00259321328138 0.00208099792554 0.00261726536225,
                -0.00256758605085 0.00206184081152 0.00259741027483,
                -0.00254525166558 0.00203694654407 0.00258010636945,
                -0.00259238380515 0.00203694654407 0.00253647543224,
                -0.00257969239833 0.00200719760909 0.00251719063205,
                -0.00257029142509 0.00197364858731 0.00250290569949,
                -0.00256451414393 0.00193748877014 0.00249412702629,
                -0.00250517606485 0.00193748877014 0.00254905718701,
                -0.0024668096873 0.00193748877014 0.0026202354931,
                -0.00245354493615 0.00193748877014 0.0027,
                -0.0024668096873 0.00193748877014 0.0027797645069,
                -0.00250517606485 0.00193748877014 0.00285094281299,
                -0.00256451414393 0.00193748877014 0.00290587297371,
                -0.00257029142509 0.00197364858731 0.00289709430051,
                -0.00257969239833 0.00200719760909 0.00288280936795,
                -0.00259238380515 0.00203694654407 0.00286352456776,
                -0.00254525166558 0.00203694654407 0.00281989363055,
                -0.00256758605085 0.00206184081152 0.00280258972517,
                -0.00259321328138 0.00208099792554 0.00278273463775,
                -0.00257218393731 0.00208099792554 0.00274372044917,
                -0.00260571182673 0.00209373877867 0.00273225198148,
                -0.00260034835712 0.00209373877867 0.0027,
                -0.00260571182673 0.00209373877867 0.00266774801852,
                -0.00260791574329 0.00206184081152 0.00283992353378,
                -0.00262573761546 0.00208099792554 0.00281284290762,
                -0.0026212248882 0.00209373877867 0.00276103221845,
                -0.0026212248882 0.00209373877867 0.00263896778155,
                -0.00260791574329 0.00206184081152 0.00256007646622,
                -0.00262573761546 0.00208099792554 0.00258715709238,
                -0.00251348359365 0.00197364858731 0.00284450642845,
                -0.00252700186525 0.00200719760909 0.00283403294149,
                -0.00247675320494 0.00197364858731 0.00277636325162,
                -0.00246405407886 0.00197364858731 0.0027,
                -0.00249293360896 0.00200719760909 0.00277082862228,
                -0.00251477731436 0.00203694654407 0.00276335681794,
                -0.00248115488575 0.00200719760909 0.0027,
                -0.00250424114412 0.00203694654407 0.0027,
                -0.00254150997574 0.00206184081152 0.0027542127093,
                -0.00253249446087 0.00206184081152 0.0027,
                -0.00256491327394 0.00208099792554 0.0027,
                -0.00247675320494 0.00197364858731 0.00262363674838,
                -0.00251348359365 0.00197364858731 0.00255549357155,
                -0.00249293360896 0.00200719760909 0.00262917137772,
                -0.00251477731436 0.00203694654407 0.00263664318206,
                -0.00252700186525 0.00200719760909 0.00256596705851,
                -0.00254150997574 0.00206184081152 0.0026457872907,
                -0.00257218393731 0.00208099792554 -0.00274372044917,
                -0.00259321328138 0.00208099792554 -0.00278273463775,
                -0.00256758605085 0.00206184081152 -0.00280258972517,
                -0.00254525166558 0.00203694654407 -0.00281989363055,
                -0.00259238380515 0.00203694654407 -0.00286352456776,
                -0.00257969239833 0.00200719760909 -0.00288280936795,
                -0.00257029142509 0.00197364858731 -0.00289709430051,
                -0.00256451414393 0.00193748877014 -0.00290587297371,
                -0.00250517606485 0.00193748877014 -0.00285094281299,
                -0.0024668096873 0.00193748877014 -0.0027797645069,
                -0.00245354493615 0.00193748877014 -0.0027,
                -0.0024668096873 0.00193748877014 -0.0026202354931,
                -0.00250517606485 0.00193748877014 -0.00254905718701,
                -0.00256451414393 0.00193748877014 -0.00249412702629,
                -0.00257029142509 0.00197364858731 -0.00250290569949,
                -0.00257969239833 0.00200719760909 -0.00251719063205,
                -0.00259238380515 0.00203694654407 -0.00253647543224,
                -0.00254525166558 0.00203694654407 -0.00258010636945,
                -0.00256758605085 0.00206184081152 -0.00259741027483,
                -0.00259321328138 0.00208099792554 -0.00261726536225,
                -0.00257218393731 0.00208099792554 -0.00265627955083,
                -0.00260571182673 0.00209373877867 -0.00266774801852,
                -0.00260034835712 0.00209373877867 -0.0027,
                -0.00260571182673 0.00209373877867 -0.00273225198148,
                -0.00260791574329 0.00206184081152 -0.00256007646622,
                -0.00262573761546 0.00208099792554 -0.00258715709238,
                -0.0026212248882 0.00209373877867 -0.00263896778155,
                -0.0026212248882 0.00209373877867 -0.00276103221845,
                -0.00260791574329 0.00206184081152 -0.00283992353378,
                -0.00262573761546 0.00208099792554 -0.00281284290762,
                -0.00251348359365 0.00197364858731 -0.00255549357155,
                -0.00252700186525 0.00200719760909 -0.00256596705851,
                -0.00247675320494 0.00197364858731 -0.00262363674838,
                -0.00246405407886 0.00197364858731 -0.0027,
                -0.00249293360896 0.00200719760909 -0.00262917137772,
                -0.00251477731436 0.00203694654407 -0.00263664318206,
                -0.00248115488575 0.00200719760909 -0.0027,
                -0.00250424114412 0.00203694654407 -0.0027,
                -0.00254150997574 0.00206184081152 -0.0026457872907,
                -0.00253249446087 0.00206184081152 -0.0027,
                -0.00256491327394 0.00208099792554 -0.0027,
                -0.00247675320494 0.00197364858731 -0.00277636325162,
                -0.00251348359365 0.00197364858731 -0.00284450642845,
                -0.00249293360896 0.00200719760909 -0.00277082862228,
                -0.00251477731436 0.00203694654407 -0.00276335681794,
                -0.00252700186525 0.00200719760909 -0.00283403294149,
                -0.00254150997574 0.00206184081152 -0.0027542127093,
                -0.000262893019392 0.0031903926402 0.0013216524586,
                -0.000281191819545 0.00316193976626 0.00141364673926,
                -0.000298056090351 0.00311573480615 0.00149842915389,
                -0.000312837747341 0.00305355339059 0.00157274156183,
                -0.000324968739726 0.00297778511651 0.00163372817893,
                -0.000333982880271 0.00289134171618 0.00167904532368,
                -0.000339533760611 0.00279754516101 0.00170695148363,
                -0.000666019429215 0.00279754516101 0.00160791313882,
                -0.000966910344662 0.00279754516101 0.0014470835938,
                -0.00123064343781 0.00279754516101 0.00123064343781,
                -0.0014470835938 0.00279754516101 0.000966910344662,
                -0.00160791313882 0.00279754516101 0.000666019429215,
                -0.00170695148363 0.00279754516101 0.000339533760611,
                -0.0017403926402 0.00279754516101 0,
                -0.00170695148363 0.00279754516101 -0.000339533760611,
                -0.00160791313882 0.00279754516101 -0.000666019429215,
                -0.0014470835938 0.00279754516101 -0.000966910344662,
                -0.00123064343781 0.00279754516101 -0.00123064343781,
                -0.000966910344662 0.00279754516101 -0.0014470835938,
                -0.000666019429215 0.00279754516101 -0.00160791313882,
                -0.000339533760611 0.00279754516101 -0.00170695148363,
                -0.000333982880271 0.00289134171618 -0.00167904532368,
                -0.000324968739726 0.00297778511651 -0.00163372817893,
                -0.000312837747341 0.00305355339059 -0.00157274156183,
                -0.000298056090351 0.00311573480615 -0.00149842915389,
                -0.000281191819545 0.00316193976626 -0.00141364673926,
                -0.000262893019392 0.0031903926402 -0.0013216524586,
                -0.000515683207482 0.0031903926402 -0.00124496939339,
                -0.000748655979106 0.0031903926402 -0.00112044285258,
                -0.000952858321304 0.0031903926402 -0.000952858321304,
                -0.00112044285258 0.0031903926402 -0.000748655979106,
                -0.00124496939339 0.0031903926402 -0.000515683207482,
                -0.0013216524586 0.0031903926402 -0.000262893019392,
                -0.00134754516101 0.0031903926402 0,
                -0.0013216524586 0.0031903926402 0.000262893019392,
                -0.00124496939339 0.0031903926402 0.000515683207482,
                -0.00112044285258 0.0031903926402 0.000748655979106,
                -0.000952858321304 0.0031903926402 0.000952858321304,
                -0.000748655979106 0.0031903926402 0.00112044285258,
                -0.000515683207482 0.0031903926402 0.00124496939339,
                -0.000655130985753 0.00289134171618 -0.00158162611094,
                -0.000951102774854 0.00289134171618 -0.00142342589373,
                -0.0012105242177 0.00289134171618 -0.0012105242177,
                -0.000637449113028 0.00297778511651 -0.00153893829399,
                -0.000613653315493 0.00305355339059 -0.00148149015686,
                -0.000925432674402 0.00297778511651 -0.00138500787347,
                -0.00117785237709 0.00297778511651 -0.00117785237709,
                -0.000890886530871 0.00305355339059 -0.00133330591598,
                -0.00113388347648 0.00305355339059 -0.00113388347648,
                -0.00142342589373 0.00289134171618 -0.000951102774854,
                -0.00158162611094 0.00289134171618 -0.000655130985753,
                -0.00167904532368 0.00289134171618 -0.000333982880271,
                -0.00171193976626 0.00289134171618 0,
                -0.00138500787347 0.00297778511651 -0.000925432674402,
                -0.00153893829399 0.00297778511651 -0.000637449113028,
                -0.00133330591598 0.00305355339059 -0.000890886530871,
                -0.00148149015686 0.00305355339059 -0.000613653315493,
                -0.00163372817893 0.00297778511651 -0.000324968739726,
                -0.00166573480615 0.00297778511651 0,
                -0.00157274156183 0.00305355339059 -0.000312837747341,
                -0.00160355339059 0.00305355339059 0,
                -0.000584658052302 0.00311573480615 -0.00141148939922,
                -0.00055157759516 0.00316193976626 -0.00133162611094,
                -0.000848791933183 0.00311573480615 -0.00127030689851,
                -0.00108030721608 0.00311573480615 -0.00108030721608,
                -0.00080076655312 0.00316193976626 -0.00119843183795,
                -0.00101918250152 0.00316193976626 -0.00101918250152,
                -0.00127030689851 0.00311573480615 -0.000848791933183,
                -0.00141148939922 0.00311573480615 -0.000584658052302,
                -0.00119843183795 0.00316193976626 -0.00080076655312,
                -0.00133162611094 0.00316193976626 -0.00055157759516,
                -0.00149842915389 0.00311573480615 -0.000298056090351,
                -0.00152778511651 0.00311573480615 0,
                -0.00141364673926 0.00316193976626 -0.000281191819545,
                -0.00144134171618 0.00316193976626 0,
                -0.00167904532368 0.00289134171618 0.000333982880271,
                -0.00158162611094 0.00289134171618 0.000655130985753,
                -0.00142342589373 0.00289134171618 0.000951102774854,
                -0.0012105242177 0.00289134171618 0.0012105242177,
                -0.00163372817893 0.00297778511651 0.000324968739726,
                -0.00153893829399 0.00297778511651 0.000637449113028,
                -0.00157274156183 0.00305355339059 0.000312837747341,
                -0.00148149015686 0.00305355339059 0.000613653315493,
                -0.00138500787347 0.00297778511651 0.000925432674402,
                -0.00117785237709 0.00297778511651 0.00117785237709,
                -0.00133330591598 0.00305355339059 0.000890886530871,
                -0.00113388347648 0.00305355339059 0.00113388347648,
                -0.000951102774854 0.00289134171618 0.00142342589373,
                -0.000655130985753 0.00289134171618 0.00158162611094,
                -0.000925432674402 0.00297778511651 0.00138500787347,
                -0.000637449113028 0.00297778511651 0.00153893829399,
                -0.000890886530871 0.00305355339059 0.00133330591598,
                -0.000613653315493 0.00305355339059 0.00148149015686,
                -0.00149842915389 0.00311573480615 0.000298056090351,
                -0.00141148939922 0.00311573480615 0.000584658052302,
                -0.00141364673926 0.00316193976626 0.000281191819545,
                -0.00133162611094 0.00316193976626 0.00055157759516,
                -0.00127030689851 0.00311573480615 0.000848791933183,
                -0.00108030721608 0.00311573480615 0.00108030721608,
                -0.00119843183795 0.00316193976626 0.00080076655312,
                -0.00101918250152 0.00316193976626 0.00101918250152,
                -0.000848791933183 0.00311573480615 0.00127030689851,
                -0.000584658052302 0.00311573480615 0.00141148939922,
                -0.00080076655312 0.00316193976626 0.00119843183795,
                -0.00055157759516 0.00316193976626 0.00133162611094,
                0.00257218393731 0.00208099792554 0.00274372044917,
                0.00259321328138 0.00208099792554 0.00278273463775,
                0.00256758605085 0.00206184081152 0.00280258972517,
                0.00254525166558 0.00203694654407 0.00281989363055,
                0.00259238380515 0.00203694654407 0.00286352456776,
                0.00257969239833 0.00200719760909 0.00288280936795,
                0.00257029142509 0.00197364858731 0.00289709430051,
                0.00256451414393 0.00193748877014 0.00290587297371,
                0.00250517606485 0.00193748877014 0.00285094281299,
                0.0024668096873 0.00193748877014 0.0027797645069,
                0.00245354493615 0.00193748877014 0.0027,
                0.0024668096873 0.00193748877014 0.0026202354931,
                0.00250517606485 0.00193748877014 0.00254905718701,
                0.00256451414393 0.00193748877014 0.00249412702629,
                0.00257029142509 0.00197364858731 0.00250290569949,
                0.00257969239833 0.00200719760909 0.00251719063205,
                0.00259238380515 0.00203694654407 0.00253647543224,
                0.00254525166558 0.00203694654407 0.00258010636945,
                0.00256758605085 0.00206184081152 0.00259741027483,
                0.00259321328138 0.00208099792554 0.00261726536225,
                0.00257218393731 0.00208099792554 0.00265627955083,
                0.00260571182673 0.00209373877867 0.00266774801852,
                0.00260034835712 0.00209373877867 0.0027,
                0.00260571182673 0.00209373877867 0.00273225198148,
                0.00260791574329 0.00206184081152 0.00256007646622,
                0.00262573761546 0.00208099792554 0.00258715709238,
                0.0026212248882 0.00209373877867 0.00263896778155,
                0.0026212248882 0.00209373877867 0.00276103221845,
                0.00260791574329 0.00206184081152 0.00283992353378,
                0.00262573761546 0.00208099792554 0.00281284290762,
                0.00251348359365 0.00197364858731 0.00255549357155,
                0.00252700186525 0.00200719760909 0.00256596705851,
                0.00247675320494 0.00197364858731 0.00262363674838,
                0.00246405407886 0.00197364858731 0.0027,
                0.00249293360896 0.00200719760909 0.00262917137772,
                0.00251477731436 0.00203694654407 0.00263664318206,
                0.00248115488575 0.00200719760909 0.0027,
                0.00250424114412 0.00203694654407 0.0027,
                0.00254150997574 0.00206184081152 0.0026457872907,
                0.00253249446087 0.00206184081152 0.0027,
                0.00256491327394 0.00208099792554 0.0027,
                0.00247675320494 0.00197364858731 0.00277636325162,
                0.00251348359365 0.00197364858731 0.00284450642845,
                0.00249293360896 0.00200719760909 0.00277082862228,
                0.00251477731436 0.00203694654407 0.00276335681794,
                0.00252700186525 0.00200719760909 0.00283403294149,
                0.00254150997574 0.00206184081152 0.0027542127093,
                0.00257218393731 0.00208099792554 -0.00265627955083,
                0.00259321328138 0.00208099792554 -0.00261726536225,
                0.00256758605085 0.00206184081152 -0.00259741027483,
                0.00254525166558 0.00203694654407 -0.00258010636945,
                0.00259238380515 0.00203694654407 -0.00253647543224,
                0.00257969239833 0.00200719760909 -0.00251719063205,
                0.00257029142509 0.00197364858731 -0.00250290569949,
                0.00256451414393 0.00193748877014 -0.00249412702629,
                0.00250517606485 0.00193748877014 -0.00254905718701,
                0.0024668096873 0.00193748877014 -0.0026202354931,
                0.00245354493615 0.00193748877014 -0.0027,
                0.0024668096873 0.00193748877014 -0.0027797645069,
                0.00250517606485 0.00193748877014 -0.00285094281299,
                0.00256451414393 0.00193748877014 -0.00290587297371,
                0.00257029142509 0.00197364858731 -0.00289709430051,
                0.00257969239833 0.00200719760909 -0.00288280936795,
                0.00259238380515 0.00203694654407 -0.00286352456776,
                0.00254525166558 0.00203694654407 -0.00281989363055,
                0.00256758605085 0.00206184081152 -0.00280258972517,
                0.00259321328138 0.00208099792554 -0.00278273463775,
                0.00257218393731 0.00208099792554 -0.00274372044917,
                0.00260571182673 0.00209373877867 -0.00273225198148,
                0.00260034835712 0.00209373877867 -0.0027,
                0.00260571182673 0.00209373877867 -0.00266774801852,
                0.00260791574329 0.00206184081152 -0.00283992353378,
                0.00262573761546 0.00208099792554 -0.00281284290762,
                0.0026212248882 0.00209373877867 -0.00276103221845,
                0.0026212248882 0.00209373877867 -0.00263896778155,
                0.00260791574329 0.00206184081152 -0.00256007646622,
                0.00262573761546 0.00208099792554 -0.00258715709238,
                0.00251348359365 0.00197364858731 -0.00284450642845,
                0.00252700186525 0.00200719760909 -0.00283403294149,
                0.00247675320494 0.00197364858731 -0.00277636325162,
                0.00246405407886 0.00197364858731 -0.0027,
                0.00249293360896 0.00200719760909 -0.00277082862228,
                0.00251477731436 0.00203694654407 -0.00276335681794,
                0.00248115488575 0.00200719760909 -0.0027,
                0.00250424114412 0.00203694654407 -0.0027,
                0.00254150997574 0.00206184081152 -0.0027542127093,
                0.00253249446087 0.00206184081152 -0.0027,
                0.00256491327394 0.00208099792554 -0.0027,
                0.00247675320494 0.00197364858731 -0.00262363674838,
                0.00251348359365 0.00197364858731 -0.00255549357155,
                0.00249293360896 0.00200719760909 -0.00262917137772,
                0.00251477731436 0.00203694654407 -0.00263664318206,
                0.00252700186525 0.00200719760909 -0.00256596705851,
                0.00254150997574 0.00206184081152 -0.0026457872907,
                -0.00282781606269 0.00208099792554 0.00274372044917,
                -0.00280678671862 0.00208099792554 0.00278273463775,
                -0.00283241394915 0.00206184081152 0.00280258972517,
                -0.00285474833442 0.00203694654407 0.00281989363055,
                -0.00280761619485 0.00203694654407 0.00286352456776,
                -0.00282030760167 0.00200719760909 0.00288280936795,
                -0.00282970857491 0.00197364858731 0.00289709430051,
                -0.00283548585607 0.00193748877014 0.00290587297371,
                -0.00289482393515 0.00193748877014 0.00285094281299,
                -0.0029331903127 0.00193748877014 0.0027797645069,
                -0.00294645506385 0.00193748877014 0.0027,
                -0.0029331903127 0.00193748877014 0.0026202354931,
                -0.00289482393515 0.00193748877014 0.00254905718701,
                -0.00283548585607 0.00193748877014 0.00249412702629,
                -0.00282970857491 0.00197364858731 0.00250290569949,
                -0.00282030760167 0.00200719760909 0.00251719063205,
                -0.00280761619485 0.00203694654407 0.00253647543224,
                -0.00285474833442 0.00203694654407 0.00258010636945,
                -0.00283241394915 0.00206184081152 0.00259741027483,
                -0.00280678671862 0.00208099792554 0.00261726536225,
                -0.00282781606269 0.00208099792554 0.00265627955083,
                -0.00279428817327 0.00209373877867 0.00266774801852,
                -0.00279965164288 0.00209373877867 0.0027,
                -0.00279428817327 0.00209373877867 0.00273225198148,
                -0.00279208425671 0.00206184081152 0.00256007646622,
                -0.00277426238454 0.00208099792554 0.00258715709238,
                -0.0027787751118 0.00209373877867 0.00263896778155,
                -0.0027787751118 0.00209373877867 0.00276103221845,
                -0.00279208425671 0.00206184081152 0.00283992353378,
                -0.00277426238454 0.00208099792554 0.00281284290762,
                -0.00288651640635 0.00197364858731 0.00255549357155,
                -0.00287299813475 0.00200719760909 0.00256596705851,
                -0.00292324679506 0.00197364858731 0.00262363674838,
                -0.00293594592114 0.00197364858731 0.0027,
                -0.00290706639104 0.00200719760909 0.00262917137772,
                -0.00288522268564 0.00203694654407 0.00263664318206,
                -0.00291884511425 0.00200719760909 0.0027,
                -0.00289575885588 0.00203694654407 0.0027,
                -0.00285849002426 0.00206184081152 0.0026457872907,
                -0.00286750553913 0.00206184081152 0.0027,
                -0.00283508672606 0.00208099792554 0.0027,
                -0.00292324679506 0.00197364858731 0.00277636325162,
                -0.00288651640635 0.00197364858731 0.00284450642845,
                -0.00290706639104 0.00200719760909 0.00277082862228,
                -0.00288522268564 0.00203694654407 0.00276335681794,
                -0.00287299813475 0.00200719760909 0.00283403294149,
                -0.00285849002426 0.00206184081152 0.0027542127093,
                -0.00282781606269 0.00208099792554 -0.00265627955083,
                -0.00280678671862 0.00208099792554 -0.00261726536225,
                -0.00283241394915 0.00206184081152 -0.00259741027483,
                -0.00285474833442 0.00203694654407 -0.00258010636945,
                -0.00280761619485 0.00203694654407 -0.00253647543224,
                -0.00282030760167 0.00200719760909 -0.00251719063205,
                -0.00282970857491 0.00197364858731 -0.00250290569949,
                -0.00283548585607 0.00193748877014 -0.00249412702629,
                -0.00289482393515 0.00193748877014 -0.00254905718701,
                -0.0029331903127 0.00193748877014 -0.0026202354931,
                -0.00294645506385 0.00193748877014 -0.0027,
                -0.0029331903127 0.00193748877014 -0.0027797645069,
                -0.00289482393515 0.00193748877014 -0.00285094281299,
                -0.00283548585607 0.00193748877014 -0.00290587297371,
                -0.00282970857491 0.00197364858731 -0.00289709430051,
                -0.00282030760167 0.00200719760909 -0.00288280936795,
                -0.00280761619485 0.00203694654407 -0.00286352456776,
                -0.00285474833442 0.00203694654407 -0.00281989363055,
                -0.00283241394915 0.00206184081152 -0.00280258972517,
                -0.00280678671862 0.00208099792554 -0.00278273463775,
                -0.00282781606269 0.00208099792554 -0.00274372044917,
                -0.00279428817327 0.00209373877867 -0.00273225198148,
                -0.00279965164288 0.00209373877867 -0.0027,
                -0.00279428817327 0.00209373877867 -0.00266774801852,
                -0.00279208425671 0.00206184081152 -0.00283992353378,
                -0.00277426238454 0.00208099792554 -0.00281284290762,
                -0.0027787751118 0.00209373877867 -0.00276103221845,
                -0.0027787751118 0.00209373877867 -0.00263896778155,
                -0.00279208425671 0.00206184081152 -0.00256007646622,
                -0.00277426238454 0.00208099792554 -0.00258715709238,
                -0.00288651640635 0.00197364858731 -0.00284450642845,
                -0.00287299813475 0.00200719760909 -0.00283403294149,
                -0.00292324679506 0.00197364858731 -0.00277636325162,
                -0.00293594592114 0.00197364858731 -0.0027,
                -0.00290706639104 0.00200719760909 -0.00277082862228,
                -0.00288522268564 0.00203694654407 -0.00276335681794,
                -0.00291884511425 0.00200719760909 -0.0027,
                -0.00289575885588 0.00203694654407 -0.0027,
                -0.00285849002426 0.00206184081152 -0.0027542127093,
                -0.00286750553913 0.00206184081152 -0.0027,
                -0.00283508672606 0.00208099792554 -0.0027,
                -0.00292324679506 0.00197364858731 -0.00262363674838,
                -0.00288651640635 0.00197364858731 -0.00255549357155,
                -0.00290706639104 0.00200719760909 -0.00262917137772,
                -0.00288522268564 0.00203694654407 -0.00263664318206,
                -0.00287299813475 0.00200719760909 -0.00256596705851,
                -0.00285849002426 0.00206184081152 -0.0026457872907

              ]
            }
            normal Normal {
              vector [
                0.24979599 0 0.96829849,
                0.12589978 0 0.99204296,
                0 0 1,
                0 0 1,
                0.17364818 0 0.98480773,
                0.34202015 0 0.93969262,
                0.5 0 0.86602539,
                0.64278764 0 0.76604444,
                0.76604444 0 0.64278764,
                0.86602539 0 0.5,
                0.93969262 0 0.34202015,
                0.98480773 0 0.17364818,
                1 0 0,
                0.98480773 0 -0.17364818,
                0.93969262 0 -0.34202015,
                0.86602539 0 -0.5,
                0.76604444 0 -0.64278764,
                0.64278764 0 -0.76604444,
                0.5 0 -0.86602539,
                0.34202015 0 -0.93969262,
                0.17364818 0 -0.98480773,
                0 0 -1,
                0 0 -1,
                0.12589978 0 -0.99204296,
                0.24979599 0 -0.96829849,
                0.40525743 0 -0.91420263,
                0.54973859 0 -0.83533674,
                0.67932475 0 -0.73383778,
                0.79050487 0 -0.61245573,
                0.88026661 0 -0.47447941,
                0.94617784 0 -0.32364726,
                0.9864527 0 -0.16404602,
                1 0 -8.8817842e-16,
                0.9864527 0 0.16404602,
                0.94617784 0 0.32364726,
                0.88026661 0 0.47447941,
                0.79050487 0 0.61245573,
                0.67932475 0 0.73383778,
                0.54973859 0 0.83533674,
                0.40525743 0 0.91420263,
                0.24979599 0 0.96829849,
                0.12589978 0 0.99204296,
                0 0 1,
                0 0 1,
                0.17364818 0 0.98480773,
                0.34202015 0 0.93969262,
                0.5 0 0.86602539,
                0.64278764 0 0.76604444,
                0.76604444 0 0.64278764,
                0.86602539 0 0.5,
                0.93969262 0 0.34202015,
                0.98480773 0 0.17364818,
                1 0 0,
                0.98480773 0 -0.17364818,
                0.93969262 0 -0.34202015,
                0.86602539 0 -0.5,
                0.76604444 0 -0.64278764,
                0.64278764 0 -0.76604444,
                0.5 0 -0.86602539,
                0.34202015 0 -0.93969262,
                0.17364818 0 -0.98480773,
                0 0 -1,
                0 0 -1,
                0.12589978 0 -0.99204296,
                0.24979599 0 -0.96829849,
                0.40525743 0 -0.91420263,
                0.54973859 0 -0.83533674,
                0.67932475 0 -0.73383778,
                0.79050487 0 -0.61245573,
                0.88026661 0 -0.47447941,
                0.94617784 0 -0.32364726,
                0.9864527 0 -0.16404602,
                1 0 -8.8817842e-16,
                0.9864527 0 0.16404602,
                0.94617784 0 0.32364726,
                0.88026661 0 0.47447941,
                0.79050487 0 0.61245573,
                0.67932475 0 0.73383778,
                0.54973859 0 0.83533674,
                0.40525743 0 0.91420263,
                0.24979599 0 0.96829849,
                0.12589978 0 0.99204296,
                9.7699626e-15 0 1,
                0 0 1,
                0.17364818 0 0.98480773,
                0.34202015 0 0.93969262,
                0.5 0 0.86602539,
                0.64278764 0 0.76604444,
                0.76604444 0 0.64278764,
                0.86602539 0 0.5,
                0.93969262 0 0.34202015,
                0.98480773 0 0.17364818,
                1 0 0,
                0.98480773 0 -0.17364818,
                0.93969262 0 -0.34202015,
                0.86602539 0 -0.5,
                0.76604444 0 -0.64278764,
                0.64278764 0 -0.76604444,
                0.5 0 -0.86602539,
                0.34202015 0 -0.93969262,
                0.17364818 0 -0.98480773,
                0 0 -1,
                0 0 -1,
                0.12589978 0 -0.99204296,
                0.24979599 0 -0.96829849,
                0.40525743 0 -0.91420263,
                0.54973859 0 -0.83533674,
                0.67932475 0 -0.73383778,
                0.79050487 0 -0.61245573,
                0.88026661 0 -0.47447941,
                0.94617784 0 -0.32364726,
                0.9864527 0 -0.16404602,
                1 0 0,
                0.9864527 0 0.16404602,
                0.94617784 0 0.32364726,
                0.88026661 0 0.47447941,
                0.79050487 0 0.61245573,
                0.67932475 0 0.73383778,
                0.54973859 0 0.83533674,
                0.40525743 0 0.91420263,
                0.24979599 0 0.96829849,
                0.12589978 0 0.99204296,
                9.7699626e-15 0 1,
                0 0 1,
                0.17364818 0 0.98480773,
                0.34202015 0 0.93969262,
                0.5 0 0.86602539,
                0.64278764 0 0.76604444,
                0.76604444 0 0.64278764,
                0.86602539 0 0.5,
                0.93969262 0 0.34202015,
                0.98480773 0 0.17364818,
                1 0 0,
                0.98480773 0 -0.17364818,
                0.93969262 0 -0.34202015,
                0.86602539 0 -0.5,
                0.76604444 0 -0.64278764,
                0.64278764 0 -0.76604444,
                0.5 0 -0.86602539,
                0.34202015 0 -0.93969262,
                0.17364818 0 -0.98480773,
                0 0 -1,
                0 0 -1,
                0.12589978 0 -0.99204296,
                0.24979599 0 -0.96829849,
                0.40525743 0 -0.91420263,
                0.54973859 0 -0.83533674,
                0.67932475 0 -0.73383778,
                0.79050487 0 -0.61245573,
                0.88026661 0 -0.47447941,
                0.94617784 0 -0.32364726,
                0.9864527 0 -0.16404602,
                1 0 0,
                0.9864527 0 0.16404602,
                0.94617784 0 0.32364726,
                0.88026661 0 0.47447941,
                0.79050487 0 0.61245573,
                0.67932475 0 0.73383778,
                0.54973859 0 0.83533674,
                0.40525743 0 0.91420263,
                0 0 1,
                0.17364818 0 0.98480773,
                0.34202015 0 0.93969262,
                0.5 0 0.86602539,
                0.64278764 0 0.76604444,
                0.76604444 0 0.64278764,
                0.86602539 0 0.5,
                0.93969262 0 0.34202015,
                0.98480773 0 0.17364818,
                1 0 -1.5308085e-16,
                0.98480773 0 -0.17364818,
                0.93969262 0 -0.34202015,
                0.86602539 0 -0.5,
                0.76604444 0 -0.64278764,
                0.64278764 0 -0.76604444,
                0.5 0 -0.86602539,
                0.34202015 0 -0.93969262,
                0.17364818 0 -0.98480773,
                -3.061617e-16 0 -1,
                -3.061617e-16 0.17364818 -0.98480773,
                -3.061617e-16 0.34202015 -0.93969262,
                -3.061617e-16 0.5 -0.86602539,
                -3.061617e-16 0.64278764 -0.76604444,
                -3.061617e-16 0.76604444 -0.64278764,
                -3.061617e-16 0.86602539 -0.5,
                -3.061617e-16 0.93969262 -0.34202015,
                -3.061617e-16 0.98480773 -0.17364818,
                -3.061617e-16 1 0,
                0 1 0,
                0 1 0,
                0 1 0,
                0 1 0,
                0 1 0,
                0 1 0,
                0 1 0,
                0 1 0,
                0 1 -1.5308085e-16,
                0 1 0,
                0 1 0,
                0 1 0,
                0 1 0,
                0 1 0,
                0 1 0,
                0 1 0,
                0 1 0,
                0 1 0,
                0 0.98480773 0.17364818,
                0 0.93969262 0.34202015,
                0 0.86602539 0.5,
                0 0.76604444 0.64278764,
                0 0.64278764 0.76604444,
                0 0.5 0.86602539,
                0 0.34202015 0.93969262,
                0 0.17364818 0.98480773,
                0.038060233 0.98078525 -0.19134171,
                0.074657835 0.9238795 -0.37533027,
                0.10838638 0.8314696 -0.54489511,
                0.13794969 0.70710677 -0.69351995,
                0.16221167 0.55557024 -0.81549317,
                0.18023996 0.38268343 -0.90612745,
                0.19134171 0.19509032 -0.96193975,
                0.37533027 0.19509032 -0.90612745,
                0.54489511 0.19509032 -0.81549317,
                0.69351995 0.19509032 -0.69351995,
                0.81549317 0.19509032 -0.54489511,
                0.90612745 0.19509032 -0.37533027,
                0.96193975 0.19509032 -0.19134171,
                0.98078525 0.19509032 -1.5308085e-16,
                0.96193975 0.19509032 0.19134171,
                0.90612745 0.19509032 0.37533027,
                0.81549317 0.19509032 0.54489511,
                0.69351995 0.19509032 0.69351995,
                0.54489511 0.19509032 0.81549317,
                0.37533027 0.19509032 0.90612745,
                0.19134171 0.19509032 0.96193975,
                0.18023996 0.38268343 0.90612745,
                0.16221167 0.55557024 0.81549317,
                0.13794969 0.70710677 0.69351995,
                0.10838638 0.8314696 0.54489511,
                0.074657835 0.9238795 0.37533027,
                0.038060233 0.98078525 0.19134171,
                0.074657835 0.98078525 0.18023996,
                0.10838638 0.98078525 0.16221167,
                0.13794969 0.98078525 0.13794969,
                0.16221167 0.98078525 0.10838638,
                0.18023996 0.98078525 0.074657835,
                0.19134171 0.98078525 0.038060233,
                0.19509032 0.98078525 -1.5308085e-16,
                0.19134171 0.98078525 -0.038060233,
                0.18023996 0.98078525 -0.074657835,
                0.16221167 0.98078525 -0.10838638,
                0.13794969 0.98078525 -0.13794969,
                0.10838638 0.98078525 -0.16221167,
                0.074657835 0.98078525 -0.18023996,
                0.35355338 0.38268343 0.85355341,
                0.51327997 0.38268343 0.76817775,
                0.65328151 0.38268343 0.65328151,
                0.31818965 0.55557024 0.76817775,
                0.27059805 0.70710677 0.65328151,
                0.46193975 0.55557024 0.6913417,
                0.58793777 0.55557024 0.58793777,
                0.39284748 0.70710677 0.58793777,
                0.5 0.70710677 0.5,
                0.76817775 0.38268343 0.51327997,
                0.85355341 0.38268343 0.35355338,
                0.90612745 0.38268343 0.18023996,
                0.9238795 0.38268343 -1.5308085e-16,
                0.6913417 0.55557024 0.46193975,
                0.76817775 0.55557024 0.31818965,
                0.58793777 0.70710677 0.39284748,
                0.65328151 0.70710677 0.27059805,
                0.81549317 0.55557024 0.16221167,
                0.8314696 0.55557024 -1.5308085e-16,
                0.69351995 0.70710677 0.13794969,
                0.70710677 0.70710677 -1.5308085e-16,
                0.21260752 0.8314696 0.51327997,
                0.14644662 0.9238795 0.35355338,
                0.30865827 0.8314696 0.46193975,
                0.39284748 0.8314696 0.39284748,
                0.21260752 0.9238795 0.31818965,
                0.27059805 0.9238795 0.27059805,
                0.46193975 0.8314696 0.30865827,
                0.51327997 0.8314696 0.21260752,
                0.31818965 0.9238795 0.21260752,
                0.35355338 0.9238795 0.14644662,
                0.54489511 0.8314696 0.10838638,
                0.55557024 0.8314696 -1.5308085e-16,
                0.37533027 0.9238795 0.074657835,
                0.38268343 0.9238795 -1.5308085e-16,
                0.90612745 0.38268343 -0.18023996,
                0.85355341 0.38268343 -0.35355338,
                0.76817775 0.38268343 -0.51327997,
                0.65328151 0.38268343 -0.65328151,
                0.81549317 0.55557024 -0.16221167,
                0.76817775 0.55557024 -0.31818965,
                0.69351995 0.70710677 -0.13794969,
                0.65328151 0.70710677 -0.27059805,
                0.6913417 0.55557024 -0.46193975,
                0.58793777 0.55557024 -0.58793777,
                0.58793777 0.70710677 -0.39284748,
                0.5 0.70710677 -0.5,
                0.51327997 0.38268343 -0.76817775,
                0.35355338 0.38268343 -0.85355341,
                0.46193975 0.55557024 -0.6913417,
                0.31818965 0.55557024 -0.76817775,
                0.39284748 0.70710677 -0.58793777,
                0.27059805 0.70710677 -0.65328151,
                0.54489511 0.8314696 -0.10838638,
                0.51327997 0.8314696 -0.21260752,
                0.37533027 0.9238795 -0.074657835,
                0.35355338 0.9238795 -0.14644662,
                0.46193975 0.8314696 -0.30865827,
                0.39284748 0.8314696 -0.39284748,
                0.31818965 0.9238795 -0.21260752,
                0.27059805 0.9238795 -0.27059805,
                0.30865827 0.8314696 -0.46193975,
                0.21260752 0.8314696 -0.51327997,
                0.21260752 0.9238795 -0.31818965,
                0.14644662 0.9238795 -0.35355338,
                0 0 -1,
                0.17364818 0 -0.98480773,
                0.34202015 0 -0.93969262,
                0.5 0 -0.86602539,
                0.64278764 0 -0.76604444,
                0.76604444 0 -0.64278764,
                0.86602539 0 -0.5,
                0.93969262 0 -0.34202015,
                0.98480773 0 -0.17364818,
                1 0 -6.1232343e-17,
                0.98480773 0 0.17364818,
                0.93969262 0 0.34202015,
                0.86602539 0 0.5,
                0.76604444 0 0.64278764,
                0.64278764 0 0.76604444,
                0.5 0 0.86602539,
                0.34202015 0 0.93969262,
                0.17364818 0 0.98480773,
                1.2246469e-16 0 1,
                1.2246469e-16 0 1,
                0.17364818 0 0.98480773,
                0.34202015 0 0.93969262,
                0.5 0 0.86602539,
                0.64278764 0 0.76604444,
                0.76604444 0 0.64278764,
                0.86602539 0 0.5,
                0.93969262 0 0.34202015,
                0.98480773 0 0.17364818,
                1 0 -6.1232343e-17,
                0.98480773 0 -0.17364818,
                0.93969262 0 -0.34202015,
                0.86602539 0 -0.5,
                0.76604444 0 -0.64278764,
                0.64278764 0 -0.76604444,
                0.5 0 -0.86602539,
                0.34202015 0 -0.93969262,
                0.17364818 0 -0.98480773,
                0 0 -1,
                0.24979599 0 -0.96829849,
                0.24954954 0.11112157 -0.9619652,
                0.24873824 0.22054501 -0.94312733,
                0.24723551 0.32702544 -0.91210139,
                0.24491119 0.4291909 -0.86937547,
                0.24163462 0.52564764 -0.8156637,
                0.23726648 0.61508977 -0.75191033,
                0.23163655 0.69639647 -0.67924696,
                0.2244996 0.76867992 -0.59894168,
                0.21536562 0.83147597 -0.51211852,
                0.20340808 0.88427472 -0.42033723,
                0.18763469 0.92648166 -0.32622838,
                0.16689259 0.95791382 -0.2335552,
                0.14000942 0.97914022 -0.1472473,
                0.10723422 0.99141622 -0.074797899,
                0.06227478 0.99805856 0.00096154818,
                0.10985464 0.99075383 0.079616427,
                0.14207403 0.97798306 0.15285312,
                0.16837321 0.95624119 0.23927642,
                0.18866795 0.92432934 0.33169207,
                0.20410979 0.88177496 0.42522007,
                0.21585383 0.82870799 0.51638186,
                0.22486357 0.76558119 0.60276186,
                0.23192178 0.69292462 0.68269157,
                0.23749839 0.61135864 0.75487423,
                0.24182604 0.521797 0.81807584,
                0.24506427 0.42541298 0.87118727,
                0.24734578 0.32358372 0.91329819,
                0.24880135 0.21778871 0.94375104,
                0.24956976 0.10948782 0.96214724,
                0.24979599 0 0.96829849,
                0.40525743 0 0.91420263,
                0.54973859 0 0.83533674,
                0.67932475 0 0.73383778,
                0.79050487 0 0.61245573,
                0.88026661 0 0.47447941,
                0.94617784 0 0.32364726,
                0.9864527 0 0.16404602,
                1 0 0,
                0.9864527 0 -0.16404602,
                0.94617784 0 -0.32364726,
                0.88026661 0 -0.47447941,
                0.79050487 0 -0.61245573,
                0.67932475 0 -0.73383778,
                0.54973859 0 -0.83533674,
                0.40525743 0 -0.91420263,
                0.40253586 0.9049896 -0.13769042,
                0.33630738 0.9049896 -0.26055926,
                0.46444353 0.80920404 -0.3598347,
                0.57611543 0.68473274 -0.44635421,
                0.40064633 0.68473274 -0.60878867,
                0.46410337 0.53598803 -0.70521265,
                0.51110822 0.36824295 -0.77663732,
                0.53999466 0.18744385 -0.82053065,
                0.77649343 0.18744385 -0.60160011,
                0.92940712 0.18744385 -0.31791073,
                0.98227531 0.18744385 0,
                0.92940712 0.18744385 0.31791073,
                0.77649343 0.18744385 0.60160011,
                0.53999466 0.18744385 0.82053065,
                0.51110822 0.36824295 0.77663732,
                0.46410337 0.53598803 0.70521265,
                0.40064633 0.68473274 0.60878867,
                0.57611543 0.68473274 0.44635421,
                0.46444353 0.80920404 0.3598347,
                0.33630738 0.9049896 0.26055926,
                0.40253586 0.9049896 0.13769042,
                0.23489641 0.96869391 0.080348089,
                0.24825822 0.96869391 0,
                0.23489641 0.96869391 -0.080348089,
                0.32298663 0.80920404 0.49078348,
                0.23387727 0.9049896 0.35538036,
                0.19624934 0.96869391 0.15204716,
                0.19624934 0.96869391 -0.15204716,
                0.32298663 0.80920404 -0.49078348,
                0.23387727 0.9049896 -0.35538036,
                0.73495579 0.36824295 0.56941819,
                0.66736448 0.53598803 0.5170508,
                0.87968951 0.36824295 0.30090445,
                0.92972958 0.36824295 0,
                0.79878747 0.53598803 0.2732313,
                0.689569 0.68473274 0.23587227,
                0.84422559 0.53598803 0,
                0.72879428 0.68473274 0,
                0.55590564 0.80920404 0.19015174,
                0.58752769 0.80920404 0,
                0.42543364 0.9049896 0,
                0.87968951 0.36824295 -0.30090445,
                0.73495579 0.36824295 -0.56941819,
                0.79878747 0.53598803 -0.2732313,
                0.689569 0.68473274 -0.23587227,
                0.66736448 0.53598803 -0.5170508,
                0.55590564 0.80920404 -0.19015174,
                0.24979599 0 -0.96829849,
                0.24954954 0.11112157 -0.9619652,
                0.24873824 0.22054501 -0.94312733,
                0.24723551 0.32702544 -0.91210139,
                0.24491119 0.4291909 -0.86937547,
                0.24163462 0.52564764 -0.8156637,
                0.23726648 0.61508977 -0.75191033,
                0.23163655 0.69639647 -0.67924696,
                0.2244996 0.76867992 -0.59894168,
                0.21536562 0.83147597 -0.51211852,
                0.20340808 0.88427472 -0.42033723,
                0.18763469 0.92648166 -0.32622838,
                0.16689259 0.95791382 -0.2335552,
                0.14000942 0.97914022 -0.1472473,
                0.10723422 0.99141622 -0.074797899,
                0.06227478 0.99805856 0.00096154818,
                0.10985464 0.99075383 0.079616427,
                0.14207403 0.97798306 0.15285312,
                0.16837321 0.95624119 0.23927642,
                0.18866795 0.92432934 0.33169207,
                0.20410979 0.88177496 0.42522007,
                0.21585383 0.82870799 0.51638186,
                0.22486357 0.76558119 0.60276186,
                0.23192178 0.69292462 0.68269157,
                0.23749839 0.61135864 0.75487423,
                0.24182604 0.521797 0.81807584,
                0.24506427 0.42541298 0.87118727,
                0.24734578 0.32358372 0.91329819,
                0.24880135 0.21778871 0.94375104,
                0.24956976 0.10948782 0.96214724,
                0.24979599 0 0.96829849,
                0.40525743 0 0.91420263,
                0.54973859 0 0.83533674,
                0.67932475 0 0.73383778,
                0.79050487 0 0.61245573,
                0.88026661 0 0.47447941,
                0.94617784 0 0.32364726,
                0.9864527 0 0.16404602,
                1 0 0,
                0.9864527 0 -0.16404602,
                0.94617784 0 -0.32364726,
                0.88026661 0 -0.47447941,
                0.79050487 0 -0.61245573,
                0.67932475 0 -0.73383778,
                0.54973859 0 -0.83533674,
                0.40525743 0 -0.91420263,
                0.40253586 0.9049896 -0.13769042,
                0.33630738 0.9049896 -0.26055926,
                0.46444353 0.80920404 -0.3598347,
                0.57611543 0.68473274 -0.44635421,
                0.40064633 0.68473274 -0.60878867,
                0.46410337 0.53598803 -0.70521265,
                0.51110822 0.36824295 -0.77663732,
                0.53999466 0.18744385 -0.82053065,
                0.77649343 0.18744385 -0.60160011,
                0.92940712 0.18744385 -0.31791073,
                0.98227531 0.18744385 0,
                0.92940712 0.18744385 0.31791073,
                0.77649343 0.18744385 0.60160011,
                0.53999466 0.18744385 0.82053065,
                0.51110822 0.36824295 0.77663732,
                0.46410337 0.53598803 0.70521265,
                0.40064633 0.68473274 0.60878867,
                0.57611543 0.68473274 0.44635421,
                0.46444353 0.80920404 0.3598347,
                0.33630738 0.9049896 0.26055926,
                0.40253586 0.9049896 0.13769042,
                0.23489641 0.96869391 0.080348089,
                0.24825822 0.96869391 0,
                0.23489641 0.96869391 -0.080348089,
                0.32298663 0.80920404 0.49078348,
                0.23387727 0.9049896 0.35538036,
                0.19624934 0.96869391 0.15204716,
                0.19624934 0.96869391 -0.15204716,
                0.32298663 0.80920404 -0.49078348,
                0.23387727 0.9049896 -0.35538036,
                0.73495579 0.36824295 0.56941819,
                0.66736448 0.53598803 0.5170508,
                0.87968951 0.36824295 0.30090445,
                0.92972958 0.36824295 0,
                0.79878747 0.53598803 0.2732313,
                0.689569 0.68473274 0.23587227,
                0.84422559 0.53598803 0,
                0.72879428 0.68473274 0,
                0.55590564 0.80920404 0.19015174,
                0.58752769 0.80920404 0,
                0.42543364 0.9049896 0,
                0.87968951 0.36824295 -0.30090445,
                0.73495579 0.36824295 -0.56941819,
                0.79878747 0.53598803 -0.2732313,
                0.689569 0.68473274 -0.23587227,
                0.66736448 0.53598803 -0.5170508,
                0.55590564 0.80920404 -0.19015174,
                0.24979599 0 -0.96829849,
                0.24954954 0.11112157 -0.9619652,
                0.24873824 0.22054501 -0.94312733,
                0.24723551 0.32702544 -0.91210139,
                0.24491119 0.4291909 -0.86937547,
                0.24163462 0.52564764 -0.8156637,
                0.23726648 0.61508977 -0.75191033,
                0.23163655 0.69639647 -0.67924696,
                0.2244996 0.76867992 -0.59894168,
                0.21536562 0.83147597 -0.51211852,
                0.20340808 0.88427472 -0.42033723,
                0.18763469 0.92648166 -0.32622838,
                0.16689259 0.95791382 -0.2335552,
                0.14000942 0.97914022 -0.1472473,
                0.10723422 0.99141622 -0.074797899,
                0.06227478 0.99805856 0.00096154818,
                0.10985464 0.99075383 0.079616427,
                0.14207403 0.97798306 0.15285312,
                0.16837321 0.95624119 0.23927642,
                0.18866795 0.92432934 0.33169207,
                0.20410979 0.88177496 0.42522007,
                0.21585383 0.82870799 0.51638186,
                0.22486357 0.76558119 0.60276186,
                0.23192178 0.69292462 0.68269157,
                0.23749839 0.61135864 0.75487423,
                0.24182604 0.521797 0.81807584,
                0.24506427 0.42541298 0.87118727,
                0.24734578 0.32358372 0.91329819,
                0.24880135 0.21778871 0.94375104,
                0.24956976 0.10948782 0.96214724,
                0.24979599 0 0.96829849,
                0.40525743 0 0.91420263,
                0.54973859 0 0.83533674,
                0.67932475 0 0.73383778,
                0.79050487 0 0.61245573,
                0.88026661 0 0.47447941,
                0.94617784 0 0.32364726,
                0.9864527 0 0.16404602,
                1 0 0,
                0.9864527 0 -0.16404602,
                0.94617784 0 -0.32364726,
                0.88026661 0 -0.47447941,
                0.79050487 0 -0.61245573,
                0.67932475 0 -0.73383778,
                0.54973859 0 -0.83533674,
                0.40525743 0 -0.91420263,
                0.40253586 0.9049896 -0.13769042,
                0.33630738 0.9049896 -0.26055926,
                0.46444353 0.80920404 -0.3598347,
                0.57611543 0.68473274 -0.44635421,
                0.40064633 0.68473274 -0.60878867,
                0.46410337 0.53598803 -0.70521265,
                0.51110822 0.36824295 -0.77663732,
                0.53999466 0.18744385 -0.82053065,
                0.77649343 0.18744385 -0.60160011,
                0.92940712 0.18744385 -0.31791073,
                0.98227531 0.18744385 0,
                0.92940712 0.18744385 0.31791073,
                0.77649343 0.18744385 0.60160011,
                0.53999466 0.18744385 0.82053065,
                0.51110822 0.36824295 0.77663732,
                0.46410337 0.53598803 0.70521265,
                0.40064633 0.68473274 0.60878867,
                0.57611543 0.68473274 0.44635421,
                0.46444353 0.80920404 0.3598347,
                0.33630738 0.9049896 0.26055926,
                0.40253586 0.9049896 0.13769042,
                0.23489641 0.96869391 0.080348089,
                0.24825822 0.96869391 0,
                0.23489641 0.96869391 -0.080348089,
                0.32298663 0.80920404 0.49078348,
                0.23387727 0.9049896 0.35538036,
                0.19624934 0.96869391 0.15204716,
                0.19624934 0.96869391 -0.15204716,
                0.32298663 0.80920404 -0.49078348,
                0.23387727 0.9049896 -0.35538036,
                0.73495579 0.36824295 0.56941819,
                0.66736448 0.53598803 0.5170508,
                0.87968951 0.36824295 0.30090445,
                0.92972958 0.36824295 0,
                0.79878747 0.53598803 0.2732313,
                0.689569 0.68473274 0.23587227,
                0.84422559 0.53598803 0,
                0.72879428 0.68473274 0,
                0.55590564 0.80920404 0.19015174,
                0.58752769 0.80920404 0,
                0.42543364 0.9049896 0,
                0.87968951 0.36824295 -0.30090445,
                0.73495579 0.36824295 -0.56941819,
                0.79878747 0.53598803 -0.2732313,
                0.689569 0.68473274 -0.23587227,
                0.66736448 0.53598803 -0.5170508,
                0.55590564 0.80920404 -0.19015174,
                0.24979599 0 -0.96829849,
                0.24954954 0.11112157 -0.9619652,
                0.24873824 0.22054501 -0.94312733,
                0.24723551 0.32702544 -0.91210139,
                0.24491119 0.4291909 -0.86937547,
                0.24163462 0.52564764 -0.8156637,
                0.23726648 0.61508977 -0.75191033,
                0.23163655 0.69639647 -0.67924696,
                0.2244996 0.76867992 -0.59894168,
                0.21536562 0.83147597 -0.51211852,
                0.20340808 0.88427472 -0.42033723,
                0.18763469 0.92648166 -0.32622838,
                0.16689259 0.95791382 -0.2335552,
                0.14000942 0.97914022 -0.1472473,
                0.10723422 0.99141622 -0.074797899,
                0.06227478 0.99805856 0.00096154818,
                0.10985464 0.99075383 0.079616427,
                0.14207403 0.97798306 0.15285312,
                0.16837321 0.95624119 0.23927642,
                0.18866795 0.92432934 0.33169207,
                0.20410979 0.88177496 0.42522007,
                0.21585383 0.82870799 0.51638186,
                0.22486357 0.76558119 0.60276186,
                0.23192178 0.69292462 0.68269157,
                0.23749839 0.61135864 0.75487423,
                0.24182604 0.521797 0.81807584,
                0.24506427 0.42541298 0.87118727,
                0.24734578 0.32358372 0.91329819,
                0.24880135 0.21778871 0.94375104,
                0.24956976 0.10948782 0.96214724,
                0.24979599 0 0.96829849,
                0.40525743 0 0.91420263,
                0.54973859 0 0.83533674,
                0.67932475 0 0.73383778,
                0.79050487 0 0.61245573,
                0.88026661 0 0.47447941,
                0.94617784 0 0.32364726,
                0.9864527 0 0.16404602,
                1 0 0,
                0.9864527 0 -0.16404602,
                0.94617784 0 -0.32364726,
                0.88026661 0 -0.47447941,
                0.79050487 0 -0.61245573,
                0.67932475 0 -0.73383778,
                0.54973859 0 -0.83533674,
                0.40525743 0 -0.91420263,
                0.40253586 0.9049896 -0.13769042,
                0.33630738 0.9049896 -0.26055926,
                0.46444353 0.80920404 -0.3598347,
                0.57611543 0.68473274 -0.44635421,
                0.40064633 0.68473274 -0.60878867,
                0.46410337 0.53598803 -0.70521265,
                0.51110822 0.36824295 -0.77663732,
                0.53999466 0.18744385 -0.82053065,
                0.77649343 0.18744385 -0.60160011,
                0.92940712 0.18744385 -0.31791073,
                0.98227531 0.18744385 0,
                0.92940712 0.18744385 0.31791073,
                0.77649343 0.18744385 0.60160011,
                0.53999466 0.18744385 0.82053065,
                0.51110822 0.36824295 0.77663732,
                0.46410337 0.53598803 0.70521265,
                0.40064633 0.68473274 0.60878867,
                0.57611543 0.68473274 0.44635421,
                0.46444353 0.80920404 0.3598347,
                0.33630738 0.9049896 0.26055926,
                0.40253586 0.9049896 0.13769042,
                0.23489641 0.96869391 0.080348089,
                0.24825822 0.96869391 0,
                0.23489641 0.96869391 -0.080348089,
                0.32298663 0.80920404 0.49078348,
                0.23387727 0.9049896 0.35538036,
                0.19624934 0.96869391 0.15204716,
                0.19624934 0.96869391 -0.15204716,
                0.32298663 0.80920404 -0.49078348,
                0.23387727 0.9049896 -0.35538036,
                0.73495579 0.36824295 0.56941819,
                0.66736448 0.53598803 0.5170508,
                0.87968951 0.36824295 0.30090445,
                0.92972958 0.36824295 0,
                0.79878747 0.53598803 0.2732313,
                0.689569 0.68473274 0.23587227,
                0.84422559 0.53598803 0,
                0.72879428 0.68473274 0,
                0.55590564 0.80920404 0.19015174,
                0.58752769 0.80920404 0,
                0.42543364 0.9049896 0,
                0.87968951 0.36824295 -0.30090445,
                0.73495579 0.36824295 -0.56941819,
                0.79878747 0.53598803 -0.2732313,
                0.689569 0.68473274 -0.23587227,
                0.66736448 0.53598803 -0.5170508,
                0.55590564 0.80920404 -0.19015174,
                -1 0 0,
                -0.98480773 0 0.17364818,
                -0.93969262 0 0.34202015,
                -0.86602539 0 0.5,
                -0.76604444 0 0.64278764,
                -0.64278764 0 0.76604444,
                -0.5 0 0.86602539,
                -0.34202015 0 0.93969262,
                -0.17364818 0 0.98480773,
                0 0 1,
                0 0 1,
                -0.17364818 0 0.98480773,
                -0.34202015 0 0.93969262,
                -0.5 0 0.86602539,
                -0.64278764 0 0.76604444,
                -0.76604444 0 0.64278764,
                -0.86602539 0 0.5,
                -0.93969262 0 0.34202015,
                -0.98480773 0 0.17364818,
                -1 0 0,
                -0 -0 1,
                -0 -0 1,
                -0 -0 1,
                -0 -0 1,
                0 0 1,
                0.17364818 0 0.98480773,
                0.34202015 0 0.93969262,
                0.5 0 0.86602539,
                0.64278764 0 0.76604444,
                0.76604444 0 0.64278764,
                0.86602539 0 0.5,
                0.93969262 0 0.34202015,
                0.98480773 0 0.17364818,
                1 0 0,
                1 0 0,
                0.98480773 0 0.17364818,
                0.93969262 0 0.34202015,
                0.86602539 0 0.5,
                0.76604444 0 0.64278764,
                0.64278764 0 0.76604444,
                0.5 0 0.86602539,
                0.34202015 0 0.93969262,
                0.17364818 0 0.98480773,
                0 0 1,
                1 -0 -8.031127e-17,
                1 -0 -8.031127e-17,
                1 -0 -8.031127e-17,
                1 -0 -8.031127e-17,
                1 0 0,
                0.98480773 0 -0.17364818,
                0.93969262 0 -0.34202015,
                0.86602539 0 -0.5,
                0.76604444 0 -0.64278764,
                0.64278764 0 -0.76604444,
                0.5 0 -0.86602539,
                0.34202015 0 -0.93969262,
                0.17364818 0 -0.98480773,
                0 0 -1,
                0 0 -1,
                0.17364818 0 -0.98480773,
                0.34202015 0 -0.93969262,
                0.5 0 -0.86602539,
                0.64278764 0 -0.76604444,
                0.76604444 0 -0.64278764,
                0.86602539 0 -0.5,
                0.93969262 0 -0.34202015,
                0.98480773 0 -0.17364818,
                1 0 0,
                -2.4093381e-16 0 -1,
                -2.4093381e-16 0 -1,
                -2.4093381e-16 0 -1,
                -2.4093381e-16 0 -1,
                -4.4408921e-16 0 -1,
                -0.17364818 0 -0.98480773,
                -0.34202015 0 -0.93969262,
                -0.5 0 -0.86602539,
                -0.64278764 0 -0.76604444,
                -0.76604444 0 -0.64278764,
                -0.86602539 0 -0.5,
                -0.93969262 0 -0.34202015,
                -0.98480773 0 -0.17364818,
                -1 0 0,
                -1 0 0,
                -0.98480773 0 -0.17364818,
                -0.93969262 0 -0.34202015,
                -0.86602539 0 -0.5,
                -0.76604444 0 -0.64278764,
                -0.64278764 0 -0.76604444,
                -0.5 0 -0.86602539,
                -0.34202015 0 -0.93969262,
                -0.17364818 0 -0.98480773,
                -4.4408921e-16 0 -1,
                -1 -0 8.031127e-17,
                -1 -0 8.031127e-17,
                -1 -0 8.031127e-17,
                -1 -0 8.031127e-17,
                -0 1 -0,
                -0 1 -0,
                -0 1 -0,
                -0 1 -0,
                -0 1 -0,
                -0 1 -0,
                -0 1 -0,
                -0 1 -0,
                -0 1 -0,
                -0 1 -0,
                -0 1 -0,
                -0 1 -0,
                -0 1 -0,
                -0 1 -0,
                -0 1 -0,
                -0 1 -0,
                -0 1 -0,
                -0 1 -0,
                -0 1 -0,
                -0 1 -0,
                -0 1 -0,
                -0 1 -0,
                -0 1 -0,
                -0 1 -0,
                -0 1 -0,
                -0 1 -0,
                -0 1 -0,
                -0 1 -0,
                -0 1 -0,
                -0 1 -0,
                -0 1 -0,
                -0 1 -0,
                -0 1 -0,
                -0 1 -0,
                -0 1 -0,
                -0 1 -0,
                -0 1 -0,
                -0 1 -0,
                -0 1 -0,
                -0 1 -0,
                -0 1 -0,
                -0 1 -0,
                -0 1 -0,
                -0 1 -0,
                -0 1 -0,
                -0 1 -0,
                -0 1 -0,
                -0 1 -0,
                -0 1 -0,
                -0 1 -0,
                -0 1 -0,
                -0 1 -0,
                -0 1 -0,
                -0 1 -0,
                -0 1 -0,
                -0 1 -0,
                -0 1 -0,
                -0 1 -0,
                -0 1 -0,
                -0 1 -0,
                -0 1 -0,
                -0 1 -0,
                -0 1 -0,
                -0 1 -0,
                -0 1 -0,
                -0 1 -0,
                -0 1 -0,
                -0 1 -0,
                -0 1 -0,
                -0 1 -0,
                -0 1 -0,
                -0 1 -0,
                -0 1 -0,
                -0 1 -0,
                -0 1 -0,
                -0 1 -0,
                -0 1 -0,
                -0 1 -0,
                -0 1 -0,
                -0 1 -0,
                -0 1 -0,
                -0 1 -0,
                -0 1 -0,
                -0 1 -0,
                -0 1 -0,
                -0 1 -0,
                -0 1 -0,
                -0 1 -0,
                -0 1 -0,
                -0 1 -0,
                -0 1 -0,
                -0 1 -0,
                -0 1 -0,
                -0 1 -0,
                -0 1 -0,
                -0 1 -0,
                -0 1 -0,
                -0 1 -0,
                -0 1 -0,
                -0 1 -0,
                -0 1 -0,
                -0 1 -0,
                -0 1 -0,
                -0 1 -0,
                -0 1 -0,
                -0 1 -0,
                -0 1 -0,
                -0 1 -0,
                -0 1 -0,
                -0 1 -0,
                -0 1 -0,
                -0 1 -0,
                -0 1 -0,
                -0 1 -0,
                -0 1 -0,
                -0 1 -0,
                -0 1 -0,
                -0 1 -0,
                -0 1 -0,
                -0 1 -0,
                -0 1 -0,
                -0 1 -0,
                -0 1 -0,
                -0 1 -0,
                -0 1 -0,
                -0 1 -0,
                -0 1 -0,
                -0 1 -0,
                -0 1 -0,
                -0 1 -0,
                -0 1 -0,
                -0 1 -0,
                -0 1 -0,
                -0 1 -0,
                -0 1 -0,
                -0 1 -0,
                -0 1 -0,
                -0 1 -0,
                -0 1 -0,
                -0 1 -0,
                -0 1 -0,
                -0 1 -0,
                -0 1 -0,
                -0 1 -0,
                -0 1 -0,
                -0 1 -0,
                -0 1 -0,
                -0 1 -0,
                -0 1 -0,
                -0 1 -0,
                -0 1 -0,
                -0 1 -0,
                -0 1 -0,
                -0 1 -0,
                -0 1 -0,
                -0 1 -0,
                -0 1 -0,
                -0 1 -0,
                -0 1 -0,
                -0 1 -0,
                -0 1 -0,
                -0 1 -0,
                -0 1 -0,
                -0 1 -0,
                -0 1 -0,
                -0 1 -0,
                -0 1 -0,
                -0 1 -0,
                -0 1 -0,
                -0 1 -0,
                -0 1 -0,
                -0 1 -0,
                -0 1 -0,
                -0 1 -0,
                -0 1 -0,
                -0 1 -0,
                -0 1 -0,
                -0 1 -0,
                -0 1 -0,
                -0 1 -0,
                -0 1 -0,
                -0 1 -0,
                -0 1 -0,
                -0 1 -0,
                -0 1 -0,
                -0 1 -0,
                -0 1 -0,
                -0 1 -0,
                -0 1 -0,
                -0 1 -0,
                -0 1 -0,
                -0 1 -0,
                -0 1 -0,
                -0 1 -0,
                -0 1 -0,
                -0 1 -0,
                -0 1 -0,
                -0 1 -0,
                -0 1 -0,
                -0 1 -0,
                -0 1 -0,
                -0 1 -0,
                -0 1 -0,
                -0 1 -0,
                -0 1 -0,
                -0 1 -0,
                -0 1 -0,
                -0 1 -0,
                -0 1 -0,
                -0 1 -0,
                -0 1 -0,
                -0 1 -0,
                -0 1 -0,
                -0 1 -0,
                -0 1 -0,
                -0 1 -0,
                -0 1 -0,
                -0 1 -0,
                -0 1 -0,
                -0 1 -0,
                0 -1 0,
                0 -1 0,
                0 -1 0,
                0 -1 0,
                0 -1 0,
                0 -1 0,
                0 -1 0,
                0 -1 0,
                0 -1 0,
                0 -1 0,
                0 -1 0,
                0 -1 0,
                0 -1 0,
                0 -1 0,
                0 -1 0,
                0 -1 0,
                0 -1 0,
                0 -1 0,
                0 -1 0,
                0 -1 0,
                0 -1 0,
                0 -1 0,
                0 -1 0,
                0 -1 0,
                0 -1 0,
                0 -1 0,
                0 -1 0,
                0 -1 0,
                0 -1 0,
                0 -1 0,
                0 -1 0,
                0 -1 0,
                0 -1 0,
                0 -1 0,
                0 -1 0,
                0 -1 0,
                0 -1 0,
                0 -1 0,
                0 -1 0,
                0 -1 0,
                1.2246469e-16 0 1,
                1.2246469e-16 0 1,
                -0.17364818 0 0.98480773,
                -0.34202015 0 0.93969262,
                -0.5 0 0.86602539,
                -0.64278764 0 0.76604444,
                -0.76604444 0 0.64278764,
                -0.86602539 0 0.5,
                -0.93969262 0 0.34202015,
                -0.98480773 0 0.17364818,
                -1 0 1.8369701e-16,
                -0.98480773 0 -0.17364818,
                -0.93969262 0 -0.34202015,
                -0.86602539 0 -0.5,
                -0.76604444 0 -0.64278764,
                -0.64278764 0 -0.76604444,
                -0.5 0 -0.86602539,
                -0.34202015 0 -0.93969262,
                -0.17364818 0 -0.98480773,
                -2.4492937e-16 0 -1,
                -2.4492937e-16 0 -1,
                -0.17364818 0 -0.98480773,
                -0.34202015 0 -0.93969262,
                -0.5 0 -0.86602539,
                -0.64278764 0 -0.76604444,
                -0.76604444 0 -0.64278764,
                -0.86602539 0 -0.5,
                -0.93969262 0 -0.34202015,
                -0.98480773 0 -0.17364818,
                -1 0 1.8369701e-16,
                -0.98480773 0 0.17364818,
                -0.93969262 0 0.34202015,
                -0.86602539 0 0.5,
                -0.76604444 0 0.64278764,
                -0.64278764 0 0.76604444,
                -0.5 0 0.86602539,
                -0.34202015 0 0.93969262,
                -0.17364818 0 0.98480773,
                0 1 0,
                0 1 0,
                0 1 0,
                0 1 0,
                0 1 0,
                0 1 0,
                0 1 0,
                0 1 0,
                0 1 0,
                0 1 0,
                0 1 0,
                0 1 0,
                0 1 0,
                0 1 0,
                0 1 0,
                0 1 0,
                0 1 0,
                0 1 0,
                0 1 0,
                0 1 0,
                0 1 0,
                0 1 0,
                0 1 0,
                0 1 0,
                0 1 0,
                0 1 0,
                0 1 0,
                0 1 0,
                0 1 0,
                0 1 0,
                0 1 0,
                0 1 0,
                0 1 0,
                0 1 0,
                0 1 0,
                0 1 0,
                -3.061617e-16 1 0,
                -3.061617e-16 0.98480773 -0.17364818,
                -3.061617e-16 0.93969262 -0.34202015,
                -3.061617e-16 0.86602539 -0.5,
                -3.061617e-16 0.76604444 -0.64278764,
                -3.061617e-16 0.64278764 -0.76604444,
                -3.061617e-16 0.5 -0.86602539,
                -3.061617e-16 0.34202015 -0.93969262,
                -3.061617e-16 0.17364818 -0.98480773,
                -3.061617e-16 0 -1,
                -0.17364818 0 -0.98480773,
                -0.34202015 0 -0.93969262,
                -0.5 0 -0.86602539,
                -0.64278764 0 -0.76604444,
                -0.76604444 0 -0.64278764,
                -0.86602539 0 -0.5,
                -0.93969262 0 -0.34202015,
                -0.98480773 0 -0.17364818,
                -1 0 4.5924252e-16,
                -0.98480773 0 0.17364818,
                -0.93969262 0 0.34202015,
                -0.86602539 0 0.5,
                -0.76604444 0 0.64278764,
                -0.64278764 0 0.76604444,
                -0.5 0 0.86602539,
                -0.34202015 0 0.93969262,
                -0.17364818 0 0.98480773,
                6.123234e-16 0 1,
                6.123234e-16 0.17364818 0.98480773,
                6.123234e-16 0.34202015 0.93969262,
                6.123234e-16 0.5 0.86602539,
                6.123234e-16 0.64278764 0.76604444,
                6.123234e-16 0.76604444 0.64278764,
                6.123234e-16 0.86602539 0.5,
                6.123234e-16 0.93969262 0.34202015,
                6.123234e-16 0.98480773 0.17364818,
                6.123234e-16 1 0,
                0 1 0,
                0 1 0,
                0 1 0,
                0 1 0,
                0 1 0,
                0 1 0,
                0 1 0,
                0 1 0,
                0 1 4.5924252e-16,
                0 1 0,
                0 1 0,
                0 1 0,
                0 1 0,
                0 1 0,
                0 1 0,
                0 1 0,
                0 1 0,
                -0.038060233 0.98078525 0.19134171,
                -0.074657835 0.9238795 0.37533027,
                -0.10838638 0.8314696 0.54489511,
                -0.13794969 0.70710677 0.69351995,
                -0.16221167 0.55557024 0.81549317,
                -0.18023996 0.38268343 0.90612745,
                -0.19134171 0.19509032 0.96193975,
                -0.37533027 0.19509032 0.90612745,
                -0.54489511 0.19509032 0.81549317,
                -0.69351995 0.19509032 0.69351995,
                -0.81549317 0.19509032 0.54489511,
                -0.90612745 0.19509032 0.37533027,
                -0.96193975 0.19509032 0.19134171,
                -0.98078525 0.19509032 4.5924252e-16,
                -0.96193975 0.19509032 -0.19134171,
                -0.90612745 0.19509032 -0.37533027,
                -0.81549317 0.19509032 -0.54489511,
                -0.69351995 0.19509032 -0.69351995,
                -0.54489511 0.19509032 -0.81549317,
                -0.37533027 0.19509032 -0.90612745,
                -0.19134171 0.19509032 -0.96193975,
                -0.18023996 0.38268343 -0.90612745,
                -0.16221167 0.55557024 -0.81549317,
                -0.13794969 0.70710677 -0.69351995,
                -0.10838638 0.8314696 -0.54489511,
                -0.074657835 0.9238795 -0.37533027,
                -0.038060233 0.98078525 -0.19134171,
                -0.074657835 0.98078525 -0.18023996,
                -0.10838638 0.98078525 -0.16221167,
                -0.13794969 0.98078525 -0.13794969,
                -0.16221167 0.98078525 -0.10838638,
                -0.18023996 0.98078525 -0.074657835,
                -0.19134171 0.98078525 -0.038060233,
                -0.19509032 0.98078525 4.5924252e-16,
                -0.19134171 0.98078525 0.038060233,
                -0.18023996 0.98078525 0.074657835,
                -0.16221167 0.98078525 0.10838638,
                -0.13794969 0.98078525 0.13794969,
                -0.10838638 0.98078525 0.16221167,
                -0.074657835 0.98078525 0.18023996,
                -0.35355338 0.38268343 -0.85355341,
                -0.51327997 0.38268343 -0.76817775,
                -0.65328151 0.38268343 -0.65328151,
                -0.31818965 0.55557024 -0.76817775,
                -0.27059805 0.70710677 -0.65328151,
                -0.46193975 0.55557024 -0.6913417,
                -0.58793777 0.55557024 -0.58793777,
                -0.39284748 0.70710677 -0.58793777,
                -0.5 0.70710677 -0.5,
                -0.76817775 0.38268343 -0.51327997,
                -0.85355341 0.38268343 -0.35355338,
                -0.90612745 0.38268343 -0.18023996,
                -0.9238795 0.38268343 4.5924252e-16,
                -0.6913417 0.55557024 -0.46193975,
                -0.76817775 0.55557024 -0.31818965,
                -0.58793777 0.70710677 -0.39284748,
                -0.65328151 0.70710677 -0.27059805,
                -0.81549317 0.55557024 -0.16221167,
                -0.8314696 0.55557024 4.5924252e-16,
                -0.69351995 0.70710677 -0.13794969,
                -0.70710677 0.70710677 4.5924252e-16,
                -0.21260752 0.8314696 -0.51327997,
                -0.14644662 0.9238795 -0.35355338,
                -0.30865827 0.8314696 -0.46193975,
                -0.39284748 0.8314696 -0.39284748,
                -0.21260752 0.9238795 -0.31818965,
                -0.27059805 0.9238795 -0.27059805,
                -0.46193975 0.8314696 -0.30865827,
                -0.51327997 0.8314696 -0.21260752,
                -0.31818965 0.9238795 -0.21260752,
                -0.35355338 0.9238795 -0.14644662,
                -0.54489511 0.8314696 -0.10838638,
                -0.55557024 0.8314696 4.5924252e-16,
                -0.37533027 0.9238795 -0.074657835,
                -0.38268343 0.9238795 4.5924252e-16,
                -0.90612745 0.38268343 0.18023996,
                -0.85355341 0.38268343 0.35355338,
                -0.76817775 0.38268343 0.51327997,
                -0.65328151 0.38268343 0.65328151,
                -0.81549317 0.55557024 0.16221167,
                -0.76817775 0.55557024 0.31818965,
                -0.69351995 0.70710677 0.13794969,
                -0.65328151 0.70710677 0.27059805,
                -0.6913417 0.55557024 0.46193975,
                -0.58793777 0.55557024 0.58793777,
                -0.58793777 0.70710677 0.39284748,
                -0.5 0.70710677 0.5,
                -0.51327997 0.38268343 0.76817775,
                -0.35355338 0.38268343 0.85355341,
                -0.46193975 0.55557024 0.6913417,
                -0.31818965 0.55557024 0.76817775,
                -0.39284748 0.70710677 0.58793777,
                -0.27059805 0.70710677 0.65328151,
                -0.54489511 0.8314696 0.10838638,
                -0.51327997 0.8314696 0.21260752,
                -0.37533027 0.9238795 0.074657835,
                -0.35355338 0.9238795 0.14644662,
                -0.46193975 0.8314696 0.30865827,
                -0.39284748 0.8314696 0.39284748,
                -0.31818965 0.9238795 0.21260752,
                -0.27059805 0.9238795 0.27059805,
                -0.30865827 0.8314696 0.46193975,
                -0.21260752 0.8314696 0.51327997,
                -0.21260752 0.9238795 0.31818965,
                -0.14644662 0.9238795 0.35355338,
                0 0 1,
                0 0 1,
                -0.12589978 0 0.99204296,
                -0.24979599 0 0.96829849,
                -0.40525743 0 0.91420263,
                -0.54973859 0 0.83533674,
                -0.67932475 0 0.73383778,
                -0.79050487 0 0.61245573,
                -0.88026661 0 0.47447941,
                -0.94617784 0 0.32364726,
                -0.9864527 0 0.16404602,
                -1 0 8.8817842e-16,
                -0.9864527 0 -0.16404602,
                -0.94617784 0 -0.32364726,
                -0.88026661 0 -0.47447941,
                -0.79050487 0 -0.61245573,
                -0.67932475 0 -0.73383778,
                -0.54973859 0 -0.83533674,
                -0.40525743 0 -0.91420263,
                -0.24979599 0 -0.96829849,
                -0.12589978 0 -0.99204296,
                -4.4408921e-16 0 -1,
                -4.4408921e-16 0 -1,
                -0.17364818 0 -0.98480773,
                -0.34202015 0 -0.93969262,
                -0.5 0 -0.86602539,
                -0.64278764 0 -0.76604444,
                -0.76604444 0 -0.64278764,
                -0.86602539 0 -0.5,
                -0.93969262 0 -0.34202015,
                -0.98480773 0 -0.17364818,
                -1 0 0,
                -0.98480773 0 0.17364818,
                -0.93969262 0 0.34202015,
                -0.86602539 0 0.5,
                -0.76604444 0 0.64278764,
                -0.64278764 0 0.76604444,
                -0.5 0 0.86602539,
                -0.34202015 0 0.93969262,
                -0.17364818 0 0.98480773,
                0 0 1,
                0 0 1,
                -0.12589978 0 0.99204296,
                -0.24979599 0 0.96829849,
                -0.40525743 0 0.91420263,
                -0.54973859 0 0.83533674,
                -0.67932475 0 0.73383778,
                -0.79050487 0 0.61245573,
                -0.88026661 0 0.47447941,
                -0.94617784 0 0.32364726,
                -0.9864527 0 0.16404602,
                -1 0 8.8817842e-16,
                -0.9864527 0 -0.16404602,
                -0.94617784 0 -0.32364726,
                -0.88026661 0 -0.47447941,
                -0.79050487 0 -0.61245573,
                -0.67932475 0 -0.73383778,
                -0.54973859 0 -0.83533674,
                -0.40525743 0 -0.91420263,
                -0.24979599 0 -0.96829849,
                -0.12589978 0 -0.99204296,
                -4.4408921e-16 0 -1,
                -4.4408921e-16 0 -1,
                -0.17364818 0 -0.98480773,
                -0.34202015 0 -0.93969262,
                -0.5 0 -0.86602539,
                -0.64278764 0 -0.76604444,
                -0.76604444 0 -0.64278764,
                -0.86602539 0 -0.5,
                -0.93969262 0 -0.34202015,
                -0.98480773 0 -0.17364818,
                -1 0 0,
                -0.98480773 0 0.17364818,
                -0.93969262 0 0.34202015,
                -0.86602539 0 0.5,
                -0.76604444 0 0.64278764,
                -0.64278764 0 0.76604444,
                -0.5 0 0.86602539,
                -0.34202015 0 0.93969262,
                -0.17364818 0 0.98480773,
                0 0 1,
                0 0 1,
                -0.12589978 0 0.99204296,
                -0.24979599 0 0.96829849,
                -0.40525743 0 0.91420263,
                -0.54973859 0 0.83533674,
                -0.67932475 0 0.73383778,
                -0.79050487 0 0.61245573,
                -0.88026661 0 0.47447941,
                -0.94617784 0 0.32364726,
                -0.9864527 0 0.16404602,
                -1 0 0,
                -0.9864527 0 -0.16404602,
                -0.94617784 0 -0.32364726,
                -0.88026661 0 -0.47447941,
                -0.79050487 0 -0.61245573,
                -0.67932475 0 -0.73383778,
                -0.54973859 0 -0.83533674,
                -0.40525743 0 -0.91420263,
                -0.24979599 0 -0.96829849,
                -0.12589978 0 -0.99204296,
                -4.4408921e-16 0 -1,
                -4.4408921e-16 0 -1,
                -0.17364818 0 -0.98480773,
                -0.34202015 0 -0.93969262,
                -0.5 0 -0.86602539,
                -0.64278764 0 -0.76604444,
                -0.76604444 0 -0.64278764,
                -0.86602539 0 -0.5,
                -0.93969262 0 -0.34202015,
                -0.98480773 0 -0.17364818,
                -1 0 0,
                -0.98480773 0 0.17364818,
                -0.93969262 0 0.34202015,
                -0.86602539 0 0.5,
                -0.76604444 0 0.64278764,
                -0.64278764 0 0.76604444,
                -0.5 0 0.86602539,
                -0.34202015 0 0.93969262,
                -0.17364818 0 0.98480773,
                0 0 1,
                0 0 1,
                -0.12589978 0 0.99204296,
                -0.24979599 0 0.96829849,
                -0.40525743 0 0.91420263,
                -0.54973859 0 0.83533674,
                -0.67932475 0 0.73383778,
                -0.79050487 0 0.61245573,
                -0.88026661 0 0.47447941,
                -0.94617784 0 0.32364726,
                -0.9864527 0 0.16404602,
                -1 0 0,
                -0.9864527 0 -0.16404602,
                -0.94617784 0 -0.32364726,
                -0.88026661 0 -0.47447941,
                -0.79050487 0 -0.61245573,
                -0.67932475 0 -0.73383778,
                -0.54973859 0 -0.83533674,
                -0.40525743 0 -0.91420263,
                -0.24979599 0 -0.96829849,
                -0.12589978 0 -0.99204296,
                -4.4408921e-16 0 -1,
                -4.4408921e-16 0 -1,
                -0.17364818 0 -0.98480773,
                -0.34202015 0 -0.93969262,
                -0.5 0 -0.86602539,
                -0.64278764 0 -0.76604444,
                -0.76604444 0 -0.64278764,
                -0.86602539 0 -0.5,
                -0.93969262 0 -0.34202015,
                -0.98480773 0 -0.17364818,
                -1 0 0,
                -0.98480773 0 0.17364818,
                -0.93969262 0 0.34202015,
                -0.86602539 0 0.5,
                -0.76604444 0 0.64278764,
                -0.64278764 0 0.76604444,
                -0.5 0 0.86602539,
                -0.34202015 0 0.93969262,
                -0.17364818 0 0.98480773,
                -0.24979599 0 0.96829849,
                -0.24954954 0.11112157 0.9619652,
                -0.24873824 0.22054501 0.94312733,
                -0.24723551 0.32702544 0.91210139,
                -0.24491119 0.4291909 0.86937547,
                -0.24163462 0.52564764 0.8156637,
                -0.23726648 0.61508977 0.75191033,
                -0.23163655 0.69639647 0.67924696,
                -0.2244996 0.76867992 0.59894168,
                -0.21536562 0.83147597 0.51211852,
                -0.20340808 0.88427472 0.42033723,
                -0.18763469 0.92648166 0.32622838,
                -0.16689259 0.95791382 0.2335552,
                -0.14000942 0.97914022 0.1472473,
                -0.10723422 0.99141622 0.074797899,
                -0.06227478 0.99805856 -0.00096154818,
                -0.10985464 0.99075383 -0.079616427,
                -0.14207403 0.97798306 -0.15285312,
                -0.16837321 0.95624119 -0.23927642,
                -0.18866795 0.92432934 -0.33169207,
                -0.20410979 0.88177496 -0.42522007,
                -0.21585383 0.82870799 -0.51638186,
                -0.22486357 0.76558119 -0.60276186,
                -0.23192178 0.69292462 -0.68269157,
                -0.23749839 0.61135864 -0.75487423,
                -0.24182604 0.521797 -0.81807584,
                -0.24506427 0.42541298 -0.87118727,
                -0.24734578 0.32358372 -0.91329819,
                -0.24880135 0.21778871 -0.94375104,
                -0.24956976 0.10948782 -0.96214724,
                -0.24979599 0 -0.96829849,
                -0.40525743 0 -0.91420263,
                -0.54973859 0 -0.83533674,
                -0.67932475 0 -0.73383778,
                -0.79050487 0 -0.61245573,
                -0.88026661 0 -0.47447941,
                -0.94617784 0 -0.32364726,
                -0.9864527 0 -0.16404602,
                -1 0 0,
                -0.9864527 0 0.16404602,
                -0.94617784 0 0.32364726,
                -0.88026661 0 0.47447941,
                -0.79050487 0 0.61245573,
                -0.67932475 0 0.73383778,
                -0.54973859 0 0.83533674,
                -0.40525743 0 0.91420263,
                -0.40253586 0.9049896 0.13769042,
                -0.33630738 0.9049896 0.26055926,
                -0.46444353 0.80920404 0.3598347,
                -0.57611543 0.68473274 0.44635421,
                -0.40064633 0.68473274 0.60878867,
                -0.46410337 0.53598803 0.70521265,
                -0.51110822 0.36824295 0.77663732,
                -0.53999466 0.18744385 0.82053065,
                -0.77649343 0.18744385 0.60160011,
                -0.92940712 0.18744385 0.31791073,
                -0.98227531 0.18744385 0,
                -0.92940712 0.18744385 -0.31791073,
                -0.77649343 0.18744385 -0.60160011,
                -0.53999466 0.18744385 -0.82053065,
                -0.51110822 0.36824295 -0.77663732,
                -0.46410337 0.53598803 -0.70521265,
                -0.40064633 0.68473274 -0.60878867,
                -0.57611543 0.68473274 -0.44635421,
                -0.46444353 0.80920404 -0.3598347,
                -0.33630738 0.9049896 -0.26055926,
                -0.40253586 0.9049896 -0.13769042,
                -0.23489641 0.96869391 -0.080348089,
                -0.24825822 0.96869391 0,
                -0.23489641 0.96869391 0.080348089,
                -0.32298663 0.80920404 -0.49078348,
                -0.23387727 0.9049896 -0.35538036,
                -0.19624934 0.96869391 -0.15204716,
                -0.19624934 0.96869391 0.15204716,
                -0.32298663 0.80920404 0.49078348,
                -0.23387727 0.9049896 0.35538036,
                -0.73495579 0.36824295 -0.56941819,
                -0.66736448 0.53598803 -0.5170508,
                -0.87968951 0.36824295 -0.30090445,
                -0.92972958 0.36824295 0,
                -0.79878747 0.53598803 -0.2732313,
                -0.689569 0.68473274 -0.23587227,
                -0.84422559 0.53598803 0,
                -0.72879428 0.68473274 0,
                -0.55590564 0.80920404 -0.19015174,
                -0.58752769 0.80920404 0,
                -0.42543364 0.9049896 0,
                -0.87968951 0.36824295 0.30090445,
                -0.73495579 0.36824295 0.56941819,
                -0.79878747 0.53598803 0.2732313,
                -0.689569 0.68473274 0.23587227,
                -0.66736448 0.53598803 0.5170508,
                -0.55590564 0.80920404 0.19015174,
                -0.24979599 0 0.96829849,
                -0.24954954 0.11112157 0.9619652,
                -0.24873824 0.22054501 0.94312733,
                -0.24723551 0.32702544 0.91210139,
                -0.24491119 0.4291909 0.86937547,
                -0.24163462 0.52564764 0.8156637,
                -0.23726648 0.61508977 0.75191033,
                -0.23163655 0.69639647 0.67924696,
                -0.2244996 0.76867992 0.59894168,
                -0.21536562 0.83147597 0.51211852,
                -0.20340808 0.88427472 0.42033723,
                -0.18763469 0.92648166 0.32622838,
                -0.16689259 0.95791382 0.2335552,
                -0.14000942 0.97914022 0.1472473,
                -0.10723422 0.99141622 0.074797899,
                -0.06227478 0.99805856 -0.00096154818,
                -0.10985464 0.99075383 -0.079616427,
                -0.14207403 0.97798306 -0.15285312,
                -0.16837321 0.95624119 -0.23927642,
                -0.18866795 0.92432934 -0.33169207,
                -0.20410979 0.88177496 -0.42522007,
                -0.21585383 0.82870799 -0.51638186,
                -0.22486357 0.76558119 -0.60276186,
                -0.23192178 0.69292462 -0.68269157,
                -0.23749839 0.61135864 -0.75487423,
                -0.24182604 0.521797 -0.81807584,
                -0.24506427 0.42541298 -0.87118727,
                -0.24734578 0.32358372 -0.91329819,
                -0.24880135 0.21778871 -0.94375104,
                -0.24956976 0.10948782 -0.96214724,
                -0.24979599 0 -0.96829849,
                -0.40525743 0 -0.91420263,
                -0.54973859 0 -0.83533674,
                -0.67932475 0 -0.73383778,
                -0.79050487 0 -0.61245573,
                -0.88026661 0 -0.47447941,
                -0.94617784 0 -0.32364726,
                -0.9864527 0 -0.16404602,
                -1 0 0,
                -0.9864527 0 0.16404602,
                -0.94617784 0 0.32364726,
                -0.88026661 0 0.47447941,
                -0.79050487 0 0.61245573,
                -0.67932475 0 0.73383778,
                -0.54973859 0 0.83533674,
                -0.40525743 0 0.91420263,
                -0.40253586 0.9049896 0.13769042,
                -0.33630738 0.9049896 0.26055926,
                -0.46444353 0.80920404 0.3598347,
                -0.57611543 0.68473274 0.44635421,
                -0.40064633 0.68473274 0.60878867,
                -0.46410337 0.53598803 0.70521265,
                -0.51110822 0.36824295 0.77663732,
                -0.53999466 0.18744385 0.82053065,
                -0.77649343 0.18744385 0.60160011,
                -0.92940712 0.18744385 0.31791073,
                -0.98227531 0.18744385 0,
                -0.92940712 0.18744385 -0.31791073,
                -0.77649343 0.18744385 -0.60160011,
                -0.53999466 0.18744385 -0.82053065,
                -0.51110822 0.36824295 -0.77663732,
                -0.46410337 0.53598803 -0.70521265,
                -0.40064633 0.68473274 -0.60878867,
                -0.57611543 0.68473274 -0.44635421,
                -0.46444353 0.80920404 -0.3598347,
                -0.33630738 0.9049896 -0.26055926,
                -0.40253586 0.9049896 -0.13769042,
                -0.23489641 0.96869391 -0.080348089,
                -0.24825822 0.96869391 0,
                -0.23489641 0.96869391 0.080348089,
                -0.32298663 0.80920404 -0.49078348,
                -0.23387727 0.9049896 -0.35538036,
                -0.19624934 0.96869391 -0.15204716,
                -0.19624934 0.96869391 0.15204716,
                -0.32298663 0.80920404 0.49078348,
                -0.23387727 0.9049896 0.35538036,
                -0.73495579 0.36824295 -0.56941819,
                -0.66736448 0.53598803 -0.5170508,
                -0.87968951 0.36824295 -0.30090445,
                -0.92972958 0.36824295 0,
                -0.79878747 0.53598803 -0.2732313,
                -0.689569 0.68473274 -0.23587227,
                -0.84422559 0.53598803 0,
                -0.72879428 0.68473274 0,
                -0.55590564 0.80920404 -0.19015174,
                -0.58752769 0.80920404 0,
                -0.42543364 0.9049896 0,
                -0.87968951 0.36824295 0.30090445,
                -0.73495579 0.36824295 0.56941819,
                -0.79878747 0.53598803 0.2732313,
                -0.689569 0.68473274 0.23587227,
                -0.66736448 0.53598803 0.5170508,
                -0.55590564 0.80920404 0.19015174,
                -0.24979599 0 0.96829849,
                -0.24954954 0.11112157 0.9619652,
                -0.24873824 0.22054501 0.94312733,
                -0.24723551 0.32702544 0.91210139,
                -0.24491119 0.4291909 0.86937547,
                -0.24163462 0.52564764 0.8156637,
                -0.23726648 0.61508977 0.75191033,
                -0.23163655 0.69639647 0.67924696,
                -0.2244996 0.76867992 0.59894168,
                -0.21536562 0.83147597 0.51211852,
                -0.20340808 0.88427472 0.42033723,
                -0.18763469 0.92648166 0.32622838,
                -0.16689259 0.95791382 0.2335552,
                -0.14000942 0.97914022 0.1472473,
                -0.10723422 0.99141622 0.074797899,
                -0.06227478 0.99805856 -0.00096154818,
                -0.10985464 0.99075383 -0.079616427,
                -0.14207403 0.97798306 -0.15285312,
                -0.16837321 0.95624119 -0.23927642,
                -0.18866795 0.92432934 -0.33169207,
                -0.20410979 0.88177496 -0.42522007,
                -0.21585383 0.82870799 -0.51638186,
                -0.22486357 0.76558119 -0.60276186,
                -0.23192178 0.69292462 -0.68269157,
                -0.23749839 0.61135864 -0.75487423,
                -0.24182604 0.521797 -0.81807584,
                -0.24506427 0.42541298 -0.87118727,
                -0.24734578 0.32358372 -0.91329819,
                -0.24880135 0.21778871 -0.94375104,
                -0.24956976 0.10948782 -0.96214724,
                -0.24979599 0 -0.96829849,
                -0.40525743 0 -0.91420263,
                -0.54973859 0 -0.83533674,
                -0.67932475 0 -0.73383778,
                -0.79050487 0 -0.61245573,
                -0.88026661 0 -0.47447941,
                -0.94617784 0 -0.32364726,
                -0.9864527 0 -0.16404602,
                -1 0 0,
                -0.9864527 0 0.16404602,
                -0.94617784 0 0.32364726,
                -0.88026661 0 0.47447941,
                -0.79050487 0 0.61245573,
                -0.67932475 0 0.73383778,
                -0.54973859 0 0.83533674,
                -0.40525743 0 0.91420263,
                -0.40253586 0.9049896 0.13769042,
                -0.33630738 0.9049896 0.26055926,
                -0.46444353 0.80920404 0.3598347,
                -0.57611543 0.68473274 0.44635421,
                -0.40064633 0.68473274 0.60878867,
                -0.46410337 0.53598803 0.70521265,
                -0.51110822 0.36824295 0.77663732,
                -0.53999466 0.18744385 0.82053065,
                -0.77649343 0.18744385 0.60160011,
                -0.92940712 0.18744385 0.31791073,
                -0.98227531 0.18744385 0,
                -0.92940712 0.18744385 -0.31791073,
                -0.77649343 0.18744385 -0.60160011,
                -0.53999466 0.18744385 -0.82053065,
                -0.51110822 0.36824295 -0.77663732,
                -0.46410337 0.53598803 -0.70521265,
                -0.40064633 0.68473274 -0.60878867,
                -0.57611543 0.68473274 -0.44635421,
                -0.46444353 0.80920404 -0.3598347,
                -0.33630738 0.9049896 -0.26055926,
                -0.40253586 0.9049896 -0.13769042,
                -0.23489641 0.96869391 -0.080348089,
                -0.24825822 0.96869391 0,
                -0.23489641 0.96869391 0.080348089,
                -0.32298663 0.80920404 -0.49078348,
                -0.23387727 0.9049896 -0.35538036,
                -0.19624934 0.96869391 -0.15204716,
                -0.19624934 0.96869391 0.15204716,
                -0.32298663 0.80920404 0.49078348,
                -0.23387727 0.9049896 0.35538036,
                -0.73495579 0.36824295 -0.56941819,
                -0.66736448 0.53598803 -0.5170508,
                -0.87968951 0.36824295 -0.30090445,
                -0.92972958 0.36824295 0,
                -0.79878747 0.53598803 -0.2732313,
                -0.689569 0.68473274 -0.23587227,
                -0.84422559 0.53598803 0,
                -0.72879428 0.68473274 0,
                -0.55590564 0.80920404 -0.19015174,
                -0.58752769 0.80920404 0,
                -0.42543364 0.9049896 0,
                -0.87968951 0.36824295 0.30090445,
                -0.73495579 0.36824295 0.56941819,
                -0.79878747 0.53598803 0.2732313,
                -0.689569 0.68473274 0.23587227,
                -0.66736448 0.53598803 0.5170508,
                -0.55590564 0.80920404 0.19015174,
                -0.24979599 0 0.96829849,
                -0.24954954 0.11112157 0.9619652,
                -0.24873824 0.22054501 0.94312733,
                -0.24723551 0.32702544 0.91210139,
                -0.24491119 0.4291909 0.86937547,
                -0.24163462 0.52564764 0.8156637,
                -0.23726648 0.61508977 0.75191033,
                -0.23163655 0.69639647 0.67924696,
                -0.2244996 0.76867992 0.59894168,
                -0.21536562 0.83147597 0.51211852,
                -0.20340808 0.88427472 0.42033723,
                -0.18763469 0.92648166 0.32622838,
                -0.16689259 0.95791382 0.2335552,
                -0.14000942 0.97914022 0.1472473,
                -0.10723422 0.99141622 0.074797899,
                -0.06227478 0.99805856 -0.00096154818,
                -0.10985464 0.99075383 -0.079616427,
                -0.14207403 0.97798306 -0.15285312,
                -0.16837321 0.95624119 -0.23927642,
                -0.18866795 0.92432934 -0.33169207,
                -0.20410979 0.88177496 -0.42522007,
                -0.21585383 0.82870799 -0.51638186,
                -0.22486357 0.76558119 -0.60276186,
                -0.23192178 0.69292462 -0.68269157,
                -0.23749839 0.61135864 -0.75487423,
                -0.24182604 0.521797 -0.81807584,
                -0.24506427 0.42541298 -0.87118727,
                -0.24734578 0.32358372 -0.91329819,
                -0.24880135 0.21778871 -0.94375104,
                -0.24956976 0.10948782 -0.96214724,
                -0.24979599 0 -0.96829849,
                -0.40525743 0 -0.91420263,
                -0.54973859 0 -0.83533674,
                -0.67932475 0 -0.73383778,
                -0.79050487 0 -0.61245573,
                -0.88026661 0 -0.47447941,
                -0.94617784 0 -0.32364726,
                -0.9864527 0 -0.16404602,
                -1 0 0,
                -0.9864527 0 0.16404602,
                -0.94617784 0 0.32364726,
                -0.88026661 0 0.47447941,
                -0.79050487 0 0.61245573,
                -0.67932475 0 0.73383778,
                -0.54973859 0 0.83533674,
                -0.40525743 0 0.91420263,
                -0.40253586 0.9049896 0.13769042,
                -0.33630738 0.9049896 0.26055926,
                -0.46444353 0.80920404 0.3598347,
                -0.57611543 0.68473274 0.44635421,
                -0.40064633 0.68473274 0.60878867,
                -0.46410337 0.53598803 0.70521265,
                -0.51110822 0.36824295 0.77663732,
                -0.53999466 0.18744385 0.82053065,
                -0.77649343 0.18744385 0.60160011,
                -0.92940712 0.18744385 0.31791073,
                -0.98227531 0.18744385 0,
                -0.92940712 0.18744385 -0.31791073,
                -0.77649343 0.18744385 -0.60160011,
                -0.53999466 0.18744385 -0.82053065,
                -0.51110822 0.36824295 -0.77663732,
                -0.46410337 0.53598803 -0.70521265,
                -0.40064633 0.68473274 -0.60878867,
                -0.57611543 0.68473274 -0.44635421,
                -0.46444353 0.80920404 -0.3598347,
                -0.33630738 0.9049896 -0.26055926,
                -0.40253586 0.9049896 -0.13769042,
                -0.23489641 0.96869391 -0.080348089,
                -0.24825822 0.96869391 0,
                -0.23489641 0.96869391 0.080348089,
                -0.32298663 0.80920404 -0.49078348,
                -0.23387727 0.9049896 -0.35538036,
                -0.19624934 0.96869391 -0.15204716,
                -0.19624934 0.96869391 0.15204716,
                -0.32298663 0.80920404 0.49078348,
                -0.23387727 0.9049896 0.35538036,
                -0.73495579 0.36824295 -0.56941819,
                -0.66736448 0.53598803 -0.5170508,
                -0.87968951 0.36824295 -0.30090445,
                -0.92972958 0.36824295 0,
                -0.79878747 0.53598803 -0.2732313,
                -0.689569 0.68473274 -0.23587227,
                -0.84422559 0.53598803 0,
                -0.72879428 0.68473274 0,
                -0.55590564 0.80920404 -0.19015174,
                -0.58752769 0.80920404 0,
                -0.42543364 0.9049896 0,
                -0.87968951 0.36824295 0.30090445,
                -0.73495579 0.36824295 0.56941819,
                -0.79878747 0.53598803 0.2732313,
                -0.689569 0.68473274 0.23587227,
                -0.66736448 0.53598803 0.5170508,
                -0.55590564 0.80920404 0.19015174,
                1 -0 0,
                1 -0 0,
                1 -0 0,
                1 -0 0,
                1 -0 0,
                1 -0 0,
                1 -0 0,
                1 -0 0,
                1 -0 0,
                1 -0 0,
                1 -0 0,
                1 -0 0,
                1 -0 0,
                1 -0 0,
                1 -0 0,
                1 -0 0,
                1 -0 0,
                1 -0 0,
                1 -0 0,
                1 -0 0,
                1 -0 0,
                1 -0 0,
                1 -0 0,
                1 -0 0,
                1 -0 0,
                1 -0 0,
                1 -0 0,
                1 -0 0,
                1 -0 0,
                1 -0 0,
                1 -0 0,
                -0 1 -0,
                -0 1 -0,
                -0 1 -0,
                -0 1 -0,
                -0 1 -0,
                -0 1 -0,
                -0 1 -0,
                -0 1 -0,
                -0 1 -0,
                -0 1 -0,
                -1 -0 -0,
                -1 -0 -0,
                -1 -0 -0,
                -1 -0 -0,
                -1 -0 -0,
                -1 -0 -0,
                -1 -0 -0,
                -1 -0 -0,
                -1 -0 -0,
                -1 -0 -0,
                -1 -0 -0,
                -1 -0 -0,
                -1 -0 -0,
                -1 -0 -0,
                -1 -0 -0,
                -1 -0 -0,
                -1 -0 -0,
                -1 -0 -0,
                -1 -0 -0,
                -1 -0 -0,
                -1 -0 -0,
                -1 -0 -0,
                -1 -0 -0,
                -1 -0 -0,
                -1 -0 -0,
                -1 -0 -0,
                -1 -0 -0,
                -1 -0 -0,
                -1 -0 -0,
                -1 -0 -0,
                -1 -0 -0,
                -1 -0 -0,
                -1 -0 -0,
                -1 -0 -0,
                -1 -0 -0,
                -1 -0 -0,
                -1 -0 -0,
                -1 -0 -0,
                -1 -0 -0,
                -1 -0 -0,
                -1 -0 -0,
                -1 -0 -0,
                -1 -0 -0,
                -1 -0 -0,
                -1 -0 -0,
                -1 -0 -0,
                -1 -0 -0,
                -1 -0 -0,
                -1 -0 -0,
                -1 -0 -0,
                -1 -0 -0,
                -1 -0 -0,
                -1 -0 -0,
                -1 -0 -0,
                -1 -0 -0,
                -1 -0 -0,
                -1 -0 -0,
                -1 -0 -0,
                -1 -0 -0,
                -1 -0 -0,
                -1 -0 -0,
                -1 -0 -0,
                -0 1 -0,
                -0 1 -0,
                -0 1 -0,
                -0 1 -0,
                -0 1 -0,
                -0 1 -0,
                -0 1 -0,
                -0 1 -0,
                -0 1 -0,
                -0 1 -0,
                1 -0 0,
                1 -0 0,
                1 -0 0,
                1 -0 0,
                1 -0 0,
                1 -0 0,
                1 -0 0,
                1 -0 0,
                1 -0 0,
                1 -0 0,
                1 -0 0,
                1 -0 0,
                1 -0 0,
                1 -0 0,
                1 -0 0,
                1 -0 0,
                1 -0 0,
                1 -0 0,
                1 -0 0,
                1 -0 0,
                1 -0 0,
                1 -0 0,
                1 -0 0,
                1 -0 0,
                1 -0 0,
                1 -0 0,
                1 -0 0,
                1 -0 0,
                1 -0 0,
                1 -0 0,
                1 -0 0,
                1 -0 0,
                1 -0 0,
                1 -0 0,
                1 -0 0,
                1 -0 0,
                1 -0 0,
                1 -0 0,
                1 -0 0,
                1 -0 0,
                1 -0 0,
                1 -0 0,
                1 -0 0,
                1 -0 0,
                1 -0 0,
                1 -0 0,
                1 -0 0,
                1 -0 0,
                1 -0 0,
                1 -0 0,
                1 -0 0,
                1 -0 0,
                1 -0 0,
                1 -0 0,
                1 -0 0,
                1 -0 0,
                1 -0 0,
                1 -0 0,
                1 -0 0,
                1 -0 0,
                1 -0 0,
                1 -0 0,
                -0 1 0,
                -0 1 0,
                -0 1 0,
                -0 1 0,
                -0 1 0,
                -0 1 0,
                -0 1 0,
                -0 1 0,
                -0 1 0,
                -0 1 0,
                -1 -0 -0,
                -1 -0 -0,
                -1 -0 -0,
                -1 -0 -0,
                -1 -0 -0,
                -1 -0 -0,
                -1 -0 -0,
                -1 -0 -0,
                -1 -0 -0,
                -1 -0 -0,
                -1 -0 -0,
                -1 -0 -0,
                -1 -0 -0,
                -1 -0 -0,
                -1 -0 -0,
                -1 -0 -0,
                -1 -0 -0,
                -1 -0 -0,
                -1 -0 -0,
                -1 -0 -0,
                -1 -0 -0,
                -1 -0 -0,
                -1 -0 -0,
                -1 -0 -0,
                -1 -0 -0,
                -1 -0 -0,
                -1 -0 -0,
                -1 -0 -0,
                -1 -0 -0,
                -1 -0 -0,
                -1 -0 -0,
                -1 -0 -0,
                -1 -0 -0,
                -1 -0 -0,
                -1 -0 -0,
                -1 -0 -0,
                -1 -0 -0,
                -1 -0 -0,
                -1 -0 -0,
                -1 -0 -0,
                -1 -0 -0,
                -1 -0 -0,
                -1 -0 -0,
                -1 -0 -0,
                -1 -0 -0,
                -1 -0 -0,
                -1 -0 -0,
                -1 -0 -0,
                -1 -0 -0,
                -1 -0 -0,
                -1 -0 -0,
                -1 -0 -0,
                -1 -0 -0,
                -1 -0 -0,
                -1 -0 -0,
                -1 -0 -0,
                -1 -0 -0,
                -1 -0 -0,
                -1 -0 -0,
                -1 -0 -0,
                -1 -0 -0,
                -1 -0 -0,
                -0 1 0,
                -0 1 0,
                -0 1 0,
                -0 1 0,
                -0 1 0,
                -0 1 0,
                -0 1 0,
                -0 1 0,
                -0 1 0,
                -0 1 0,
                1 -0 0,
                1 -0 0,
                1 -0 0,
                1 -0 0,
                1 -0 0,
                1 -0 0,
                1 -0 0,
                1 -0 0,
                1 -0 0,
                1 -0 0,
                1 -0 0,
                1 -0 0,
                1 -0 0,
                1 -0 0,
                1 -0 0,
                1 -0 0,
                1 -0 0,
                1 -0 0,
                1 -0 0,
                1 -0 0,
                1 -0 0,
                1 -0 0,
                1 -0 0,
                1 -0 0,
                1 -0 0,
                1 -0 0,
                1 -0 0,
                1 -0 0,
                1 -0 0,
                1 -0 0,
                1 -0 0

              ]
            }
            coordIndex [
              55 1 54 -1 
              2 54 0 -1 
              55 54 2 -1 
              56 1 55 -1 
              87 1 56 -1 
              87 56 57 -1 
              86 57 58 -1 
              85 58 59 -1 
              84 59 60 -1 
              82 61 62 -1 
              79 63 64 -1 
              76 66 67 -1 
              5 70 71 -1 
              72 71 3 -1 
              73 69 70 -1 
              72 3 4 -1 
              74 68 69 -1 
              5 71 72 -1 
              75 67 68 -1 
              73 70 5 -1 
              77 65 66 -1 
              74 69 73 -1 
              78 64 65 -1 
              75 68 74 -1 
              81 62 63 -1 
              76 67 75 -1 
              83 60 61 -1 
              77 66 76 -1 
              78 65 77 -1 
              79 64 78 -1 
              80 63 79 -1 
              81 63 80 -1 
              82 62 81 -1 
              83 61 82 -1 
              84 60 83 -1 
              85 59 84 -1 
              86 58 85 -1 
              87 57 86 -1 
              89 7 88 -1 
              8 88 6 -1 
              89 88 8 -1 
              90 7 89 -1 
              121 7 90 -1 
              121 90 91 -1 
              120 91 92 -1 
              119 92 93 -1 
              118 93 94 -1 
              116 95 96 -1 
              113 97 98 -1 
              110 100 101 -1 
              11 104 105 -1 
              106 105 9 -1 
              107 103 104 -1 
              106 9 10 -1 
              108 102 103 -1 
              11 105 106 -1 
              109 101 102 -1 
              107 104 11 -1 
              111 99 100 -1 
              108 103 107 -1 
              112 98 99 -1 
              109 102 108 -1 
              115 96 97 -1 
              110 101 109 -1 
              117 94 95 -1 
              111 100 110 -1 
              112 99 111 -1 
              113 98 112 -1 
              114 97 113 -1 
              115 97 114 -1 
              116 96 115 -1 
              117 95 116 -1 
              118 94 117 -1 
              119 93 118 -1 
              120 92 119 -1 
              121 91 120 -1 
              123 12 122 -1 
              14 122 13 -1 
              123 122 14 -1 
              124 12 123 -1 
              155 12 124 -1 
              155 124 125 -1 
              154 125 126 -1 
              153 126 127 -1 
              152 127 128 -1 
              150 129 130 -1 
              147 131 132 -1 
              144 134 135 -1 
              17 138 139 -1 
              140 139 15 -1 
              141 137 138 -1 
              140 15 16 -1 
              142 136 137 -1 
              17 139 140 -1 
              143 135 136 -1 
              141 138 17 -1 
              145 133 134 -1 
              142 137 141 -1 
              146 132 133 -1 
              143 136 142 -1 
              149 130 131 -1 
              144 135 143 -1 
              151 128 129 -1 
              145 134 144 -1 
              146 133 145 -1 
              147 132 146 -1 
              148 131 147 -1 
              149 131 148 -1 
              150 130 149 -1 
              151 129 150 -1 
              152 128 151 -1 
              153 127 152 -1 
              154 126 153 -1 
              155 125 154 -1 
              157 18 156 -1 
              20 156 19 -1 
              157 156 20 -1 
              158 18 157 -1 
              189 18 158 -1 
              189 158 159 -1 
              188 159 160 -1 
              187 160 161 -1 
              186 161 162 -1 
              184 163 164 -1 
              181 165 166 -1 
              178 168 169 -1 
              23 172 173 -1 
              174 173 21 -1 
              175 171 172 -1 
              174 21 22 -1 
              176 170 171 -1 
              23 173 174 -1 
              177 169 170 -1 
              175 172 23 -1 
              179 167 168 -1 
              176 171 175 -1 
              180 166 167 -1 
              177 170 176 -1 
              183 164 165 -1 
              178 169 177 -1 
              185 162 163 -1 
              179 168 178 -1 
              180 167 179 -1 
              181 166 180 -1 
              182 165 181 -1 
              183 165 182 -1 
              184 164 183 -1 
              185 163 184 -1 
              186 162 185 -1 
              187 161 186 -1 
              188 160 187 -1 
              189 159 188 -1 
              758 204 203 -1 
              757 203 202 -1 
              756 202 201 -1 
              755 201 200 -1 
              754 200 199 -1 
              753 199 198 -1 
              753 198 197 -1 
              197 196 752 -1 
              747 192 191 -1 
              207 190 24 -1 
              746 190 207 -1 
              748 193 192 -1 
              748 192 747 -1 
              749 193 748 -1 
              743 210 211 -1 
              742 211 212 -1 
              740 213 214 -1 
              759 205 204 -1 
              231 214 26 -1 
              740 214 231 -1 
              761 233 760 -1 
              779 229 778 -1 
              232 206 760 -1 
              232 25 206 -1 
              777 228 227 -1 
              224 223 773 -1 
              773 223 222 -1 
              772 222 221 -1 
              771 221 220 -1 
              767 217 216 -1 
              239 215 27 -1 
              766 215 239 -1 
              768 218 217 -1 
              768 217 767 -1 
              760 205 759 -1 
              741 212 213 -1 
              740 231 230 -1 
              741 213 740 -1 
              779 230 229 -1 
              744 209 210 -1 
              742 212 741 -1 
              745 208 209 -1 
              743 211 742 -1 
              747 191 746 -1 
              744 210 743 -1 
              746 207 208 -1 
              745 209 744 -1 
              746 191 190 -1 
              746 208 745 -1 
              749 194 193 -1 
              750 195 194 -1 
              751 196 195 -1 
              750 194 749 -1 
              774 224 773 -1 
              751 195 750 -1 
              773 222 772 -1 
              752 196 751 -1 
              772 221 771 -1 
              753 197 752 -1 
              754 199 753 -1 
              755 200 754 -1 
              756 201 755 -1 
              757 202 756 -1 
              762 234 761 -1 
              758 203 757 -1 
              762 235 234 -1 
              760 206 205 -1 
              759 204 758 -1 
              761 234 233 -1 
              760 233 232 -1 
              763 236 235 -1 
              764 237 236 -1 
              765 238 237 -1 
              763 235 762 -1 
              767 216 766 -1 
              764 236 763 -1 
              766 239 238 -1 
              765 237 764 -1 
              766 216 215 -1 
              766 238 765 -1 
              769 219 218 -1 
              770 220 219 -1 
              769 218 768 -1 
              770 219 769 -1 
              771 220 770 -1 
              774 225 224 -1 
              775 226 225 -1 
              776 227 226 -1 
              775 225 774 -1 
              776 226 775 -1 
              778 229 228 -1 
              777 227 776 -1 
              778 228 777 -1 
              779 740 230 -1 
              760 759 761 -1 
              780 761 759 -1 
              759 758 780 -1 
              781 780 758 -1 
              758 757 781 -1 
              782 781 757 -1 
              761 780 762 -1 
              783 762 780 -1 
              762 783 763 -1 
              784 763 783 -1 
              780 781 783 -1 
              785 783 781 -1 
              781 782 785 -1 
              786 785 782 -1 
              783 785 784 -1 
              787 784 785 -1 
              785 786 787 -1 
              788 787 786 -1 
              757 756 782 -1 
              789 782 756 -1 
              756 755 789 -1 
              790 789 755 -1 
              755 754 790 -1 
              791 790 754 -1 
              754 753 791 -1 
              792 791 753 -1 
              782 789 786 -1 
              793 786 789 -1 
              789 790 793 -1 
              794 793 790 -1 
              786 793 788 -1 
              795 788 793 -1 
              793 794 795 -1 
              796 795 794 -1 
              790 791 794 -1 
              797 794 791 -1 
              791 792 797 -1 
              798 797 792 -1 
              794 797 796 -1 
              799 796 797 -1 
              797 798 799 -1 
              800 799 798 -1 
              763 784 764 -1 
              801 764 784 -1 
              764 801 765 -1 
              802 765 801 -1 
              784 787 801 -1 
              803 801 787 -1 
              787 788 803 -1 
              804 803 788 -1 
              801 803 802 -1 
              805 802 803 -1 
              803 804 805 -1 
              806 805 804 -1 
              765 802 766 -1 
              767 766 802 -1 
              802 805 767 -1 
              768 767 805 -1 
              805 806 768 -1 
              769 768 806 -1 
              788 795 804 -1 
              807 804 795 -1 
              795 796 807 -1 
              808 807 796 -1 
              804 807 806 -1 
              809 806 807 -1 
              807 808 809 -1 
              810 809 808 -1 
              796 799 808 -1 
              811 808 799 -1 
              799 800 811 -1 
              812 811 800 -1 
              808 811 810 -1 
              813 810 811 -1 
              811 812 813 -1 
              814 813 812 -1 
              806 809 769 -1 
              770 769 809 -1 
              809 810 770 -1 
              771 770 810 -1 
              810 813 771 -1 
              772 771 813 -1 
              813 814 772 -1 
              773 772 814 -1 
              753 752 792 -1 
              815 792 752 -1 
              752 751 815 -1 
              816 815 751 -1 
              751 750 816 -1 
              817 816 750 -1 
              750 749 817 -1 
              818 817 749 -1 
              792 815 798 -1 
              819 798 815 -1 
              815 816 819 -1 
              820 819 816 -1 
              798 819 800 -1 
              821 800 819 -1 
              819 820 821 -1 
              822 821 820 -1 
              816 817 820 -1 
              823 820 817 -1 
              817 818 823 -1 
              824 823 818 -1 
              820 823 822 -1 
              825 822 823 -1 
              823 824 825 -1 
              826 825 824 -1 
              749 748 818 -1 
              827 818 748 -1 
              748 747 827 -1 
              828 827 747 -1 
              747 746 828 -1 
              745 828 746 -1 
              818 827 824 -1 
              829 824 827 -1 
              827 828 829 -1 
              830 829 828 -1 
              824 829 826 -1 
              831 826 829 -1 
              829 830 831 -1 
              832 831 830 -1 
              828 745 830 -1 
              744 830 745 -1 
              830 744 832 -1 
              743 832 744 -1 
              800 821 812 -1 
              833 812 821 -1 
              821 822 833 -1 
              834 833 822 -1 
              812 833 814 -1 
              835 814 833 -1 
              833 834 835 -1 
              836 835 834 -1 
              822 825 834 -1 
              837 834 825 -1 
              825 826 837 -1 
              838 837 826 -1 
              834 837 836 -1 
              839 836 837 -1 
              837 838 839 -1 
              840 839 838 -1 
              814 835 773 -1 
              774 773 835 -1 
              835 836 774 -1 
              775 774 836 -1 
              836 839 775 -1 
              776 775 839 -1 
              839 840 776 -1 
              777 776 840 -1 
              826 831 838 -1 
              841 838 831 -1 
              831 832 841 -1 
              842 841 832 -1 
              838 841 840 -1 
              843 840 841 -1 
              841 842 843 -1 
              844 843 842 -1 
              832 743 842 -1 
              742 842 743 -1 
              842 742 844 -1 
              741 844 742 -1 
              840 843 777 -1 
              778 777 843 -1 
              843 844 778 -1 
              779 778 844 -1 
              844 741 779 -1 
              740 779 741 -1 
              249 196 197 -1 
              248 197 198 -1 
              247 198 199 -1 
              246 199 200 -1 
              245 200 201 -1 
              244 201 202 -1 
              243 202 203 -1 
              242 203 204 -1 
              241 204 205 -1 
              240 205 206 -1 
              28 206 25 -1 
              250 195 196 -1 
              240 206 28 -1 
              251 194 195 -1 
              241 205 240 -1 
              242 204 241 -1 
              252 193 194 -1 
              243 203 242 -1 
              253 192 193 -1 
              244 202 243 -1 
              254 191 192 -1 
              245 201 244 -1 
              255 190 191 -1 
              246 200 245 -1 
              256 24 190 -1 
              247 199 246 -1 
              248 198 247 -1 
              249 197 248 -1 
              250 196 249 -1 
              251 195 250 -1 
              252 194 251 -1 
              253 193 252 -1 
              254 192 253 -1 
              255 191 254 -1 
              256 190 255 -1 
              29 24 256 -1 
              73 5 285 -1 
              73 285 284 -1 
              73 284 852 -1 
              852 284 283 -1 
              851 283 282 -1 
              282 281 850 -1 
              853 77 76 -1 
              849 847 848 -1 
              278 849 279 -1 
              278 277 873 -1 
              874 276 275 -1 
              873 849 278 -1 
              860 260 859 -1 
              870 864 268 -1 
              265 869 266 -1 
              264 869 265 -1 
              861 263 262 -1 
              262 261 860 -1 
              261 260 860 -1 
              858 259 258 -1 
              87 258 257 -1 
              87 257 1 -1 
              858 258 87 -1 
              859 260 259 -1 
              264 263 861 -1 
              857 85 84 -1 
              83 82 856 -1 
              856 82 81 -1 
              852 75 74 -1 
              852 74 73 -1 
              868 872 272 -1 
              81 80 855 -1 
              873 276 874 -1 
              846 868 845 -1 
              874 274 846 -1 
              854 79 78 -1 
              873 277 276 -1 
              854 77 853 -1 
              850 281 280 -1 
              849 280 279 -1 
              850 280 849 -1 
              851 282 850 -1 
              853 75 852 -1 
              852 283 851 -1 
              853 76 75 -1 
              854 78 77 -1 
              855 80 79 -1 
              855 79 854 -1 
              857 84 83 -1 
              856 81 855 -1 
              858 86 85 -1 
              857 83 856 -1 
              858 87 86 -1 
              858 85 857 -1 
              859 259 858 -1 
              866 867 271 -1 
              864 269 268 -1 
              864 870 869 -1 
              861 262 860 -1 
              870 267 266 -1 
              863 861 862 -1 
              866 871 864 -1 
              871 866 270 -1 
              864 869 863 -1 
              866 271 270 -1 
              866 864 865 -1 
              867 868 271 -1 
              868 272 271 -1 
              869 264 861 -1 
              869 861 863 -1 
              870 268 267 -1 
              870 266 869 -1 
              871 270 269 -1 
              871 269 864 -1 
              872 273 272 -1 
              872 868 846 -1 
              873 846 847 -1 
              873 847 849 -1 
              874 275 274 -1 
              874 846 873 -1 
              274 872 846 -1 
              872 274 273 -1 
              858 857 859 -1 
              875 859 857 -1 
              859 875 860 -1 
              876 860 875 -1 
              860 876 861 -1 
              862 861 876 -1 
              857 856 875 -1 
              877 875 856 -1 
              856 855 877 -1 
              878 877 855 -1 
              875 877 876 -1 
              879 876 877 -1 
              876 879 862 -1 
              880 862 879 -1 
              877 878 879 -1 
              881 879 878 -1 
              879 881 880 -1 
              882 880 881 -1 
              862 880 863 -1 
              883 863 880 -1 
              863 883 864 -1 
              865 864 883 -1 
              880 882 883 -1 
              884 883 882 -1 
              883 884 865 -1 
              885 865 884 -1 
              865 885 866 -1 
              867 866 885 -1 
              855 854 878 -1 
              886 878 854 -1 
              854 853 886 -1 
              887 886 853 -1 
              878 886 881 -1 
              888 881 886 -1 
              881 888 882 -1 
              889 882 888 -1 
              886 887 888 -1 
              890 888 887 -1 
              888 890 889 -1 
              848 889 890 -1 
              853 852 887 -1 
              851 887 852 -1 
              887 851 890 -1 
              850 890 851 -1 
              890 850 848 -1 
              849 848 850 -1 
              882 889 884 -1 
              891 884 889 -1 
              884 891 885 -1 
              845 885 891 -1 
              889 848 891 -1 
              847 891 848 -1 
              891 847 845 -1 
              846 845 847 -1 
              885 845 867 -1 
              868 867 845 -1 
              141 17 314 -1 
              141 314 313 -1 
              141 313 899 -1 
              898 311 897 -1 
              897 309 896 -1 
              921 303 893 -1 
              901 147 146 -1 
              896 894 895 -1 
              307 896 308 -1 
              307 306 920 -1 
              921 305 304 -1 
              920 896 307 -1 
              907 289 906 -1 
              917 911 297 -1 
              294 916 295 -1 
              293 916 294 -1 
              908 292 291 -1 
              291 290 907 -1 
              290 289 907 -1 
              905 288 287 -1 
              155 287 286 -1 
              155 286 12 -1 
              905 287 155 -1 
              906 289 288 -1 
              293 292 908 -1 
              904 153 152 -1 
              151 150 903 -1 
              903 150 149 -1 
              920 306 305 -1 
              899 312 898 -1 
              915 919 301 -1 
              149 148 902 -1 
              920 305 921 -1 
              893 915 892 -1 
              901 145 900 -1 
              311 310 897 -1 
              901 146 145 -1 
              897 310 309 -1 
              896 309 308 -1 
              900 143 899 -1 
              898 312 311 -1 
              900 144 143 -1 
              899 313 312 -1 
              899 143 142 -1 
              899 142 141 -1 
              900 145 144 -1 
              902 148 147 -1 
              902 147 901 -1 
              904 152 151 -1 
              903 149 902 -1 
              905 154 153 -1 
              904 151 903 -1 
              905 155 154 -1 
              905 153 904 -1 
              906 288 905 -1 
              913 914 300 -1 
              911 298 297 -1 
              911 917 916 -1 
              908 291 907 -1 
              917 296 295 -1 
              910 908 909 -1 
              913 918 911 -1 
              918 913 299 -1 
              911 916 910 -1 
              913 300 299 -1 
              913 911 912 -1 
              914 915 300 -1 
              915 301 300 -1 
              916 293 908 -1 
              916 908 910 -1 
              917 297 296 -1 
              917 295 916 -1 
              918 299 298 -1 
              918 298 911 -1 
              919 302 301 -1 
              919 915 893 -1 
              920 893 894 -1 
              920 894 896 -1 
              921 304 303 -1 
              921 893 920 -1 
              303 919 893 -1 
              919 303 302 -1 
              905 904 906 -1 
              922 906 904 -1 
              906 922 907 -1 
              923 907 922 -1 
              907 923 908 -1 
              909 908 923 -1 
              904 903 922 -1 
              924 922 903 -1 
              903 902 924 -1 
              925 924 902 -1 
              922 924 923 -1 
              926 923 924 -1 
              923 926 909 -1 
              927 909 926 -1 
              924 925 926 -1 
              928 926 925 -1 
              926 928 927 -1 
              929 927 928 -1 
              909 927 910 -1 
              930 910 927 -1 
              910 930 911 -1 
              912 911 930 -1 
              927 929 930 -1 
              931 930 929 -1 
              930 931 912 -1 
              932 912 931 -1 
              912 932 913 -1 
              914 913 932 -1 
              902 901 925 -1 
              933 925 901 -1 
              901 900 933 -1 
              934 933 900 -1 
              925 933 928 -1 
              935 928 933 -1 
              928 935 929 -1 
              936 929 935 -1 
              933 934 935 -1 
              937 935 934 -1 
              935 937 936 -1 
              895 936 937 -1 
              900 899 934 -1 
              898 934 899 -1 
              934 898 937 -1 
              897 937 898 -1 
              937 897 895 -1 
              896 895 897 -1 
              929 936 931 -1 
              938 931 936 -1 
              931 938 932 -1 
              892 932 938 -1 
              936 895 938 -1 
              894 938 895 -1 
              938 894 892 -1 
              893 892 894 -1 
              932 892 914 -1 
              915 914 892 -1 
              107 11 343 -1 
              107 343 342 -1 
              107 342 946 -1 
              946 342 341 -1 
              945 341 340 -1 
              340 339 944 -1 
              947 111 110 -1 
              943 941 942 -1 
              336 943 337 -1 
              336 335 967 -1 
              968 334 333 -1 
              967 943 336 -1 
              954 318 953 -1 
              964 958 326 -1 
              323 963 324 -1 
              322 963 323 -1 
              955 321 320 -1 
              320 319 954 -1 
              319 318 954 -1 
              952 317 316 -1 
              121 316 315 -1 
              121 315 7 -1 
              952 316 121 -1 
              953 318 317 -1 
              322 321 955 -1 
              951 119 118 -1 
              117 116 950 -1 
              950 116 115 -1 
              946 109 108 -1 
              946 108 107 -1 
              962 966 330 -1 
              115 114 949 -1 
              967 334 968 -1 
              940 962 939 -1 
              968 332 940 -1 
              948 113 112 -1 
              967 335 334 -1 
              948 111 947 -1 
              944 339 338 -1 
              943 338 337 -1 
              944 338 943 -1 
              945 340 944 -1 
              947 109 946 -1 
              946 341 945 -1 
              947 110 109 -1 
              948 112 111 -1 
              949 114 113 -1 
              949 113 948 -1 
              951 118 117 -1 
              950 115 949 -1 
              952 120 119 -1 
              951 117 950 -1 
              952 121 120 -1 
              952 119 951 -1 
              953 317 952 -1 
              960 961 329 -1 
              958 327 326 -1 
              958 964 963 -1 
              955 320 954 -1 
              964 325 324 -1 
              957 955 956 -1 
              960 965 958 -1 
              965 960 328 -1 
              958 963 957 -1 
              960 329 328 -1 
              960 958 959 -1 
              961 962 329 -1 
              962 330 329 -1 
              963 322 955 -1 
              963 955 957 -1 
              964 326 325 -1 
              964 324 963 -1 
              965 328 327 -1 
              965 327 958 -1 
              966 331 330 -1 
              966 962 940 -1 
              967 940 941 -1 
              967 941 943 -1 
              968 333 332 -1 
              968 940 967 -1 
              332 966 940 -1 
              966 332 331 -1 
              952 951 953 -1 
              969 953 951 -1 
              953 969 954 -1 
              970 954 969 -1 
              954 970 955 -1 
              956 955 970 -1 
              951 950 969 -1 
              971 969 950 -1 
              950 949 971 -1 
              972 971 949 -1 
              969 971 970 -1 
              973 970 971 -1 
              970 973 956 -1 
              974 956 973 -1 
              971 972 973 -1 
              975 973 972 -1 
              973 975 974 -1 
              976 974 975 -1 
              956 974 957 -1 
              977 957 974 -1 
              957 977 958 -1 
              959 958 977 -1 
              974 976 977 -1 
              978 977 976 -1 
              977 978 959 -1 
              979 959 978 -1 
              959 979 960 -1 
              961 960 979 -1 
              949 948 972 -1 
              980 972 948 -1 
              948 947 980 -1 
              981 980 947 -1 
              972 980 975 -1 
              982 975 980 -1 
              975 982 976 -1 
              983 976 982 -1 
              980 981 982 -1 
              984 982 981 -1 
              982 984 983 -1 
              942 983 984 -1 
              947 946 981 -1 
              945 981 946 -1 
              981 945 984 -1 
              944 984 945 -1 
              984 944 942 -1 
              943 942 944 -1 
              976 983 978 -1 
              985 978 983 -1 
              978 985 979 -1 
              939 979 985 -1 
              983 942 985 -1 
              941 985 942 -1 
              985 941 939 -1 
              940 939 941 -1 
              979 939 961 -1 
              962 961 939 -1 
              175 23 372 -1 
              175 372 371 -1 
              175 371 993 -1 
              992 369 991 -1 
              991 367 990 -1 
              1015 361 987 -1 
              995 181 180 -1 
              990 988 989 -1 
              365 990 366 -1 
              365 364 1014 -1 
              1015 363 362 -1 
              1014 990 365 -1 
              1001 347 1000 -1 
              1011 1005 355 -1 
              352 1010 353 -1 
              351 1010 352 -1 
              1002 350 349 -1 
              349 348 1001 -1 
              348 347 1001 -1 
              999 346 345 -1 
              189 345 344 -1 
              189 344 18 -1 
              999 345 189 -1 
              1000 347 346 -1 
              351 350 1002 -1 
              998 187 186 -1 
              185 184 997 -1 
              997 184 183 -1 
              1014 364 363 -1 
              993 370 992 -1 
              1009 1013 359 -1 
              183 182 996 -1 
              1014 363 1015 -1 
              987 1009 986 -1 
              995 179 994 -1 
              369 368 991 -1 
              995 180 179 -1 
              991 368 367 -1 
              990 367 366 -1 
              994 177 993 -1 
              992 370 369 -1 
              994 178 177 -1 
              993 371 370 -1 
              993 177 176 -1 
              993 176 175 -1 
              994 179 178 -1 
              996 182 181 -1 
              996 181 995 -1 
              998 186 185 -1 
              997 183 996 -1 
              999 188 187 -1 
              998 185 997 -1 
              999 189 188 -1 
              999 187 998 -1 
              1000 346 999 -1 
              1007 1008 358 -1 
              1005 356 355 -1 
              1005 1011 1010 -1 
              1002 349 1001 -1 
              1011 354 353 -1 
              1004 1002 1003 -1 
              1007 1012 1005 -1 
              1012 1007 357 -1 
              1005 1010 1004 -1 
              1007 358 357 -1 
              1007 1005 1006 -1 
              1008 1009 358 -1 
              1009 359 358 -1 
              1010 351 1002 -1 
              1010 1002 1004 -1 
              1011 355 354 -1 
              1011 353 1010 -1 
              1012 357 356 -1 
              1012 356 1005 -1 
              1013 360 359 -1 
              1013 1009 987 -1 
              1014 987 988 -1 
              1014 988 990 -1 
              1015 362 361 -1 
              1015 987 1014 -1 
              361 1013 987 -1 
              1013 361 360 -1 
              999 998 1000 -1 
              1016 1000 998 -1 
              1000 1016 1001 -1 
              1017 1001 1016 -1 
              1001 1017 1002 -1 
              1003 1002 1017 -1 
              998 997 1016 -1 
              1018 1016 997 -1 
              997 996 1018 -1 
              1019 1018 996 -1 
              1016 1018 1017 -1 
              1020 1017 1018 -1 
              1017 1020 1003 -1 
              1021 1003 1020 -1 
              1018 1019 1020 -1 
              1022 1020 1019 -1 
              1020 1022 1021 -1 
              1023 1021 1022 -1 
              1003 1021 1004 -1 
              1024 1004 1021 -1 
              1004 1024 1005 -1 
              1006 1005 1024 -1 
              1021 1023 1024 -1 
              1025 1024 1023 -1 
              1024 1025 1006 -1 
              1026 1006 1025 -1 
              1006 1026 1007 -1 
              1008 1007 1026 -1 
              996 995 1019 -1 
              1027 1019 995 -1 
              995 994 1027 -1 
              1028 1027 994 -1 
              1019 1027 1022 -1 
              1029 1022 1027 -1 
              1022 1029 1023 -1 
              1030 1023 1029 -1 
              1027 1028 1029 -1 
              1031 1029 1028 -1 
              1029 1031 1030 -1 
              989 1030 1031 -1 
              994 993 1028 -1 
              992 1028 993 -1 
              1028 992 1031 -1 
              991 1031 992 -1 
              1031 991 989 -1 
              990 989 991 -1 
              1023 1030 1025 -1 
              1032 1025 1030 -1 
              1025 1032 1026 -1 
              986 1026 1032 -1 
              1030 989 1032 -1 
              988 1032 989 -1 
              1032 988 986 -1 
              987 986 988 -1 
              1026 986 1008 -1 
              1009 1008 986 -1 
              373 381 30 -1 
              374 382 373 -1 
              375 383 374 -1 
              376 384 375 -1 
              377 385 376 -1 
              378 386 377 -1 
              379 387 378 -1 
              380 388 379 -1 
              31 32 380 -1 
              388 380 32 -1 
              387 379 388 -1 
              386 378 387 -1 
              385 377 386 -1 
              384 376 385 -1 
              383 375 384 -1 
              382 374 383 -1 
              381 373 382 -1 
              33 30 381 -1 
              35 32 31 -1 
              34 35 31 -1 
              389 397 34 -1 
              390 398 389 -1 
              391 399 390 -1 
              392 400 391 -1 
              393 401 392 -1 
              394 402 393 -1 
              395 403 394 -1 
              396 404 395 -1 
              36 37 396 -1 
              404 396 37 -1 
              403 395 404 -1 
              402 394 403 -1 
              401 393 402 -1 
              400 392 401 -1 
              399 391 400 -1 
              398 390 399 -1 
              397 389 398 -1 
              35 34 397 -1 
              39 37 36 -1 
              38 39 36 -1 
              405 413 38 -1 
              406 414 405 -1 
              407 415 406 -1 
              408 416 407 -1 
              409 417 408 -1 
              410 418 409 -1 
              411 419 410 -1 
              412 420 411 -1 
              40 41 412 -1 
              420 412 41 -1 
              419 411 420 -1 
              418 410 419 -1 
              417 409 418 -1 
              416 408 417 -1 
              415 407 416 -1 
              414 406 415 -1 
              413 405 414 -1 
              39 38 413 -1 
              43 41 40 -1 
              42 43 40 -1 
              421 429 42 -1 
              422 430 421 -1 
              423 431 422 -1 
              424 432 423 -1 
              425 433 424 -1 
              426 434 425 -1 
              427 435 426 -1 
              428 436 427 -1 
              44 45 428 -1 
              436 428 45 -1 
              435 427 436 -1 
              434 426 435 -1 
              433 425 434 -1 
              432 424 433 -1 
              431 423 432 -1 
              430 422 431 -1 
              429 421 430 -1 
              43 42 429 -1 
              33 45 44 -1 
              30 33 44 -1 
              403 61 60 -1 
              404 62 61 -1 
              65 64 37 -1 
              66 65 37 -1 
              39 66 37 -1 
              127 67 66 -1 
              248 68 126 -1 
              249 125 124 -1 
              14 250 123 -1 
              487 486 251 -1 
              252 485 484 -1 
              35 397 2 -1 
              441 440 243 -1 
              442 441 243 -1 
              443 442 243 -1 
              444 443 242 -1 
              445 444 242 -1 
              446 445 241 -1 
              447 446 241 -1 
              448 447 240 -1 
              449 448 28 -1 
              450 449 92 -1 
              451 450 91 -1 
              35 451 91 -1 
              35 452 451 -1 
              32 8 470 -1 
              91 90 32 -1 
              92 91 450 -1 
              93 92 449 -1 
              28 93 449 -1 
              28 94 93 -1 
              521 94 28 -1 
              94 521 95 -1 
              520 96 95 -1 
              520 97 96 -1 
              519 98 97 -1 
              519 99 98 -1 
              518 100 99 -1 
              385 386 467 -1 
              462 461 33 -1 
              463 462 33 -1 
              381 463 33 -1 
              382 464 463 -1 
              383 465 464 -1 
              470 469 388 -1 
              387 469 468 -1 
              126 68 67 -1 
              486 485 252 -1 
              487 251 14 -1 
              250 124 123 -1 
              126 125 248 -1 
              127 126 67 -1 
              128 127 66 -1 
              39 128 66 -1 
              413 132 131 -1 
              414 133 132 -1 
              419 137 418 -1 
              419 138 137 -1 
              471 15 41 -1 
              104 103 517 -1 
              514 456 455 -1 
              41 473 472 -1 
              169 475 474 -1 
              505 168 167 -1 
              165 506 166 -1 
              244 440 439 -1 
              164 163 507 -1 
              508 162 161 -1 
              438 244 439 -1 
              245 438 437 -1 
              253 483 482 -1 
              484 483 252 -1 
              169 29 475 -1 
              170 474 473 -1 
              517 103 102 -1 
              508 161 160 -1 
              41 472 471 -1 
              163 162 508 -1 
              164 507 165 -1 
              506 167 166 -1 
              169 168 29 -1 
              170 169 474 -1 
              171 170 473 -1 
              43 171 473 -1 
              43 172 171 -1 
              500 458 457 -1 
              458 499 459 -1 
              499 33 459 -1 
              435 494 493 -1 
              499 45 33 -1 
              496 495 45 -1 
              497 496 45 -1 
              513 457 456 -1 
              498 497 45 -1 
              499 498 45 -1 
              454 515 455 -1 
              500 499 458 -1 
              501 500 457 -1 
              9 105 516 -1 
              513 501 457 -1 
              509 508 160 -1 
              9 515 454 -1 
              518 101 100 -1 
              240 28 448 -1 
              241 240 447 -1 
              245 437 3 -1 
              242 241 445 -1 
              246 3 71 -1 
              243 242 443 -1 
              246 71 70 -1 
              244 243 440 -1 
              247 70 69 -1 
              245 244 438 -1 
              248 69 68 -1 
              246 245 3 -1 
              247 246 70 -1 
              253 482 481 -1 
              248 247 69 -1 
              254 481 480 -1 
              249 248 125 -1 
              509 160 159 -1 
              250 249 124 -1 
              254 480 479 -1 
              251 250 14 -1 
              255 479 478 -1 
              252 251 486 -1 
              255 478 477 -1 
              253 252 483 -1 
              256 477 476 -1 
              254 253 481 -1 
              29 476 475 -1 
              255 254 479 -1 
              256 255 477 -1 
              509 159 158 -1 
              29 256 476 -1 
              510 158 157 -1 
              505 29 168 -1 
              506 505 167 -1 
              510 157 20 -1 
              507 506 165 -1 
              511 20 504 -1 
              508 507 163 -1 
              105 104 516 -1 
              511 504 503 -1 
              512 503 502 -1 
              510 509 158 -1 
              513 502 501 -1 
              511 510 20 -1 
              512 511 503 -1 
              513 512 502 -1 
              517 102 101 -1 
              514 513 456 -1 
              515 514 455 -1 
              516 515 9 -1 
              517 516 104 -1 
              518 517 101 -1 
              519 518 99 -1 
              520 519 97 -1 
              521 520 95 -1 
              33 460 459 -1 
              33 461 460 -1 
              436 495 494 -1 
              434 493 492 -1 
              436 45 495 -1 
              433 492 491 -1 
              435 436 494 -1 
              432 491 490 -1 
              434 435 493 -1 
              431 490 489 -1 
              433 434 492 -1 
              430 489 488 -1 
              432 433 491 -1 
              429 488 21 -1 
              431 432 490 -1 
              43 21 173 -1 
              430 431 489 -1 
              43 173 172 -1 
              429 430 488 -1 
              43 473 41 -1 
              43 429 21 -1 
              420 139 138 -1 
              41 15 139 -1 
              418 137 136 -1 
              420 41 139 -1 
              417 136 135 -1 
              419 420 138 -1 
              415 134 133 -1 
              416 135 134 -1 
              417 418 136 -1 
              416 417 135 -1 
              415 416 134 -1 
              39 131 130 -1 
              414 415 133 -1 
              39 130 129 -1 
              413 414 132 -1 
              39 129 128 -1 
              39 413 131 -1 
              37 63 62 -1 
              37 64 63 -1 
              402 60 59 -1 
              404 37 62 -1 
              401 59 58 -1 
              403 404 61 -1 
              400 58 57 -1 
              402 403 60 -1 
              399 57 56 -1 
              401 402 59 -1 
              398 56 55 -1 
              400 401 58 -1 
              397 55 2 -1 
              399 400 57 -1 
              35 2 453 -1 
              398 399 56 -1 
              35 453 452 -1 
              397 398 55 -1 
              35 91 32 -1 
              32 89 8 -1 
              32 90 89 -1 
              386 468 467 -1 
              388 32 470 -1 
              385 467 466 -1 
              387 388 469 -1 
              384 466 465 -1 
              386 387 468 -1 
              384 385 466 -1 
              383 384 465 -1 
              382 383 464 -1 
              381 382 463 -1 
              379 31 380 -1 
              378 31 379 -1 
              377 31 378 -1 
              376 31 377 -1 
              375 31 376 -1 
              374 31 375 -1 
              373 31 374 -1 
              30 31 373 -1 
              44 31 30 -1 
              42 31 44 -1 
              427 44 428 -1 
              426 44 427 -1 
              425 44 426 -1 
              424 44 425 -1 
              423 44 424 -1 
              422 44 423 -1 
              421 44 422 -1 
              42 44 421 -1 
              40 31 42 -1 
              38 31 40 -1 
              411 40 412 -1 
              410 40 411 -1 
              409 40 410 -1 
              408 40 409 -1 
              407 40 408 -1 
              406 40 407 -1 
              405 40 406 -1 
              38 40 405 -1 
              36 31 38 -1 
              34 31 36 -1 
              395 36 396 -1 
              394 36 395 -1 
              393 36 394 -1 
              392 36 393 -1 
              391 36 392 -1 
              390 36 391 -1 
              389 36 390 -1 
              34 36 389 -1 
              522 28 25 -1 
              521 522 520 -1 
              519 524 518 -1 
              517 526 516 -1 
              515 528 514 -1 
              513 530 512 -1 
              511 532 510 -1 
              509 534 508 -1 
              507 536 506 -1 
              505 538 29 -1 
              512 530 531 -1 
              511 531 532 -1 
              510 532 533 -1 
              509 533 534 -1 
              508 534 535 -1 
              507 535 536 -1 
              506 536 537 -1 
              505 537 538 -1 
              29 538 24 -1 
              506 537 505 -1 
              513 529 530 -1 
              508 535 507 -1 
              514 528 529 -1 
              510 533 509 -1 
              515 527 528 -1 
              512 531 511 -1 
              516 526 527 -1 
              514 529 513 -1 
              517 525 526 -1 
              516 527 515 -1 
              518 524 525 -1 
              518 525 517 -1 
              519 523 524 -1 
              520 523 519 -1 
              520 522 523 -1 
              521 28 522 -1 
              216 27 215 -1 
              217 27 216 -1 
              218 27 217 -1 
              219 27 218 -1 
              220 27 219 -1 
              221 27 220 -1 
              222 27 221 -1 
              223 27 222 -1 
              224 27 223 -1 
              225 27 224 -1 
              226 27 225 -1 
              227 27 226 -1 
              228 27 227 -1 
              229 27 228 -1 
              230 27 229 -1 
              231 27 230 -1 
              26 27 231 -1 
              539 27 26 -1 
              540 27 539 -1 
              541 27 540 -1 
              542 27 541 -1 
              543 27 542 -1 
              544 27 543 -1 
              545 27 544 -1 
              546 27 545 -1 
              547 27 546 -1 
              548 27 547 -1 
              549 27 548 -1 
              550 27 549 -1 
              551 27 550 -1 
              552 27 551 -1 
              553 27 552 -1 
              554 27 553 -1 
              555 27 554 -1 
              1072 553 1071 -1 
              539 214 1059 -1 
              1060 540 1059 -1 
              1058 213 212 -1 
              1054 209 208 -1 
              538 207 24 -1 
              1053 207 538 -1 
              1055 210 209 -1 
              1055 209 1054 -1 
              1050 535 534 -1 
              1049 534 533 -1 
              1048 533 532 -1 
              555 239 27 -1 
              1046 531 530 -1 
              1046 530 529 -1 
              529 528 1045 -1 
              1040 524 523 -1 
              232 522 25 -1 
              1039 522 232 -1 
              1041 525 524 -1 
              1041 524 1040 -1 
              1042 525 1041 -1 
              1036 235 236 -1 
              1035 236 237 -1 
              1033 238 239 -1 
              1033 239 555 -1 
              1047 532 531 -1 
              1070 552 551 -1 
              548 547 1066 -1 
              1066 547 546 -1 
              1065 546 545 -1 
              1064 545 544 -1 
              1059 213 1058 -1 
              539 26 214 -1 
              1034 237 238 -1 
              1033 555 554 -1 
              1034 238 1033 -1 
              1072 554 553 -1 
              1037 234 235 -1 
              1035 237 1034 -1 
              1038 233 234 -1 
              1036 236 1035 -1 
              1040 523 1039 -1 
              1037 235 1036 -1 
              1039 232 233 -1 
              1038 234 1037 -1 
              1039 523 522 -1 
              1039 233 1038 -1 
              1042 526 525 -1 
              1043 527 526 -1 
              1044 528 527 -1 
              1043 526 1042 -1 
              1067 548 1066 -1 
              1044 527 1043 -1 
              1066 546 1065 -1 
              1045 528 1044 -1 
              1065 545 1064 -1 
              1046 529 1045 -1 
              1047 531 1046 -1 
              1048 532 1047 -1 
              1051 536 535 -1 
              1049 533 1048 -1 
              1052 537 536 -1 
              1050 534 1049 -1 
              1054 208 1053 -1 
              1051 535 1050 -1 
              1053 538 537 -1 
              1052 536 1051 -1 
              1053 208 207 -1 
              1053 537 1052 -1 
              1056 211 210 -1 
              1057 212 211 -1 
              1056 210 1055 -1 
              1061 541 1060 -1 
              1057 211 1056 -1 
              1061 542 541 -1 
              1059 214 213 -1 
              1058 212 1057 -1 
              1060 541 540 -1 
              1059 540 539 -1 
              1062 543 542 -1 
              1063 544 543 -1 
              1062 542 1061 -1 
              1063 543 1062 -1 
              1064 544 1063 -1 
              1067 549 548 -1 
              1068 550 549 -1 
              1069 551 550 -1 
              1068 549 1067 -1 
              1069 550 1068 -1 
              1071 553 552 -1 
              1070 551 1069 -1 
              1071 552 1070 -1 
              1072 1033 554 -1 
              1053 1052 1054 -1 
              1073 1054 1052 -1 
              1052 1051 1073 -1 
              1074 1073 1051 -1 
              1051 1050 1074 -1 
              1075 1074 1050 -1 
              1054 1073 1055 -1 
              1076 1055 1073 -1 
              1055 1076 1056 -1 
              1077 1056 1076 -1 
              1073 1074 1076 -1 
              1078 1076 1074 -1 
              1074 1075 1078 -1 
              1079 1078 1075 -1 
              1076 1078 1077 -1 
              1080 1077 1078 -1 
              1078 1079 1080 -1 
              1081 1080 1079 -1 
              1050 1049 1075 -1 
              1082 1075 1049 -1 
              1049 1048 1082 -1 
              1083 1082 1048 -1 
              1048 1047 1083 -1 
              1084 1083 1047 -1 
              1047 1046 1084 -1 
              1085 1084 1046 -1 
              1075 1082 1079 -1 
              1086 1079 1082 -1 
              1082 1083 1086 -1 
              1087 1086 1083 -1 
              1079 1086 1081 -1 
              1088 1081 1086 -1 
              1086 1087 1088 -1 
              1089 1088 1087 -1 
              1083 1084 1087 -1 
              1090 1087 1084 -1 
              1084 1085 1090 -1 
              1091 1090 1085 -1 
              1087 1090 1089 -1 
              1092 1089 1090 -1 
              1090 1091 1092 -1 
              1093 1092 1091 -1 
              1056 1077 1057 -1 
              1094 1057 1077 -1 
              1057 1094 1058 -1 
              1095 1058 1094 -1 
              1077 1080 1094 -1 
              1096 1094 1080 -1 
              1080 1081 1096 -1 
              1097 1096 1081 -1 
              1094 1096 1095 -1 
              1098 1095 1096 -1 
              1096 1097 1098 -1 
              1099 1098 1097 -1 
              1058 1095 1059 -1 
              1060 1059 1095 -1 
              1095 1098 1060 -1 
              1061 1060 1098 -1 
              1098 1099 1061 -1 
              1062 1061 1099 -1 
              1081 1088 1097 -1 
              1100 1097 1088 -1 
              1088 1089 1100 -1 
              1101 1100 1089 -1 
              1097 1100 1099 -1 
              1102 1099 1100 -1 
              1100 1101 1102 -1 
              1103 1102 1101 -1 
              1089 1092 1101 -1 
              1104 1101 1092 -1 
              1092 1093 1104 -1 
              1105 1104 1093 -1 
              1101 1104 1103 -1 
              1106 1103 1104 -1 
              1104 1105 1106 -1 
              1107 1106 1105 -1 
              1099 1102 1062 -1 
              1063 1062 1102 -1 
              1102 1103 1063 -1 
              1064 1063 1103 -1 
              1103 1106 1064 -1 
              1065 1064 1106 -1 
              1106 1107 1065 -1 
              1066 1065 1107 -1 
              1046 1045 1085 -1 
              1108 1085 1045 -1 
              1045 1044 1108 -1 
              1109 1108 1044 -1 
              1044 1043 1109 -1 
              1110 1109 1043 -1 
              1043 1042 1110 -1 
              1111 1110 1042 -1 
              1085 1108 1091 -1 
              1112 1091 1108 -1 
              1108 1109 1112 -1 
              1113 1112 1109 -1 
              1091 1112 1093 -1 
              1114 1093 1112 -1 
              1112 1113 1114 -1 
              1115 1114 1113 -1 
              1109 1110 1113 -1 
              1116 1113 1110 -1 
              1110 1111 1116 -1 
              1117 1116 1111 -1 
              1113 1116 1115 -1 
              1118 1115 1116 -1 
              1116 1117 1118 -1 
              1119 1118 1117 -1 
              1042 1041 1111 -1 
              1120 1111 1041 -1 
              1041 1040 1120 -1 
              1121 1120 1040 -1 
              1040 1039 1121 -1 
              1038 1121 1039 -1 
              1111 1120 1117 -1 
              1122 1117 1120 -1 
              1120 1121 1122 -1 
              1123 1122 1121 -1 
              1117 1122 1119 -1 
              1124 1119 1122 -1 
              1122 1123 1124 -1 
              1125 1124 1123 -1 
              1121 1038 1123 -1 
              1037 1123 1038 -1 
              1123 1037 1125 -1 
              1036 1125 1037 -1 
              1093 1114 1105 -1 
              1126 1105 1114 -1 
              1114 1115 1126 -1 
              1127 1126 1115 -1 
              1105 1126 1107 -1 
              1128 1107 1126 -1 
              1126 1127 1128 -1 
              1129 1128 1127 -1 
              1115 1118 1127 -1 
              1130 1127 1118 -1 
              1118 1119 1130 -1 
              1131 1130 1119 -1 
              1127 1130 1129 -1 
              1132 1129 1130 -1 
              1130 1131 1132 -1 
              1133 1132 1131 -1 
              1107 1128 1066 -1 
              1067 1066 1128 -1 
              1128 1129 1067 -1 
              1068 1067 1129 -1 
              1129 1132 1068 -1 
              1069 1068 1132 -1 
              1132 1133 1069 -1 
              1070 1069 1133 -1 
              1119 1124 1131 -1 
              1134 1131 1124 -1 
              1124 1125 1134 -1 
              1135 1134 1125 -1 
              1131 1134 1133 -1 
              1136 1133 1134 -1 
              1134 1135 1136 -1 
              1137 1136 1135 -1 
              1125 1036 1135 -1 
              1035 1135 1036 -1 
              1135 1035 1137 -1 
              1034 1137 1035 -1 
              1133 1136 1070 -1 
              1071 1070 1136 -1 
              1136 1137 1071 -1 
              1072 1071 1137 -1 
              1137 1034 1072 -1 
              1033 1072 1034 -1 
              556 20 19 -1 
              504 20 556 -1 
              504 556 46 -1 
              503 46 557 -1 
              502 557 558 -1 
              501 558 559 -1 
              493 567 568 -1 
              492 568 569 -1 
              491 569 570 -1 
              490 570 571 -1 
              489 571 47 -1 
              488 47 572 -1 
              21 572 22 -1 
              494 566 567 -1 
              488 572 21 -1 
              495 565 566 -1 
              489 47 488 -1 
              496 564 565 -1 
              490 571 489 -1 
              496 563 564 -1 
              491 570 490 -1 
              497 562 563 -1 
              492 569 491 -1 
              498 561 562 -1 
              493 568 492 -1 
              499 560 561 -1 
              494 567 493 -1 
              500 559 560 -1 
              495 566 494 -1 
              496 565 495 -1 
              497 563 496 -1 
              498 562 497 -1 
              499 561 498 -1 
              500 560 499 -1 
              501 559 500 -1 
              502 558 501 -1 
              503 557 502 -1 
              504 46 503 -1 
              573 14 13 -1 
              487 14 573 -1 
              487 573 48 -1 
              486 48 574 -1 
              485 574 575 -1 
              484 575 576 -1 
              476 584 585 -1 
              475 585 586 -1 
              474 586 587 -1 
              473 587 588 -1 
              472 588 49 -1 
              471 49 589 -1 
              15 589 16 -1 
              477 583 584 -1 
              471 589 15 -1 
              478 582 583 -1 
              472 49 471 -1 
              479 581 582 -1 
              473 588 472 -1 
              479 580 581 -1 
              474 587 473 -1 
              480 579 580 -1 
              475 586 474 -1 
              481 578 579 -1 
              476 585 475 -1 
              482 577 578 -1 
              477 584 476 -1 
              483 576 577 -1 
              478 583 477 -1 
              479 582 478 -1 
              480 580 479 -1 
              481 579 480 -1 
              482 578 481 -1 
              483 577 482 -1 
              484 576 483 -1 
              485 575 484 -1 
              486 574 485 -1 
              487 48 486 -1 
              590 8 6 -1 
              470 8 590 -1 
              470 590 50 -1 
              469 50 591 -1 
              468 591 592 -1 
              467 592 593 -1 
              459 601 602 -1 
              458 602 603 -1 
              457 603 604 -1 
              456 604 605 -1 
              455 605 51 -1 
              454 51 606 -1 
              9 606 10 -1 
              460 600 601 -1 
              454 606 9 -1 
              461 599 600 -1 
              455 51 454 -1 
              462 598 599 -1 
              456 605 455 -1 
              462 597 598 -1 
              457 604 456 -1 
              463 596 597 -1 
              458 603 457 -1 
              464 595 596 -1 
              459 602 458 -1 
              465 594 595 -1 
              460 601 459 -1 
              466 593 594 -1 
              461 600 460 -1 
              462 599 461 -1 
              463 597 462 -1 
              464 596 463 -1 
              465 595 464 -1 
              466 594 465 -1 
              467 593 466 -1 
              468 592 467 -1 
              469 591 468 -1 
              470 50 469 -1 
              607 2 0 -1 
              453 2 607 -1 
              453 607 52 -1 
              452 52 608 -1 
              451 608 609 -1 
              450 609 610 -1 
              442 618 619 -1 
              441 619 620 -1 
              440 620 621 -1 
              439 621 622 -1 
              438 622 53 -1 
              437 53 623 -1 
              3 623 4 -1 
              443 617 618 -1 
              437 623 3 -1 
              444 616 617 -1 
              438 53 437 -1 
              445 615 616 -1 
              439 622 438 -1 
              445 614 615 -1 
              440 621 439 -1 
              446 613 614 -1 
              441 620 440 -1 
              447 612 613 -1 
              442 619 441 -1 
              448 611 612 -1 
              443 618 442 -1 
              449 610 611 -1 
              444 617 443 -1 
              445 616 444 -1 
              446 614 445 -1 
              447 613 446 -1 
              448 612 447 -1 
              449 611 448 -1 
              450 610 449 -1 
              451 609 450 -1 
              452 608 451 -1 
              453 52 452 -1 
              608 52 652 -1 
              608 652 651 -1 
              608 651 1145 -1 
              1145 651 650 -1 
              1144 650 649 -1 
              1167 641 1139 -1 
              1147 614 613 -1 
              1142 1140 1141 -1 
              645 1142 646 -1 
              645 644 1166 -1 
              1167 643 642 -1 
              1166 1142 645 -1 
              1153 627 1152 -1 
              1163 1157 635 -1 
              632 1162 633 -1 
              631 1162 632 -1 
              1154 630 629 -1 
              629 628 1153 -1 
              628 627 1153 -1 
              1151 626 625 -1 
              622 625 624 -1 
              622 624 53 -1 
              1151 625 622 -1 
              1152 627 626 -1 
              631 630 1154 -1 
              1150 620 619 -1 
              618 617 1149 -1 
              1149 617 616 -1 
              1166 644 643 -1 
              1145 610 609 -1 
              1145 609 608 -1 
              1161 1165 639 -1 
              616 615 1148 -1 
              1166 643 1167 -1 
              1139 1161 1138 -1 
              1147 612 1146 -1 
              649 648 1143 -1 
              1147 613 612 -1 
              1143 648 647 -1 
              1142 647 646 -1 
              1143 647 1142 -1 
              1144 649 1143 -1 
              1146 610 1145 -1 
              1145 650 1144 -1 
              1146 611 610 -1 
              1146 612 611 -1 
              1148 615 614 -1 
              1148 614 1147 -1 
              1150 619 618 -1 
              1149 616 1148 -1 
              1151 621 620 -1 
              1150 618 1149 -1 
              1151 622 621 -1 
              1151 620 1150 -1 
              1152 626 1151 -1 
              1159 1160 638 -1 
              1157 636 635 -1 
              1157 1163 1162 -1 
              1154 629 1153 -1 
              1163 634 633 -1 
              1156 1154 1155 -1 
              1159 1164 1157 -1 
              1164 1159 637 -1 
              1157 1162 1156 -1 
              1159 638 637 -1 
              1159 1157 1158 -1 
              1160 1161 638 -1 
              1161 639 638 -1 
              1162 631 1154 -1 
              1162 1154 1156 -1 
              1163 635 634 -1 
              1163 633 1162 -1 
              1164 637 636 -1 
              1164 636 1157 -1 
              1165 640 639 -1 
              1165 1161 1139 -1 
              1166 1139 1140 -1 
              1166 1140 1142 -1 
              1167 642 641 -1 
              1167 1139 1166 -1 
              641 1165 1139 -1 
              1165 641 640 -1 
              1151 1150 1152 -1 
              1168 1152 1150 -1 
              1152 1168 1153 -1 
              1169 1153 1168 -1 
              1153 1169 1154 -1 
              1155 1154 1169 -1 
              1150 1149 1168 -1 
              1170 1168 1149 -1 
              1149 1148 1170 -1 
              1171 1170 1148 -1 
              1168 1170 1169 -1 
              1172 1169 1170 -1 
              1169 1172 1155 -1 
              1173 1155 1172 -1 
              1170 1171 1172 -1 
              1174 1172 1171 -1 
              1172 1174 1173 -1 
              1175 1173 1174 -1 
              1155 1173 1156 -1 
              1176 1156 1173 -1 
              1156 1176 1157 -1 
              1158 1157 1176 -1 
              1173 1175 1176 -1 
              1177 1176 1175 -1 
              1176 1177 1158 -1 
              1178 1158 1177 -1 
              1158 1178 1159 -1 
              1160 1159 1178 -1 
              1148 1147 1171 -1 
              1179 1171 1147 -1 
              1147 1146 1179 -1 
              1180 1179 1146 -1 
              1171 1179 1174 -1 
              1181 1174 1179 -1 
              1174 1181 1175 -1 
              1182 1175 1181 -1 
              1179 1180 1181 -1 
              1183 1181 1180 -1 
              1181 1183 1182 -1 
              1141 1182 1183 -1 
              1146 1145 1180 -1 
              1144 1180 1145 -1 
              1180 1144 1183 -1 
              1143 1183 1144 -1 
              1183 1143 1141 -1 
              1142 1141 1143 -1 
              1175 1182 1177 -1 
              1184 1177 1182 -1 
              1177 1184 1178 -1 
              1138 1178 1184 -1 
              1182 1141 1184 -1 
              1140 1184 1141 -1 
              1184 1140 1138 -1 
              1139 1138 1140 -1 
              1178 1138 1160 -1 
              1161 1160 1138 -1 
              574 48 681 -1 
              574 681 680 -1 
              574 680 1192 -1 
              1192 680 679 -1 
              1191 679 678 -1 
              678 677 1190 -1 
              1193 578 577 -1 
              1189 1187 1188 -1 
              674 1189 675 -1 
              674 673 1213 -1 
              1214 672 671 -1 
              1213 1189 674 -1 
              1200 656 1199 -1 
              1210 1204 664 -1 
              661 1209 662 -1 
              660 1209 661 -1 
              1201 659 658 -1 
              658 657 1200 -1 
              657 656 1200 -1 
              1198 655 654 -1 
              588 654 653 -1 
              588 653 49 -1 
              1198 654 588 -1 
              1199 656 655 -1 
              660 659 1201 -1 
              1197 586 585 -1 
              584 583 1196 -1 
              1196 583 582 -1 
              1192 576 575 -1 
              1192 575 574 -1 
              1208 1212 668 -1 
              582 581 1195 -1 
              1213 672 1214 -1 
              1186 1208 1185 -1 
              1214 670 1186 -1 
              1194 580 579 -1 
              1213 673 672 -1 
              1194 578 1193 -1 
              1190 677 676 -1 
              1189 676 675 -1 
              1190 676 1189 -1 
              1191 678 1190 -1 
              1193 576 1192 -1 
              1192 679 1191 -1 
              1193 577 576 -1 
              1194 579 578 -1 
              1195 581 580 -1 
              1195 580 1194 -1 
              1197 585 584 -1 
              1196 582 1195 -1 
              1198 587 586 -1 
              1197 584 1196 -1 
              1198 588 587 -1 
              1198 586 1197 -1 
              1199 655 1198 -1 
              1206 1207 667 -1 
              1204 665 664 -1 
              1204 1210 1209 -1 
              1201 658 1200 -1 
              1210 663 662 -1 
              1203 1201 1202 -1 
              1206 1211 1204 -1 
              1211 1206 666 -1 
              1204 1209 1203 -1 
              1206 667 666 -1 
              1206 1204 1205 -1 
              1207 1208 667 -1 
              1208 668 667 -1 
              1209 660 1201 -1 
              1209 1201 1203 -1 
              1210 664 663 -1 
              1210 662 1209 -1 
              1211 666 665 -1 
              1211 665 1204 -1 
              1212 669 668 -1 
              1212 1208 1186 -1 
              1213 1186 1187 -1 
              1213 1187 1189 -1 
              1214 671 670 -1 
              1214 1186 1213 -1 
              670 1212 1186 -1 
              1212 670 669 -1 
              1198 1197 1199 -1 
              1215 1199 1197 -1 
              1199 1215 1200 -1 
              1216 1200 1215 -1 
              1200 1216 1201 -1 
              1202 1201 1216 -1 
              1197 1196 1215 -1 
              1217 1215 1196 -1 
              1196 1195 1217 -1 
              1218 1217 1195 -1 
              1215 1217 1216 -1 
              1219 1216 1217 -1 
              1216 1219 1202 -1 
              1220 1202 1219 -1 
              1217 1218 1219 -1 
              1221 1219 1218 -1 
              1219 1221 1220 -1 
              1222 1220 1221 -1 
              1202 1220 1203 -1 
              1223 1203 1220 -1 
              1203 1223 1204 -1 
              1205 1204 1223 -1 
              1220 1222 1223 -1 
              1224 1223 1222 -1 
              1223 1224 1205 -1 
              1225 1205 1224 -1 
              1205 1225 1206 -1 
              1207 1206 1225 -1 
              1195 1194 1218 -1 
              1226 1218 1194 -1 
              1194 1193 1226 -1 
              1227 1226 1193 -1 
              1218 1226 1221 -1 
              1228 1221 1226 -1 
              1221 1228 1222 -1 
              1229 1222 1228 -1 
              1226 1227 1228 -1 
              1230 1228 1227 -1 
              1228 1230 1229 -1 
              1188 1229 1230 -1 
              1193 1192 1227 -1 
              1191 1227 1192 -1 
              1227 1191 1230 -1 
              1190 1230 1191 -1 
              1230 1190 1188 -1 
              1189 1188 1190 -1 
              1222 1229 1224 -1 
              1231 1224 1229 -1 
              1224 1231 1225 -1 
              1185 1225 1231 -1 
              1229 1188 1231 -1 
              1187 1231 1188 -1 
              1231 1187 1185 -1 
              1186 1185 1187 -1 
              1225 1185 1207 -1 
              1208 1207 1185 -1 
              591 50 710 -1 
              591 710 709 -1 
              591 709 1239 -1 
              1239 709 708 -1 
              1238 708 707 -1 
              1261 699 1233 -1 
              1241 597 596 -1 
              1236 1234 1235 -1 
              703 1236 704 -1 
              703 702 1260 -1 
              1261 701 700 -1 
              1260 1236 703 -1 
              1247 685 1246 -1 
              1257 1251 693 -1 
              690 1256 691 -1 
              689 1256 690 -1 
              1248 688 687 -1 
              687 686 1247 -1 
              686 685 1247 -1 
              1245 684 683 -1 
              605 683 682 -1 
              605 682 51 -1 
              1245 683 605 -1 
              1246 685 684 -1 
              689 688 1248 -1 
              1244 603 602 -1 
              601 600 1243 -1 
              1243 600 599 -1 
              1260 702 701 -1 
              1239 593 592 -1 
              1239 592 591 -1 
              1255 1259 697 -1 
              599 598 1242 -1 
              1260 701 1261 -1 
              1233 1255 1232 -1 
              1241 595 1240 -1 
              707 706 1237 -1 
              1241 596 595 -1 
              1237 706 705 -1 
              1236 705 704 -1 
              1237 705 1236 -1 
              1238 707 1237 -1 
              1240 593 1239 -1 
              1239 708 1238 -1 
              1240 594 593 -1 
              1240 595 594 -1 
              1242 598 597 -1 
              1242 597 1241 -1 
              1244 602 601 -1 
              1243 599 1242 -1 
              1245 604 603 -1 
              1244 601 1243 -1 
              1245 605 604 -1 
              1245 603 1244 -1 
              1246 684 1245 -1 
              1253 1254 696 -1 
              1251 694 693 -1 
              1251 1257 1256 -1 
              1248 687 1247 -1 
              1257 692 691 -1 
              1250 1248 1249 -1 
              1253 1258 1251 -1 
              1258 1253 695 -1 
              1251 1256 1250 -1 
              1253 696 695 -1 
              1253 1251 1252 -1 
              1254 1255 696 -1 
              1255 697 696 -1 
              1256 689 1248 -1 
              1256 1248 1250 -1 
              1257 693 692 -1 
              1257 691 1256 -1 
              1258 695 694 -1 
              1258 694 1251 -1 
              1259 698 697 -1 
              1259 1255 1233 -1 
              1260 1233 1234 -1 
              1260 1234 1236 -1 
              1261 700 699 -1 
              1261 1233 1260 -1 
              699 1259 1233 -1 
              1259 699 698 -1 
              1245 1244 1246 -1 
              1262 1246 1244 -1 
              1246 1262 1247 -1 
              1263 1247 1262 -1 
              1247 1263 1248 -1 
              1249 1248 1263 -1 
              1244 1243 1262 -1 
              1264 1262 1243 -1 
              1243 1242 1264 -1 
              1265 1264 1242 -1 
              1262 1264 1263 -1 
              1266 1263 1264 -1 
              1263 1266 1249 -1 
              1267 1249 1266 -1 
              1264 1265 1266 -1 
              1268 1266 1265 -1 
              1266 1268 1267 -1 
              1269 1267 1268 -1 
              1249 1267 1250 -1 
              1270 1250 1267 -1 
              1250 1270 1251 -1 
              1252 1251 1270 -1 
              1267 1269 1270 -1 
              1271 1270 1269 -1 
              1270 1271 1252 -1 
              1272 1252 1271 -1 
              1252 1272 1253 -1 
              1254 1253 1272 -1 
              1242 1241 1265 -1 
              1273 1265 1241 -1 
              1241 1240 1273 -1 
              1274 1273 1240 -1 
              1265 1273 1268 -1 
              1275 1268 1273 -1 
              1268 1275 1269 -1 
              1276 1269 1275 -1 
              1273 1274 1275 -1 
              1277 1275 1274 -1 
              1275 1277 1276 -1 
              1235 1276 1277 -1 
              1240 1239 1274 -1 
              1238 1274 1239 -1 
              1274 1238 1277 -1 
              1237 1277 1238 -1 
              1277 1237 1235 -1 
              1236 1235 1237 -1 
              1269 1276 1271 -1 
              1278 1271 1276 -1 
              1271 1278 1272 -1 
              1232 1272 1278 -1 
              1276 1235 1278 -1 
              1234 1278 1235 -1 
              1278 1234 1232 -1 
              1233 1232 1234 -1 
              1272 1232 1254 -1 
              1255 1254 1232 -1 
              557 46 739 -1 
              557 739 738 -1 
              557 738 1286 -1 
              1286 738 737 -1 
              1285 737 736 -1 
              736 735 1284 -1 
              1287 561 560 -1 
              1283 1281 1282 -1 
              732 1283 733 -1 
              732 731 1307 -1 
              1308 730 729 -1 
              1307 1283 732 -1 
              1294 714 1293 -1 
              1304 1298 722 -1 
              719 1303 720 -1 
              718 1303 719 -1 
              1295 717 716 -1 
              716 715 1294 -1 
              715 714 1294 -1 
              1292 713 712 -1 
              571 712 711 -1 
              571 711 47 -1 
              1292 712 571 -1 
              1293 714 713 -1 
              718 717 1295 -1 
              1291 569 568 -1 
              567 566 1290 -1 
              1290 566 565 -1 
              1286 559 558 -1 
              1286 558 557 -1 
              1302 1306 726 -1 
              565 564 1289 -1 
              1307 730 1308 -1 
              1280 1302 1279 -1 
              1308 728 1280 -1 
              1288 563 562 -1 
              1307 731 730 -1 
              1288 561 1287 -1 
              1284 735 734 -1 
              1283 734 733 -1 
              1284 734 1283 -1 
              1285 736 1284 -1 
              1287 559 1286 -1 
              1286 737 1285 -1 
              1287 560 559 -1 
              1288 562 561 -1 
              1289 564 563 -1 
              1289 563 1288 -1 
              1291 568 567 -1 
              1290 565 1289 -1 
              1292 570 569 -1 
              1291 567 1290 -1 
              1292 571 570 -1 
              1292 569 1291 -1 
              1293 713 1292 -1 
              1300 1301 725 -1 
              1298 723 722 -1 
              1298 1304 1303 -1 
              1295 716 1294 -1 
              1304 721 720 -1 
              1297 1295 1296 -1 
              1300 1305 1298 -1 
              1305 1300 724 -1 
              1298 1303 1297 -1 
              1300 725 724 -1 
              1300 1298 1299 -1 
              1301 1302 725 -1 
              1302 726 725 -1 
              1303 718 1295 -1 
              1303 1295 1297 -1 
              1304 722 721 -1 
              1304 720 1303 -1 
              1305 724 723 -1 
              1305 723 1298 -1 
              1306 727 726 -1 
              1306 1302 1280 -1 
              1307 1280 1281 -1 
              1307 1281 1283 -1 
              1308 729 728 -1 
              1308 1280 1307 -1 
              728 1306 1280 -1 
              1306 728 727 -1 
              1292 1291 1293 -1 
              1309 1293 1291 -1 
              1293 1309 1294 -1 
              1310 1294 1309 -1 
              1294 1310 1295 -1 
              1296 1295 1310 -1 
              1291 1290 1309 -1 
              1311 1309 1290 -1 
              1290 1289 1311 -1 
              1312 1311 1289 -1 
              1309 1311 1310 -1 
              1313 1310 1311 -1 
              1310 1313 1296 -1 
              1314 1296 1313 -1 
              1311 1312 1313 -1 
              1315 1313 1312 -1 
              1313 1315 1314 -1 
              1316 1314 1315 -1 
              1296 1314 1297 -1 
              1317 1297 1314 -1 
              1297 1317 1298 -1 
              1299 1298 1317 -1 
              1314 1316 1317 -1 
              1318 1317 1316 -1 
              1317 1318 1299 -1 
              1319 1299 1318 -1 
              1299 1319 1300 -1 
              1301 1300 1319 -1 
              1289 1288 1312 -1 
              1320 1312 1288 -1 
              1288 1287 1320 -1 
              1321 1320 1287 -1 
              1312 1320 1315 -1 
              1322 1315 1320 -1 
              1315 1322 1316 -1 
              1323 1316 1322 -1 
              1320 1321 1322 -1 
              1324 1322 1321 -1 
              1322 1324 1323 -1 
              1282 1323 1324 -1 
              1287 1286 1321 -1 
              1285 1321 1286 -1 
              1321 1285 1324 -1 
              1284 1324 1285 -1 
              1324 1284 1282 -1 
              1283 1282 1284 -1 
              1316 1323 1318 -1 
              1325 1318 1323 -1 
              1318 1325 1319 -1 
              1279 1319 1325 -1 
              1323 1282 1325 -1 
              1281 1325 1282 -1 
              1325 1281 1279 -1 
              1280 1279 1281 -1 
              1319 1279 1301 -1 
              1302 1301 1279 -1 
              725 46 47 -1 
              738 739 46 -1 
              737 738 46 -1 
              736 737 46 -1 
              730 736 46 -1 
              730 735 736 -1 
              731 734 735 -1 
              731 733 734 -1 
              731 732 733 -1 
              730 731 735 -1 
              729 730 46 -1 
              728 729 46 -1 
              727 728 46 -1 
              726 727 46 -1 
              725 726 46 -1 
              724 725 47 -1 
              723 724 47 -1 
              722 723 47 -1 
              721 722 47 -1 
              720 721 47 -1 
              714 720 47 -1 
              715 719 720 -1 
              717 718 719 -1 
              716 717 719 -1 
              715 716 719 -1 
              714 715 720 -1 
              713 714 47 -1 
              712 713 47 -1 
              711 712 47 -1 
              46 556 19 -1 
              47 46 19 -1 
              572 47 19 -1 
              22 572 19 -1 
              174 22 19 -1 
              23 174 19 -1 
              18 23 19 -1 
              156 18 19 -1 
              358 23 18 -1 
              371 372 23 -1 
              370 371 23 -1 
              369 370 23 -1 
              363 369 23 -1 
              363 368 369 -1 
              364 367 368 -1 
              364 366 367 -1 
              364 365 366 -1 
              363 364 368 -1 
              362 363 23 -1 
              361 362 23 -1 
              360 361 23 -1 
              359 360 23 -1 
              358 359 23 -1 
              357 358 18 -1 
              356 357 18 -1 
              355 356 18 -1 
              354 355 18 -1 
              353 354 18 -1 
              347 353 18 -1 
              348 352 353 -1 
              350 351 352 -1 
              349 350 352 -1 
              348 349 352 -1 
              347 348 353 -1 
              346 347 18 -1 
              345 346 18 -1 
              344 345 18 -1 
              329 11 7 -1 
              342 343 11 -1 
              341 342 11 -1 
              340 341 11 -1 
              334 340 11 -1 
              334 339 340 -1 
              335 338 339 -1 
              335 337 338 -1 
              335 336 337 -1 
              334 335 339 -1 
              333 334 11 -1 
              332 333 11 -1 
              331 332 11 -1 
              330 331 11 -1 
              329 330 11 -1 
              328 329 7 -1 
              327 328 7 -1 
              326 327 7 -1 
              325 326 7 -1 
              324 325 7 -1 
              318 324 7 -1 
              319 323 324 -1 
              321 322 323 -1 
              320 321 323 -1 
              319 320 323 -1 
              318 319 324 -1 
              317 318 7 -1 
              316 317 7 -1 
              315 316 7 -1 
              606 51 50 -1 
              10 606 50 -1 
              106 10 50 -1 
              11 106 50 -1 
              7 11 50 -1 
              88 7 50 -1 
              6 88 50 -1 
              590 6 50 -1 
              696 50 51 -1 
              709 710 50 -1 
              708 709 50 -1 
              707 708 50 -1 
              701 707 50 -1 
              701 706 707 -1 
              702 705 706 -1 
              702 704 705 -1 
              702 703 704 -1 
              701 702 706 -1 
              700 701 50 -1 
              699 700 50 -1 
              698 699 50 -1 
              697 698 50 -1 
              696 697 50 -1 
              695 696 51 -1 
              694 695 51 -1 
              693 694 51 -1 
              692 693 51 -1 
              691 692 51 -1 
              685 691 51 -1 
              686 690 691 -1 
              688 689 690 -1 
              687 688 690 -1 
              686 687 690 -1 
              685 686 691 -1 
              684 685 51 -1 
              683 684 51 -1 
              682 683 51 -1 
              667 48 49 -1 
              680 681 48 -1 
              679 680 48 -1 
              678 679 48 -1 
              672 678 48 -1 
              672 677 678 -1 
              673 676 677 -1 
              673 675 676 -1 
              673 674 675 -1 
              672 673 677 -1 
              671 672 48 -1 
              670 671 48 -1 
              669 670 48 -1 
              668 669 48 -1 
              667 668 48 -1 
              666 667 49 -1 
              665 666 49 -1 
              664 665 49 -1 
              663 664 49 -1 
              662 663 49 -1 
              656 662 49 -1 
              657 661 662 -1 
              659 660 661 -1 
              658 659 661 -1 
              657 658 661 -1 
              656 657 662 -1 
              655 656 49 -1 
              654 655 49 -1 
              653 654 49 -1 
              48 573 13 -1 
              49 48 13 -1 
              589 49 13 -1 
              16 589 13 -1 
              140 16 13 -1 
              17 140 13 -1 
              12 17 13 -1 
              122 12 13 -1 
              300 17 12 -1 
              313 314 17 -1 
              312 313 17 -1 
              311 312 17 -1 
              305 311 17 -1 
              305 310 311 -1 
              306 309 310 -1 
              306 308 309 -1 
              306 307 308 -1 
              305 306 310 -1 
              304 305 17 -1 
              303 304 17 -1 
              302 303 17 -1 
              301 302 17 -1 
              300 301 17 -1 
              299 300 12 -1 
              298 299 12 -1 
              297 298 12 -1 
              296 297 12 -1 
              295 296 12 -1 
              289 295 12 -1 
              290 294 295 -1 
              292 293 294 -1 
              291 292 294 -1 
              290 291 294 -1 
              289 290 295 -1 
              288 289 12 -1 
              287 288 12 -1 
              286 287 12 -1 
              271 5 1 -1 
              284 285 5 -1 
              283 284 5 -1 
              282 283 5 -1 
              276 282 5 -1 
              276 281 282 -1 
              277 280 281 -1 
              277 279 280 -1 
              277 278 279 -1 
              276 277 281 -1 
              275 276 5 -1 
              274 275 5 -1 
              273 274 5 -1 
              272 273 5 -1 
              271 272 5 -1 
              270 271 1 -1 
              269 270 1 -1 
              268 269 1 -1 
              267 268 1 -1 
              266 267 1 -1 
              260 266 1 -1 
              261 265 266 -1 
              263 264 265 -1 
              262 263 265 -1 
              261 262 265 -1 
              260 261 266 -1 
              259 260 1 -1 
              258 259 1 -1 
              257 258 1 -1 
              623 53 52 -1 
              4 623 52 -1 
              72 4 52 -1 
              5 72 52 -1 
              1 5 52 -1 
              54 1 52 -1 
              0 54 52 -1 
              607 0 52 -1 
              638 52 53 -1 
              651 652 52 -1 
              650 651 52 -1 
              649 650 52 -1 
              643 649 52 -1 
              643 648 649 -1 
              644 647 648 -1 
              644 646 647 -1 
              644 645 646 -1 
              643 644 648 -1 
              642 643 52 -1 
              641 642 52 -1 
              640 641 52 -1 
              639 640 52 -1 
              638 639 52 -1 
              637 638 53 -1 
              636 637 53 -1 
              635 636 53 -1 
              634 635 53 -1 
              633 634 53 -1 
              627 633 53 -1 
              628 632 633 -1 
              630 631 632 -1 
              629 630 632 -1 
              628 629 632 -1 
              627 628 633 -1 
              626 627 53 -1 
              625 626 53 -1 
              624 625 53 -1 
            ]
            normalIndex [
              4 0 1 -1 
              3 1 2 -1 
              4 1 3 -1 
              5 0 4 -1 
              39 0 5 -1 
              39 5 6 -1 
              38 6 7 -1 
              37 7 8 -1 
              36 8 9 -1 
              34 10 11 -1 
              31 12 13 -1 
              28 15 16 -1 
              24 19 20 -1 
              23 20 21 -1 
              25 18 19 -1 
              23 21 22 -1 
              26 17 18 -1 
              24 20 23 -1 
              27 16 17 -1 
              25 19 24 -1 
              29 14 15 -1 
              26 18 25 -1 
              30 13 14 -1 
              27 17 26 -1 
              33 11 12 -1 
              28 16 27 -1 
              35 9 10 -1 
              29 15 28 -1 
              30 14 29 -1 
              31 13 30 -1 
              32 12 31 -1 
              33 12 32 -1 
              34 11 33 -1 
              35 10 34 -1 
              36 9 35 -1 
              37 8 36 -1 
              38 7 37 -1 
              39 6 38 -1 
              44 40 41 -1 
              43 41 42 -1 
              44 41 43 -1 
              45 40 44 -1 
              79 40 45 -1 
              79 45 46 -1 
              78 46 47 -1 
              77 47 48 -1 
              76 48 49 -1 
              74 50 51 -1 
              71 52 53 -1 
              68 55 56 -1 
              64 59 60 -1 
              63 60 61 -1 
              65 58 59 -1 
              63 61 62 -1 
              66 57 58 -1 
              64 60 63 -1 
              67 56 57 -1 
              65 59 64 -1 
              69 54 55 -1 
              66 58 65 -1 
              70 53 54 -1 
              67 57 66 -1 
              73 51 52 -1 
              68 56 67 -1 
              75 49 50 -1 
              69 55 68 -1 
              70 54 69 -1 
              71 53 70 -1 
              72 52 71 -1 
              73 52 72 -1 
              74 51 73 -1 
              75 50 74 -1 
              76 49 75 -1 
              77 48 76 -1 
              78 47 77 -1 
              79 46 78 -1 
              84 80 81 -1 
              83 81 82 -1 
              84 81 83 -1 
              85 80 84 -1 
              119 80 85 -1 
              119 85 86 -1 
              118 86 87 -1 
              117 87 88 -1 
              116 88 89 -1 
              114 90 91 -1 
              111 92 93 -1 
              108 95 96 -1 
              104 99 100 -1 
              103 100 101 -1 
              105 98 99 -1 
              103 101 102 -1 
              106 97 98 -1 
              104 100 103 -1 
              107 96 97 -1 
              105 99 104 -1 
              109 94 95 -1 
              106 98 105 -1 
              110 93 94 -1 
              107 97 106 -1 
              113 91 92 -1 
              108 96 107 -1 
              115 89 90 -1 
              109 95 108 -1 
              110 94 109 -1 
              111 93 110 -1 
              112 92 111 -1 
              113 92 112 -1 
              114 91 113 -1 
              115 90 114 -1 
              116 89 115 -1 
              117 88 116 -1 
              118 87 117 -1 
              119 86 118 -1 
              124 120 121 -1 
              123 121 122 -1 
              124 121 123 -1 
              125 120 124 -1 
              159 120 125 -1 
              159 125 126 -1 
              158 126 127 -1 
              157 127 128 -1 
              156 128 129 -1 
              154 130 131 -1 
              151 132 133 -1 
              148 135 136 -1 
              144 139 140 -1 
              143 140 141 -1 
              145 138 139 -1 
              143 141 142 -1 
              146 137 138 -1 
              144 140 143 -1 
              147 136 137 -1 
              145 139 144 -1 
              149 134 135 -1 
              146 138 145 -1 
              150 133 134 -1 
              147 137 146 -1 
              153 131 132 -1 
              148 136 147 -1 
              155 129 130 -1 
              149 135 148 -1 
              150 134 149 -1 
              151 133 150 -1 
              152 132 151 -1 
              153 132 152 -1 
              154 131 153 -1 
              155 130 154 -1 
              156 129 155 -1 
              157 128 156 -1 
              158 127 157 -1 
              159 126 158 -1 
              232 163 164 -1 
              231 164 165 -1 
              230 165 166 -1 
              229 166 167 -1 
              228 167 168 -1 
              227 168 169 -1 
              227 169 170 -1 
              170 171 226 -1 
              221 175 176 -1 
              179 177 178 -1 
              220 177 179 -1 
              222 174 175 -1 
              222 175 221 -1 
              223 174 222 -1 
              217 182 183 -1 
              216 183 184 -1 
              214 185 186 -1 
              233 162 163 -1 
              188 186 187 -1 
              214 186 188 -1 
              235 212 234 -1 
              253 190 252 -1 
              213 161 234 -1 
              213 160 161 -1 
              251 191 192 -1 
              195 196 247 -1 
              247 196 197 -1 
              246 197 198 -1 
              245 198 199 -1 
              241 202 203 -1 
              206 204 205 -1 
              240 204 206 -1 
              242 201 202 -1 
              242 202 241 -1 
              234 162 233 -1 
              215 184 185 -1 
              214 188 189 -1 
              215 185 214 -1 
              253 189 190 -1 
              218 181 182 -1 
              216 184 215 -1 
              219 180 181 -1 
              217 183 216 -1 
              221 176 220 -1 
              218 182 217 -1 
              220 179 180 -1 
              219 181 218 -1 
              220 176 177 -1 
              220 180 219 -1 
              223 173 174 -1 
              224 172 173 -1 
              225 171 172 -1 
              224 173 223 -1 
              248 195 247 -1 
              225 172 224 -1 
              247 197 246 -1 
              226 171 225 -1 
              246 198 245 -1 
              227 170 226 -1 
              228 168 227 -1 
              229 167 228 -1 
              230 166 229 -1 
              231 165 230 -1 
              236 211 235 -1 
              232 164 231 -1 
              236 210 211 -1 
              234 161 162 -1 
              233 163 232 -1 
              235 211 212 -1 
              234 212 213 -1 
              237 209 210 -1 
              238 208 209 -1 
              239 207 208 -1 
              237 210 236 -1 
              241 203 240 -1 
              238 209 237 -1 
              240 206 207 -1 
              239 208 238 -1 
              240 203 204 -1 
              240 207 239 -1 
              243 200 201 -1 
              244 199 200 -1 
              243 201 242 -1 
              244 200 243 -1 
              245 199 244 -1 
              248 194 195 -1 
              249 193 194 -1 
              250 192 193 -1 
              249 194 248 -1 
              250 193 249 -1 
              252 190 191 -1 
              251 192 250 -1 
              252 191 251 -1 
              253 214 189 -1 
              234 233 235 -1 
              254 235 233 -1 
              233 232 254 -1 
              255 254 232 -1 
              232 231 255 -1 
              256 255 231 -1 
              235 254 236 -1 
              257 236 254 -1 
              236 257 237 -1 
              258 237 257 -1 
              254 255 257 -1 
              259 257 255 -1 
              255 256 259 -1 
              260 259 256 -1 
              257 259 258 -1 
              261 258 259 -1 
              259 260 261 -1 
              262 261 260 -1 
              231 230 256 -1 
              263 256 230 -1 
              230 229 263 -1 
              264 263 229 -1 
              229 228 264 -1 
              265 264 228 -1 
              228 227 265 -1 
              266 265 227 -1 
              256 263 260 -1 
              267 260 263 -1 
              263 264 267 -1 
              268 267 264 -1 
              260 267 262 -1 
              269 262 267 -1 
              267 268 269 -1 
              270 269 268 -1 
              264 265 268 -1 
              271 268 265 -1 
              265 266 271 -1 
              272 271 266 -1 
              268 271 270 -1 
              273 270 271 -1 
              271 272 273 -1 
              274 273 272 -1 
              237 258 238 -1 
              275 238 258 -1 
              238 275 239 -1 
              276 239 275 -1 
              258 261 275 -1 
              277 275 261 -1 
              261 262 277 -1 
              278 277 262 -1 
              275 277 276 -1 
              279 276 277 -1 
              277 278 279 -1 
              280 279 278 -1 
              239 276 240 -1 
              241 240 276 -1 
              276 279 241 -1 
              242 241 279 -1 
              279 280 242 -1 
              243 242 280 -1 
              262 269 278 -1 
              281 278 269 -1 
              269 270 281 -1 
              282 281 270 -1 
              278 281 280 -1 
              283 280 281 -1 
              281 282 283 -1 
              284 283 282 -1 
              270 273 282 -1 
              285 282 273 -1 
              273 274 285 -1 
              286 285 274 -1 
              282 285 284 -1 
              287 284 285 -1 
              285 286 287 -1 
              288 287 286 -1 
              280 283 243 -1 
              244 243 283 -1 
              283 284 244 -1 
              245 244 284 -1 
              284 287 245 -1 
              246 245 287 -1 
              287 288 246 -1 
              247 246 288 -1 
              227 226 266 -1 
              289 266 226 -1 
              226 225 289 -1 
              290 289 225 -1 
              225 224 290 -1 
              291 290 224 -1 
              224 223 291 -1 
              292 291 223 -1 
              266 289 272 -1 
              293 272 289 -1 
              289 290 293 -1 
              294 293 290 -1 
              272 293 274 -1 
              295 274 293 -1 
              293 294 295 -1 
              296 295 294 -1 
              290 291 294 -1 
              297 294 291 -1 
              291 292 297 -1 
              298 297 292 -1 
              294 297 296 -1 
              299 296 297 -1 
              297 298 299 -1 
              300 299 298 -1 
              223 222 292 -1 
              301 292 222 -1 
              222 221 301 -1 
              302 301 221 -1 
              221 220 302 -1 
              219 302 220 -1 
              292 301 298 -1 
              303 298 301 -1 
              301 302 303 -1 
              304 303 302 -1 
              298 303 300 -1 
              305 300 303 -1 
              303 304 305 -1 
              306 305 304 -1 
              302 219 304 -1 
              218 304 219 -1 
              304 218 306 -1 
              217 306 218 -1 
              274 295 286 -1 
              307 286 295 -1 
              295 296 307 -1 
              308 307 296 -1 
              286 307 288 -1 
              309 288 307 -1 
              307 308 309 -1 
              310 309 308 -1 
              296 299 308 -1 
              311 308 299 -1 
              299 300 311 -1 
              312 311 300 -1 
              308 311 310 -1 
              313 310 311 -1 
              311 312 313 -1 
              314 313 312 -1 
              288 309 247 -1 
              248 247 309 -1 
              309 310 248 -1 
              249 248 310 -1 
              310 313 249 -1 
              250 249 313 -1 
              313 314 250 -1 
              251 250 314 -1 
              300 305 312 -1 
              315 312 305 -1 
              305 306 315 -1 
              316 315 306 -1 
              312 315 314 -1 
              317 314 315 -1 
              315 316 317 -1 
              318 317 316 -1 
              306 217 316 -1 
              216 316 217 -1 
              316 216 318 -1 
              215 318 216 -1 
              314 317 251 -1 
              252 251 317 -1 
              317 318 252 -1 
              253 252 318 -1 
              318 215 253 -1 
              214 253 215 -1 
              348 326 327 -1 
              347 327 328 -1 
              346 328 329 -1 
              345 329 330 -1 
              344 330 331 -1 
              343 331 332 -1 
              342 332 333 -1 
              341 333 334 -1 
              340 334 335 -1 
              339 335 336 -1 
              338 336 337 -1 
              349 325 326 -1 
              339 336 338 -1 
              350 324 325 -1 
              340 335 339 -1 
              341 334 340 -1 
              351 323 324 -1 
              342 333 341 -1 
              352 322 323 -1 
              343 332 342 -1 
              353 321 322 -1 
              344 331 343 -1 
              354 320 321 -1 
              345 330 344 -1 
              355 319 320 -1 
              346 329 345 -1 
              347 328 346 -1 
              348 327 347 -1 
              349 326 348 -1 
              350 325 349 -1 
              351 324 350 -1 
              352 323 351 -1 
              353 322 352 -1 
              354 321 353 -1 
              355 320 354 -1 
              356 319 355 -1 
              402 357 358 -1 
              402 358 359 -1 
              402 359 410 -1 
              410 359 360 -1 
              409 360 361 -1 
              361 362 408 -1 
              411 398 399 -1 
              407 405 406 -1 
              365 407 364 -1 
              365 366 431 -1 
              432 367 368 -1 
              431 407 365 -1 
              418 383 417 -1 
              428 422 375 -1 
              378 427 377 -1 
              379 427 378 -1 
              419 380 381 -1 
              381 382 418 -1 
              382 383 418 -1 
              416 384 385 -1 
              388 385 386 -1 
              388 386 387 -1 
              416 385 388 -1 
              417 383 384 -1 
              379 380 419 -1 
              415 390 391 -1 
              392 393 414 -1 
              414 393 394 -1 
              410 400 401 -1 
              410 401 402 -1 
              426 430 371 -1 
              394 395 413 -1 
              431 367 432 -1 
              404 426 403 -1 
              432 369 404 -1 
              412 396 397 -1 
              431 366 367 -1 
              412 398 411 -1 
              408 362 363 -1 
              407 363 364 -1 
              408 363 407 -1 
              409 361 408 -1 
              411 400 410 -1 
              410 360 409 -1 
              411 399 400 -1 
              412 397 398 -1 
              413 395 396 -1 
              413 396 412 -1 
              415 391 392 -1 
              414 394 413 -1 
              416 389 390 -1 
              415 392 414 -1 
              416 388 389 -1 
              416 390 415 -1 
              417 384 416 -1 
              424 425 372 -1 
              422 374 375 -1 
              422 428 427 -1 
              419 381 418 -1 
              428 376 377 -1 
              421 419 420 -1 
              424 429 422 -1 
              429 424 373 -1 
              422 427 421 -1 
              424 372 373 -1 
              424 422 423 -1 
              425 426 372 -1 
              426 371 372 -1 
              427 379 419 -1 
              427 419 421 -1 
              428 375 376 -1 
              428 377 427 -1 
              429 373 374 -1 
              429 374 422 -1 
              430 370 371 -1 
              430 426 404 -1 
              431 404 405 -1 
              431 405 407 -1 
              432 368 369 -1 
              432 404 431 -1 
              369 430 404 -1 
              430 369 370 -1 
              416 415 417 -1 
              433 417 415 -1 
              417 433 418 -1 
              434 418 433 -1 
              418 434 419 -1 
              420 419 434 -1 
              415 414 433 -1 
              435 433 414 -1 
              414 413 435 -1 
              436 435 413 -1 
              433 435 434 -1 
              437 434 435 -1 
              434 437 420 -1 
              438 420 437 -1 
              435 436 437 -1 
              439 437 436 -1 
              437 439 438 -1 
              440 438 439 -1 
              420 438 421 -1 
              441 421 438 -1 
              421 441 422 -1 
              423 422 441 -1 
              438 440 441 -1 
              442 441 440 -1 
              441 442 423 -1 
              443 423 442 -1 
              423 443 424 -1 
              425 424 443 -1 
              413 412 436 -1 
              444 436 412 -1 
              412 411 444 -1 
              445 444 411 -1 
              436 444 439 -1 
              446 439 444 -1 
              439 446 440 -1 
              447 440 446 -1 
              444 445 446 -1 
              448 446 445 -1 
              446 448 447 -1 
              406 447 448 -1 
              411 410 445 -1 
              409 445 410 -1 
              445 409 448 -1 
              408 448 409 -1 
              448 408 406 -1 
              407 406 408 -1 
              440 447 442 -1 
              449 442 447 -1 
              442 449 443 -1 
              403 443 449 -1 
              447 406 449 -1 
              405 449 406 -1 
              449 405 403 -1 
              404 403 405 -1 
              443 403 425 -1 
              426 425 403 -1 
              495 450 451 -1 
              495 451 452 -1 
              495 452 503 -1 
              502 454 501 -1 
              501 456 500 -1 
              525 462 497 -1 
              505 489 490 -1 
              500 498 499 -1 
              458 500 457 -1 
              458 459 524 -1 
              525 460 461 -1 
              524 500 458 -1 
              511 476 510 -1 
              521 515 468 -1 
              471 520 470 -1 
              472 520 471 -1 
              512 473 474 -1 
              474 475 511 -1 
              475 476 511 -1 
              509 477 478 -1 
              481 478 479 -1 
              481 479 480 -1 
              509 478 481 -1 
              510 476 477 -1 
              472 473 512 -1 
              508 483 484 -1 
              485 486 507 -1 
              507 486 487 -1 
              524 459 460 -1 
              503 453 502 -1 
              519 523 464 -1 
              487 488 506 -1 
              524 460 525 -1 
              497 519 496 -1 
              505 491 504 -1 
              454 455 501 -1 
              505 490 491 -1 
              501 455 456 -1 
              500 456 457 -1 
              504 493 503 -1 
              502 453 454 -1 
              504 492 493 -1 
              503 452 453 -1 
              503 493 494 -1 
              503 494 495 -1 
              504 491 492 -1 
              506 488 489 -1 
              506 489 505 -1 
              508 484 485 -1 
              507 487 506 -1 
              509 482 483 -1 
              508 485 507 -1 
              509 481 482 -1 
              509 483 508 -1 
              510 477 509 -1 
              517 518 465 -1 
              515 467 468 -1 
              515 521 520 -1 
              512 474 511 -1 
              521 469 470 -1 
              514 512 513 -1 
              517 522 515 -1 
              522 517 466 -1 
              515 520 514 -1 
              517 465 466 -1 
              517 515 516 -1 
              518 519 465 -1 
              519 464 465 -1 
              520 472 512 -1 
              520 512 514 -1 
              521 468 469 -1 
              521 470 520 -1 
              522 466 467 -1 
              522 467 515 -1 
              523 463 464 -1 
              523 519 497 -1 
              524 497 498 -1 
              524 498 500 -1 
              525 461 462 -1 
              525 497 524 -1 
              462 523 497 -1 
              523 462 463 -1 
              509 508 510 -1 
              526 510 508 -1 
              510 526 511 -1 
              527 511 526 -1 
              511 527 512 -1 
              513 512 527 -1 
              508 507 526 -1 
              528 526 507 -1 
              507 506 528 -1 
              529 528 506 -1 
              526 528 527 -1 
              530 527 528 -1 
              527 530 513 -1 
              531 513 530 -1 
              528 529 530 -1 
              532 530 529 -1 
              530 532 531 -1 
              533 531 532 -1 
              513 531 514 -1 
              534 514 531 -1 
              514 534 515 -1 
              516 515 534 -1 
              531 533 534 -1 
              535 534 533 -1 
              534 535 516 -1 
              536 516 535 -1 
              516 536 517 -1 
              518 517 536 -1 
              506 505 529 -1 
              537 529 505 -1 
              505 504 537 -1 
              538 537 504 -1 
              529 537 532 -1 
              539 532 537 -1 
              532 539 533 -1 
              540 533 539 -1 
              537 538 539 -1 
              541 539 538 -1 
              539 541 540 -1 
              499 540 541 -1 
              504 503 538 -1 
              502 538 503 -1 
              538 502 541 -1 
              501 541 502 -1 
              541 501 499 -1 
              500 499 501 -1 
              533 540 535 -1 
              542 535 540 -1 
              535 542 536 -1 
              496 536 542 -1 
              540 499 542 -1 
              498 542 499 -1 
              542 498 496 -1 
              497 496 498 -1 
              536 496 518 -1 
              519 518 496 -1 
              588 543 544 -1 
              588 544 545 -1 
              588 545 596 -1 
              596 545 546 -1 
              595 546 547 -1 
              547 548 594 -1 
              597 584 585 -1 
              593 591 592 -1 
              551 593 550 -1 
              551 552 617 -1 
              618 553 554 -1 
              617 593 551 -1 
              604 569 603 -1 
              614 608 561 -1 
              564 613 563 -1 
              565 613 564 -1 
              605 566 567 -1 
              567 568 604 -1 
              568 569 604 -1 
              602 570 571 -1 
              574 571 572 -1 
              574 572 573 -1 
              602 571 574 -1 
              603 569 570 -1 
              565 566 605 -1 
              601 576 577 -1 
              578 579 600 -1 
              600 579 580 -1 
              596 586 587 -1 
              596 587 588 -1 
              612 616 557 -1 
              580 581 599 -1 
              617 553 618 -1 
              590 612 589 -1 
              618 555 590 -1 
              598 582 583 -1 
              617 552 553 -1 
              598 584 597 -1 
              594 548 549 -1 
              593 549 550 -1 
              594 549 593 -1 
              595 547 594 -1 
              597 586 596 -1 
              596 546 595 -1 
              597 585 586 -1 
              598 583 584 -1 
              599 581 582 -1 
              599 582 598 -1 
              601 577 578 -1 
              600 580 599 -1 
              602 575 576 -1 
              601 578 600 -1 
              602 574 575 -1 
              602 576 601 -1 
              603 570 602 -1 
              610 611 558 -1 
              608 560 561 -1 
              608 614 613 -1 
              605 567 604 -1 
              614 562 563 -1 
              607 605 606 -1 
              610 615 608 -1 
              615 610 559 -1 
              608 613 607 -1 
              610 558 559 -1 
              610 608 609 -1 
              611 612 558 -1 
              612 557 558 -1 
              613 565 605 -1 
              613 605 607 -1 
              614 561 562 -1 
              614 563 613 -1 
              615 559 560 -1 
              615 560 608 -1 
              616 556 557 -1 
              616 612 590 -1 
              617 590 591 -1 
              617 591 593 -1 
              618 554 555 -1 
              618 590 617 -1 
              555 616 590 -1 
              616 555 556 -1 
              602 601 603 -1 
              619 603 601 -1 
              603 619 604 -1 
              620 604 619 -1 
              604 620 605 -1 
              606 605 620 -1 
              601 600 619 -1 
              621 619 600 -1 
              600 599 621 -1 
              622 621 599 -1 
              619 621 620 -1 
              623 620 621 -1 
              620 623 606 -1 
              624 606 623 -1 
              621 622 623 -1 
              625 623 622 -1 
              623 625 624 -1 
              626 624 625 -1 
              606 624 607 -1 
              627 607 624 -1 
              607 627 608 -1 
              609 608 627 -1 
              624 626 627 -1 
              628 627 626 -1 
              627 628 609 -1 
              629 609 628 -1 
              609 629 610 -1 
              611 610 629 -1 
              599 598 622 -1 
              630 622 598 -1 
              598 597 630 -1 
              631 630 597 -1 
              622 630 625 -1 
              632 625 630 -1 
              625 632 626 -1 
              633 626 632 -1 
              630 631 632 -1 
              634 632 631 -1 
              632 634 633 -1 
              592 633 634 -1 
              597 596 631 -1 
              595 631 596 -1 
              631 595 634 -1 
              594 634 595 -1 
              634 594 592 -1 
              593 592 594 -1 
              626 633 628 -1 
              635 628 633 -1 
              628 635 629 -1 
              589 629 635 -1 
              633 592 635 -1 
              591 635 592 -1 
              635 591 589 -1 
              590 589 591 -1 
              629 589 611 -1 
              612 611 589 -1 
              681 636 637 -1 
              681 637 638 -1 
              681 638 689 -1 
              688 640 687 -1 
              687 642 686 -1 
              711 648 683 -1 
              691 675 676 -1 
              686 684 685 -1 
              644 686 643 -1 
              644 645 710 -1 
              711 646 647 -1 
              710 686 644 -1 
              697 662 696 -1 
              707 701 654 -1 
              657 706 656 -1 
              658 706 657 -1 
              698 659 660 -1 
              660 661 697 -1 
              661 662 697 -1 
              695 663 664 -1 
              667 664 665 -1 
              667 665 666 -1 
              695 664 667 -1 
              696 662 663 -1 
              658 659 698 -1 
              694 669 670 -1 
              671 672 693 -1 
              693 672 673 -1 
              710 645 646 -1 
              689 639 688 -1 
              705 709 650 -1 
              673 674 692 -1 
              710 646 711 -1 
              683 705 682 -1 
              691 677 690 -1 
              640 641 687 -1 
              691 676 677 -1 
              687 641 642 -1 
              686 642 643 -1 
              690 679 689 -1 
              688 639 640 -1 
              690 678 679 -1 
              689 638 639 -1 
              689 679 680 -1 
              689 680 681 -1 
              690 677 678 -1 
              692 674 675 -1 
              692 675 691 -1 
              694 670 671 -1 
              693 673 692 -1 
              695 668 669 -1 
              694 671 693 -1 
              695 667 668 -1 
              695 669 694 -1 
              696 663 695 -1 
              703 704 651 -1 
              701 653 654 -1 
              701 707 706 -1 
              698 660 697 -1 
              707 655 656 -1 
              700 698 699 -1 
              703 708 701 -1 
              708 703 652 -1 
              701 706 700 -1 
              703 651 652 -1 
              703 701 702 -1 
              704 705 651 -1 
              705 650 651 -1 
              706 658 698 -1 
              706 698 700 -1 
              707 654 655 -1 
              707 656 706 -1 
              708 652 653 -1 
              708 653 701 -1 
              709 649 650 -1 
              709 705 683 -1 
              710 683 684 -1 
              710 684 686 -1 
              711 647 648 -1 
              711 683 710 -1 
              648 709 683 -1 
              709 648 649 -1 
              695 694 696 -1 
              712 696 694 -1 
              696 712 697 -1 
              713 697 712 -1 
              697 713 698 -1 
              699 698 713 -1 
              694 693 712 -1 
              714 712 693 -1 
              693 692 714 -1 
              715 714 692 -1 
              712 714 713 -1 
              716 713 714 -1 
              713 716 699 -1 
              717 699 716 -1 
              714 715 716 -1 
              718 716 715 -1 
              716 718 717 -1 
              719 717 718 -1 
              699 717 700 -1 
              720 700 717 -1 
              700 720 701 -1 
              702 701 720 -1 
              717 719 720 -1 
              721 720 719 -1 
              720 721 702 -1 
              722 702 721 -1 
              702 722 703 -1 
              704 703 722 -1 
              692 691 715 -1 
              723 715 691 -1 
              691 690 723 -1 
              724 723 690 -1 
              715 723 718 -1 
              725 718 723 -1 
              718 725 719 -1 
              726 719 725 -1 
              723 724 725 -1 
              727 725 724 -1 
              725 727 726 -1 
              685 726 727 -1 
              690 689 724 -1 
              688 724 689 -1 
              724 688 727 -1 
              687 727 688 -1 
              727 687 685 -1 
              686 685 687 -1 
              719 726 721 -1 
              728 721 726 -1 
              721 728 722 -1 
              682 722 728 -1 
              726 685 728 -1 
              684 728 685 -1 
              728 684 682 -1 
              683 682 684 -1 
              722 682 704 -1 
              705 704 682 -1 
              730 747 729 -1 
              731 746 730 -1 
              732 745 731 -1 
              733 744 732 -1 
              734 743 733 -1 
              735 742 734 -1 
              736 741 735 -1 
              737 740 736 -1 
              738 739 737 -1 
              740 737 739 -1 
              741 736 740 -1 
              742 735 741 -1 
              743 734 742 -1 
              744 733 743 -1 
              745 732 744 -1 
              746 731 745 -1 
              747 730 746 -1 
              748 729 747 -1 
              751 750 749 -1 
              752 751 749 -1 
              754 771 753 -1 
              755 770 754 -1 
              756 769 755 -1 
              757 768 756 -1 
              758 767 757 -1 
              759 766 758 -1 
              760 765 759 -1 
              761 764 760 -1 
              762 763 761 -1 
              764 761 763 -1 
              765 760 764 -1 
              766 759 765 -1 
              767 758 766 -1 
              768 757 767 -1 
              769 756 768 -1 
              770 755 769 -1 
              771 754 770 -1 
              772 753 771 -1 
              775 774 773 -1 
              776 775 773 -1 
              778 795 777 -1 
              779 794 778 -1 
              780 793 779 -1 
              781 792 780 -1 
              782 791 781 -1 
              783 790 782 -1 
              784 789 783 -1 
              785 788 784 -1 
              786 787 785 -1 
              788 785 787 -1 
              789 784 788 -1 
              790 783 789 -1 
              791 782 790 -1 
              792 781 791 -1 
              793 780 792 -1 
              794 779 793 -1 
              795 778 794 -1 
              796 777 795 -1 
              799 798 797 -1 
              800 799 797 -1 
              802 819 801 -1 
              803 818 802 -1 
              804 817 803 -1 
              805 816 804 -1 
              806 815 805 -1 
              807 814 806 -1 
              808 813 807 -1 
              809 812 808 -1 
              810 811 809 -1 
              812 809 811 -1 
              813 808 812 -1 
              814 807 813 -1 
              815 806 814 -1 
              816 805 815 -1 
              817 804 816 -1 
              818 803 817 -1 
              819 802 818 -1 
              820 801 819 -1 
              823 822 821 -1 
              824 823 821 -1 
              1028 832 831 -1 
              1027 833 832 -1 
              836 835 1026 -1 
              837 836 1026 -1 
              1025 837 1026 -1 
              902 838 837 -1 
              978 839 901 -1 
              979 900 899 -1 
              897 980 898 -1 
              932 931 981 -1 
              982 930 929 -1 
              1035 1034 825 -1 
              848 847 973 -1 
              849 848 973 -1 
              850 849 973 -1 
              851 850 972 -1 
              852 851 972 -1 
              853 852 971 -1 
              854 853 971 -1 
              855 854 970 -1 
              856 855 969 -1 
              857 856 865 -1 
              858 857 864 -1 
              1035 858 864 -1 
              1035 859 858 -1 
              1036 861 896 -1 
              864 863 1036 -1 
              865 864 857 -1 
              866 865 856 -1 
              969 866 856 -1 
              969 867 866 -1 
              1004 867 969 -1 
              867 1004 868 -1 
              1003 869 868 -1 
              1003 870 869 -1 
              1002 871 870 -1 
              1002 872 871 -1 
              1001 873 872 -1 
              1040 1039 893 -1 
              888 887 1005 -1 
              889 888 1005 -1 
              1044 889 1005 -1 
              1043 890 889 -1 
              1042 891 890 -1 
              896 895 1037 -1 
              1038 895 894 -1 
              901 839 838 -1 
              931 930 982 -1 
              932 981 897 -1 
              980 899 898 -1 
              901 900 978 -1 
              902 901 838 -1 
              903 902 837 -1 
              1025 903 837 -1 
              1024 907 906 -1 
              1023 908 907 -1 
              1018 912 1019 -1 
              1018 913 912 -1 
              916 915 1016 -1 
              877 876 1000 -1 
              997 882 881 -1 
              1016 918 917 -1 
              946 920 919 -1 
              988 945 944 -1 
              942 989 943 -1 
              974 847 846 -1 
              941 940 990 -1 
              991 939 938 -1 
              845 974 846 -1 
              975 845 844 -1 
              983 928 927 -1 
              929 928 982 -1 
              946 987 920 -1 
              947 919 918 -1 
              1000 876 875 -1 
              991 938 937 -1 
              1016 917 916 -1 
              940 939 991 -1 
              941 990 942 -1 
              989 944 943 -1 
              946 945 987 -1 
              947 946 919 -1 
              948 947 918 -1 
              1015 948 918 -1 
              1015 949 948 -1 
              964 884 883 -1 
              884 963 885 -1 
              963 1005 885 -1 
              1008 958 957 -1 
              963 1006 1005 -1 
              960 959 1006 -1 
              961 960 1006 -1 
              996 883 882 -1 
              962 961 1006 -1 
              963 962 1006 -1 
              880 998 881 -1 
              964 963 884 -1 
              965 964 883 -1 
              879 878 999 -1 
              996 965 883 -1 
              992 991 937 -1 
              879 998 880 -1 
              1001 874 873 -1 
              970 969 855 -1 
              971 970 854 -1 
              975 844 843 -1 
              972 971 852 -1 
              976 843 842 -1 
              973 972 850 -1 
              976 842 841 -1 
              974 973 847 -1 
              977 841 840 -1 
              975 974 845 -1 
              978 840 839 -1 
              976 975 843 -1 
              977 976 841 -1 
              983 927 926 -1 
              978 977 840 -1 
              984 926 925 -1 
              979 978 900 -1 
              992 937 936 -1 
              980 979 899 -1 
              984 925 924 -1 
              981 980 897 -1 
              985 924 923 -1 
              982 981 931 -1 
              985 923 922 -1 
              983 982 928 -1 
              986 922 921 -1 
              984 983 926 -1 
              987 921 920 -1 
              985 984 924 -1 
              986 985 922 -1 
              992 936 935 -1 
              987 986 921 -1 
              993 935 934 -1 
              988 987 945 -1 
              989 988 944 -1 
              993 934 933 -1 
              990 989 942 -1 
              994 933 968 -1 
              991 990 940 -1 
              878 877 999 -1 
              994 968 967 -1 
              995 967 966 -1 
              993 992 935 -1 
              996 966 965 -1 
              994 993 933 -1 
              995 994 967 -1 
              996 995 966 -1 
              1000 875 874 -1 
              997 996 882 -1 
              998 997 881 -1 
              999 998 879 -1 
              1000 999 877 -1 
              1001 1000 874 -1 
              1002 1001 872 -1 
              1003 1002 870 -1 
              1004 1003 868 -1 
              1005 886 885 -1 
              1005 887 886 -1 
              1007 959 958 -1 
              1009 957 956 -1 
              1007 1006 959 -1 
              1010 956 955 -1 
              1008 1007 958 -1 
              1011 955 954 -1 
              1009 1008 957 -1 
              1012 954 953 -1 
              1010 1009 956 -1 
              1013 953 952 -1 
              1011 1010 955 -1 
              1014 952 951 -1 
              1012 1011 954 -1 
              1015 951 950 -1 
              1013 1012 953 -1 
              1015 950 949 -1 
              1014 1013 952 -1 
              1015 918 1016 -1 
              1015 1014 951 -1 
              1017 914 913 -1 
              1016 915 914 -1 
              1019 912 911 -1 
              1017 1016 914 -1 
              1020 911 910 -1 
              1018 1017 913 -1 
              1022 909 908 -1 
              1021 910 909 -1 
              1020 1019 911 -1 
              1021 1020 910 -1 
              1022 1021 909 -1 
              1025 906 905 -1 
              1023 1022 908 -1 
              1025 905 904 -1 
              1024 1023 907 -1 
              1025 904 903 -1 
              1025 1024 906 -1 
              1026 834 833 -1 
              1026 835 834 -1 
              1029 831 830 -1 
              1027 1026 833 -1 
              1030 830 829 -1 
              1028 1027 832 -1 
              1031 829 828 -1 
              1029 1028 831 -1 
              1032 828 827 -1 
              1030 1029 830 -1 
              1033 827 826 -1 
              1031 1030 829 -1 
              1034 826 825 -1 
              1032 1031 828 -1 
              1035 825 860 -1 
              1033 1032 827 -1 
              1035 860 859 -1 
              1034 1033 826 -1 
              1035 864 1036 -1 
              1036 862 861 -1 
              1036 863 862 -1 
              1039 894 893 -1 
              1037 1036 896 -1 
              1040 893 892 -1 
              1038 1037 895 -1 
              1041 892 891 -1 
              1039 1038 894 -1 
              1041 1040 892 -1 
              1042 1041 891 -1 
              1043 1042 890 -1 
              1044 1043 889 -1 
              1047 1045 1046 -1 
              1048 1045 1047 -1 
              1049 1045 1048 -1 
              1050 1045 1049 -1 
              1051 1045 1050 -1 
              1052 1045 1051 -1 
              1053 1045 1052 -1 
              1054 1045 1053 -1 
              1055 1045 1054 -1 
              1064 1045 1055 -1 
              1057 1055 1056 -1 
              1058 1055 1057 -1 
              1059 1055 1058 -1 
              1060 1055 1059 -1 
              1061 1055 1060 -1 
              1062 1055 1061 -1 
              1063 1055 1062 -1 
              1064 1055 1063 -1 
              1065 1045 1064 -1 
              1074 1045 1065 -1 
              1067 1065 1066 -1 
              1068 1065 1067 -1 
              1069 1065 1068 -1 
              1070 1065 1069 -1 
              1071 1065 1070 -1 
              1072 1065 1071 -1 
              1073 1065 1072 -1 
              1074 1065 1073 -1 
              1075 1045 1074 -1 
              1084 1045 1075 -1 
              1077 1075 1076 -1 
              1078 1075 1077 -1 
              1079 1075 1078 -1 
              1080 1075 1079 -1 
              1081 1075 1080 -1 
              1082 1075 1081 -1 
              1083 1075 1082 -1 
              1084 1075 1083 -1 
              1087 1085 1086 -1 
              1122 1087 1121 -1 
              1120 1089 1119 -1 
              1118 1091 1117 -1 
              1116 1093 1115 -1 
              1114 1095 1113 -1 
              1112 1097 1111 -1 
              1110 1099 1109 -1 
              1108 1101 1107 -1 
              1106 1103 1105 -1 
              1113 1095 1096 -1 
              1112 1096 1097 -1 
              1111 1097 1098 -1 
              1110 1098 1099 -1 
              1109 1099 1100 -1 
              1108 1100 1101 -1 
              1107 1101 1102 -1 
              1106 1102 1103 -1 
              1105 1103 1104 -1 
              1107 1102 1106 -1 
              1114 1094 1095 -1 
              1109 1100 1108 -1 
              1115 1093 1094 -1 
              1111 1098 1110 -1 
              1116 1092 1093 -1 
              1113 1096 1112 -1 
              1117 1091 1092 -1 
              1115 1094 1114 -1 
              1118 1090 1091 -1 
              1117 1092 1116 -1 
              1119 1089 1090 -1 
              1119 1090 1118 -1 
              1120 1088 1089 -1 
              1121 1088 1120 -1 
              1121 1087 1088 -1 
              1122 1085 1087 -1 
              1125 1123 1124 -1 
              1126 1123 1125 -1 
              1127 1123 1126 -1 
              1128 1123 1127 -1 
              1129 1123 1128 -1 
              1130 1123 1129 -1 
              1131 1123 1130 -1 
              1132 1123 1131 -1 
              1133 1123 1132 -1 
              1134 1123 1133 -1 
              1135 1123 1134 -1 
              1136 1123 1135 -1 
              1137 1123 1136 -1 
              1138 1123 1137 -1 
              1139 1123 1138 -1 
              1140 1123 1139 -1 
              1141 1123 1140 -1 
              1142 1123 1141 -1 
              1143 1123 1142 -1 
              1144 1123 1143 -1 
              1145 1123 1144 -1 
              1146 1123 1145 -1 
              1147 1123 1146 -1 
              1148 1123 1147 -1 
              1149 1123 1148 -1 
              1150 1123 1149 -1 
              1151 1123 1150 -1 
              1152 1123 1151 -1 
              1153 1123 1152 -1 
              1154 1123 1153 -1 
              1155 1123 1154 -1 
              1156 1123 1155 -1 
              1157 1123 1156 -1 
              1158 1123 1157 -1 
              1252 1198 1251 -1 
              1212 1160 1239 -1 
              1240 1211 1239 -1 
              1238 1161 1162 -1 
              1234 1165 1166 -1 
              1169 1167 1168 -1 
              1233 1167 1169 -1 
              1235 1164 1165 -1 
              1235 1165 1234 -1 
              1230 1172 1173 -1 
              1229 1173 1174 -1 
              1228 1174 1175 -1 
              1196 1194 1195 -1 
              1226 1176 1177 -1 
              1226 1177 1178 -1 
              1178 1179 1225 -1 
              1220 1183 1184 -1 
              1187 1185 1186 -1 
              1219 1185 1187 -1 
              1221 1182 1183 -1 
              1221 1183 1220 -1 
              1222 1182 1221 -1 
              1216 1190 1191 -1 
              1215 1191 1192 -1 
              1213 1193 1194 -1 
              1213 1194 1196 -1 
              1227 1175 1176 -1 
              1250 1199 1200 -1 
              1203 1204 1246 -1 
              1246 1204 1205 -1 
              1245 1205 1206 -1 
              1244 1206 1207 -1 
              1239 1161 1238 -1 
              1212 1159 1160 -1 
              1214 1192 1193 -1 
              1213 1196 1197 -1 
              1214 1193 1213 -1 
              1252 1197 1198 -1 
              1217 1189 1190 -1 
              1215 1192 1214 -1 
              1218 1188 1189 -1 
              1216 1191 1215 -1 
              1220 1184 1219 -1 
              1217 1190 1216 -1 
              1219 1187 1188 -1 
              1218 1189 1217 -1 
              1219 1184 1185 -1 
              1219 1188 1218 -1 
              1222 1181 1182 -1 
              1223 1180 1181 -1 
              1224 1179 1180 -1 
              1223 1181 1222 -1 
              1247 1203 1246 -1 
              1224 1180 1223 -1 
              1246 1205 1245 -1 
              1225 1179 1224 -1 
              1245 1206 1244 -1 
              1226 1178 1225 -1 
              1227 1176 1226 -1 
              1228 1175 1227 -1 
              1231 1171 1172 -1 
              1229 1174 1228 -1 
              1232 1170 1171 -1 
              1230 1173 1229 -1 
              1234 1166 1233 -1 
              1231 1172 1230 -1 
              1233 1169 1170 -1 
              1232 1171 1231 -1 
              1233 1166 1167 -1 
              1233 1170 1232 -1 
              1236 1163 1164 -1 
              1237 1162 1163 -1 
              1236 1164 1235 -1 
              1241 1210 1240 -1 
              1237 1163 1236 -1 
              1241 1209 1210 -1 
              1239 1160 1161 -1 
              1238 1162 1237 -1 
              1240 1210 1211 -1 
              1239 1211 1212 -1 
              1242 1208 1209 -1 
              1243 1207 1208 -1 
              1242 1209 1241 -1 
              1243 1208 1242 -1 
              1244 1207 1243 -1 
              1247 1202 1203 -1 
              1248 1201 1202 -1 
              1249 1200 1201 -1 
              1248 1202 1247 -1 
              1249 1201 1248 -1 
              1251 1198 1199 -1 
              1250 1200 1249 -1 
              1251 1199 1250 -1 
              1252 1213 1197 -1 
              1233 1232 1234 -1 
              1253 1234 1232 -1 
              1232 1231 1253 -1 
              1254 1253 1231 -1 
              1231 1230 1254 -1 
              1255 1254 1230 -1 
              1234 1253 1235 -1 
              1256 1235 1253 -1 
              1235 1256 1236 -1 
              1257 1236 1256 -1 
              1253 1254 1256 -1 
              1258 1256 1254 -1 
              1254 1255 1258 -1 
              1259 1258 1255 -1 
              1256 1258 1257 -1 
              1260 1257 1258 -1 
              1258 1259 1260 -1 
              1261 1260 1259 -1 
              1230 1229 1255 -1 
              1262 1255 1229 -1 
              1229 1228 1262 -1 
              1263 1262 1228 -1 
              1228 1227 1263 -1 
              1264 1263 1227 -1 
              1227 1226 1264 -1 
              1265 1264 1226 -1 
              1255 1262 1259 -1 
              1266 1259 1262 -1 
              1262 1263 1266 -1 
              1267 1266 1263 -1 
              1259 1266 1261 -1 
              1268 1261 1266 -1 
              1266 1267 1268 -1 
              1269 1268 1267 -1 
              1263 1264 1267 -1 
              1270 1267 1264 -1 
              1264 1265 1270 -1 
              1271 1270 1265 -1 
              1267 1270 1269 -1 
              1272 1269 1270 -1 
              1270 1271 1272 -1 
              1273 1272 1271 -1 
              1236 1257 1237 -1 
              1274 1237 1257 -1 
              1237 1274 1238 -1 
              1275 1238 1274 -1 
              1257 1260 1274 -1 
              1276 1274 1260 -1 
              1260 1261 1276 -1 
              1277 1276 1261 -1 
              1274 1276 1275 -1 
              1278 1275 1276 -1 
              1276 1277 1278 -1 
              1279 1278 1277 -1 
              1238 1275 1239 -1 
              1240 1239 1275 -1 
              1275 1278 1240 -1 
              1241 1240 1278 -1 
              1278 1279 1241 -1 
              1242 1241 1279 -1 
              1261 1268 1277 -1 
              1280 1277 1268 -1 
              1268 1269 1280 -1 
              1281 1280 1269 -1 
              1277 1280 1279 -1 
              1282 1279 1280 -1 
              1280 1281 1282 -1 
              1283 1282 1281 -1 
              1269 1272 1281 -1 
              1284 1281 1272 -1 
              1272 1273 1284 -1 
              1285 1284 1273 -1 
              1281 1284 1283 -1 
              1286 1283 1284 -1 
              1284 1285 1286 -1 
              1287 1286 1285 -1 
              1279 1282 1242 -1 
              1243 1242 1282 -1 
              1282 1283 1243 -1 
              1244 1243 1283 -1 
              1283 1286 1244 -1 
              1245 1244 1286 -1 
              1286 1287 1245 -1 
              1246 1245 1287 -1 
              1226 1225 1265 -1 
              1288 1265 1225 -1 
              1225 1224 1288 -1 
              1289 1288 1224 -1 
              1224 1223 1289 -1 
              1290 1289 1223 -1 
              1223 1222 1290 -1 
              1291 1290 1222 -1 
              1265 1288 1271 -1 
              1292 1271 1288 -1 
              1288 1289 1292 -1 
              1293 1292 1289 -1 
              1271 1292 1273 -1 
              1294 1273 1292 -1 
              1292 1293 1294 -1 
              1295 1294 1293 -1 
              1289 1290 1293 -1 
              1296 1293 1290 -1 
              1290 1291 1296 -1 
              1297 1296 1291 -1 
              1293 1296 1295 -1 
              1298 1295 1296 -1 
              1296 1297 1298 -1 
              1299 1298 1297 -1 
              1222 1221 1291 -1 
              1300 1291 1221 -1 
              1221 1220 1300 -1 
              1301 1300 1220 -1 
              1220 1219 1301 -1 
              1218 1301 1219 -1 
              1291 1300 1297 -1 
              1302 1297 1300 -1 
              1300 1301 1302 -1 
              1303 1302 1301 -1 
              1297 1302 1299 -1 
              1304 1299 1302 -1 
              1302 1303 1304 -1 
              1305 1304 1303 -1 
              1301 1218 1303 -1 
              1217 1303 1218 -1 
              1303 1217 1305 -1 
              1216 1305 1217 -1 
              1273 1294 1285 -1 
              1306 1285 1294 -1 
              1294 1295 1306 -1 
              1307 1306 1295 -1 
              1285 1306 1287 -1 
              1308 1287 1306 -1 
              1306 1307 1308 -1 
              1309 1308 1307 -1 
              1295 1298 1307 -1 
              1310 1307 1298 -1 
              1298 1299 1310 -1 
              1311 1310 1299 -1 
              1307 1310 1309 -1 
              1312 1309 1310 -1 
              1310 1311 1312 -1 
              1313 1312 1311 -1 
              1287 1308 1246 -1 
              1247 1246 1308 -1 
              1308 1309 1247 -1 
              1248 1247 1309 -1 
              1309 1312 1248 -1 
              1249 1248 1312 -1 
              1312 1313 1249 -1 
              1250 1249 1313 -1 
              1299 1304 1311 -1 
              1314 1311 1304 -1 
              1304 1305 1314 -1 
              1315 1314 1305 -1 
              1311 1314 1313 -1 
              1316 1313 1314 -1 
              1314 1315 1316 -1 
              1317 1316 1315 -1 
              1305 1216 1315 -1 
              1215 1315 1216 -1 
              1315 1215 1317 -1 
              1214 1317 1215 -1 
              1313 1316 1250 -1 
              1251 1250 1316 -1 
              1316 1317 1251 -1 
              1252 1251 1317 -1 
              1317 1214 1252 -1 
              1213 1252 1214 -1 
              1320 1318 1319 -1 
              1357 1318 1320 -1 
              1357 1320 1321 -1 
              1356 1321 1322 -1 
              1355 1322 1323 -1 
              1354 1323 1324 -1 
              1346 1332 1333 -1 
              1345 1333 1334 -1 
              1344 1334 1335 -1 
              1343 1335 1336 -1 
              1342 1336 1337 -1 
              1341 1337 1338 -1 
              1340 1338 1339 -1 
              1347 1331 1332 -1 
              1341 1338 1340 -1 
              1348 1330 1331 -1 
              1342 1337 1341 -1 
              1349 1329 1330 -1 
              1343 1336 1342 -1 
              1349 1328 1329 -1 
              1344 1335 1343 -1 
              1350 1327 1328 -1 
              1345 1334 1344 -1 
              1351 1326 1327 -1 
              1346 1333 1345 -1 
              1352 1325 1326 -1 
              1347 1332 1346 -1 
              1353 1324 1325 -1 
              1348 1331 1347 -1 
              1349 1330 1348 -1 
              1350 1328 1349 -1 
              1351 1327 1350 -1 
              1352 1326 1351 -1 
              1353 1325 1352 -1 
              1354 1324 1353 -1 
              1355 1323 1354 -1 
              1356 1322 1355 -1 
              1357 1321 1356 -1 
              1360 1358 1359 -1 
              1397 1358 1360 -1 
              1397 1360 1361 -1 
              1396 1361 1362 -1 
              1395 1362 1363 -1 
              1394 1363 1364 -1 
              1386 1372 1373 -1 
              1385 1373 1374 -1 
              1384 1374 1375 -1 
              1383 1375 1376 -1 
              1382 1376 1377 -1 
              1381 1377 1378 -1 
              1380 1378 1379 -1 
              1387 1371 1372 -1 
              1381 1378 1380 -1 
              1388 1370 1371 -1 
              1382 1377 1381 -1 
              1389 1369 1370 -1 
              1383 1376 1382 -1 
              1389 1368 1369 -1 
              1384 1375 1383 -1 
              1390 1367 1368 -1 
              1385 1374 1384 -1 
              1391 1366 1367 -1 
              1386 1373 1385 -1 
              1392 1365 1366 -1 
              1387 1372 1386 -1 
              1393 1364 1365 -1 
              1388 1371 1387 -1 
              1389 1370 1388 -1 
              1390 1368 1389 -1 
              1391 1367 1390 -1 
              1392 1366 1391 -1 
              1393 1365 1392 -1 
              1394 1364 1393 -1 
              1395 1363 1394 -1 
              1396 1362 1395 -1 
              1397 1361 1396 -1 
              1400 1398 1399 -1 
              1437 1398 1400 -1 
              1437 1400 1401 -1 
              1436 1401 1402 -1 
              1435 1402 1403 -1 
              1434 1403 1404 -1 
              1426 1412 1413 -1 
              1425 1413 1414 -1 
              1424 1414 1415 -1 
              1423 1415 1416 -1 
              1422 1416 1417 -1 
              1421 1417 1418 -1 
              1420 1418 1419 -1 
              1427 1411 1412 -1 
              1421 1418 1420 -1 
              1428 1410 1411 -1 
              1422 1417 1421 -1 
              1429 1409 1410 -1 
              1423 1416 1422 -1 
              1429 1408 1409 -1 
              1424 1415 1423 -1 
              1430 1407 1408 -1 
              1425 1414 1424 -1 
              1431 1406 1407 -1 
              1426 1413 1425 -1 
              1432 1405 1406 -1 
              1427 1412 1426 -1 
              1433 1404 1405 -1 
              1428 1411 1427 -1 
              1429 1410 1428 -1 
              1430 1408 1429 -1 
              1431 1407 1430 -1 
              1432 1406 1431 -1 
              1433 1405 1432 -1 
              1434 1404 1433 -1 
              1435 1403 1434 -1 
              1436 1402 1435 -1 
              1437 1401 1436 -1 
              1440 1438 1439 -1 
              1477 1438 1440 -1 
              1477 1440 1441 -1 
              1476 1441 1442 -1 
              1475 1442 1443 -1 
              1474 1443 1444 -1 
              1466 1452 1453 -1 
              1465 1453 1454 -1 
              1464 1454 1455 -1 
              1463 1455 1456 -1 
              1462 1456 1457 -1 
              1461 1457 1458 -1 
              1460 1458 1459 -1 
              1467 1451 1452 -1 
              1461 1458 1460 -1 
              1468 1450 1451 -1 
              1462 1457 1461 -1 
              1469 1449 1450 -1 
              1463 1456 1462 -1 
              1469 1448 1449 -1 
              1464 1455 1463 -1 
              1470 1447 1448 -1 
              1465 1454 1464 -1 
              1471 1446 1447 -1 
              1466 1453 1465 -1 
              1472 1445 1446 -1 
              1467 1452 1466 -1 
              1473 1444 1445 -1 
              1468 1451 1467 -1 
              1469 1450 1468 -1 
              1470 1448 1469 -1 
              1471 1447 1470 -1 
              1472 1446 1471 -1 
              1473 1445 1472 -1 
              1474 1444 1473 -1 
              1475 1443 1474 -1 
              1476 1442 1475 -1 
              1477 1441 1476 -1 
              1523 1478 1479 -1 
              1523 1479 1480 -1 
              1523 1480 1531 -1 
              1531 1480 1481 -1 
              1530 1481 1482 -1 
              1553 1490 1525 -1 
              1533 1517 1518 -1 
              1528 1526 1527 -1 
              1486 1528 1485 -1 
              1486 1487 1552 -1 
              1553 1488 1489 -1 
              1552 1528 1486 -1 
              1539 1504 1538 -1 
              1549 1543 1496 -1 
              1499 1548 1498 -1 
              1500 1548 1499 -1 
              1540 1501 1502 -1 
              1502 1503 1539 -1 
              1503 1504 1539 -1 
              1537 1505 1506 -1 
              1509 1506 1507 -1 
              1509 1507 1508 -1 
              1537 1506 1509 -1 
              1538 1504 1505 -1 
              1500 1501 1540 -1 
              1536 1511 1512 -1 
              1513 1514 1535 -1 
              1535 1514 1515 -1 
              1552 1487 1488 -1 
              1531 1521 1522 -1 
              1531 1522 1523 -1 
              1547 1551 1492 -1 
              1515 1516 1534 -1 
              1552 1488 1553 -1 
              1525 1547 1524 -1 
              1533 1519 1532 -1 
              1482 1483 1529 -1 
              1533 1518 1519 -1 
              1529 1483 1484 -1 
              1528 1484 1485 -1 
              1529 1484 1528 -1 
              1530 1482 1529 -1 
              1532 1521 1531 -1 
              1531 1481 1530 -1 
              1532 1520 1521 -1 
              1532 1519 1520 -1 
              1534 1516 1517 -1 
              1534 1517 1533 -1 
              1536 1512 1513 -1 
              1535 1515 1534 -1 
              1537 1510 1511 -1 
              1536 1513 1535 -1 
              1537 1509 1510 -1 
              1537 1511 1536 -1 
              1538 1505 1537 -1 
              1545 1546 1493 -1 
              1543 1495 1496 -1 
              1543 1549 1548 -1 
              1540 1502 1539 -1 
              1549 1497 1498 -1 
              1542 1540 1541 -1 
              1545 1550 1543 -1 
              1550 1545 1494 -1 
              1543 1548 1542 -1 
              1545 1493 1494 -1 
              1545 1543 1544 -1 
              1546 1547 1493 -1 
              1547 1492 1493 -1 
              1548 1500 1540 -1 
              1548 1540 1542 -1 
              1549 1496 1497 -1 
              1549 1498 1548 -1 
              1550 1494 1495 -1 
              1550 1495 1543 -1 
              1551 1491 1492 -1 
              1551 1547 1525 -1 
              1552 1525 1526 -1 
              1552 1526 1528 -1 
              1553 1489 1490 -1 
              1553 1525 1552 -1 
              1490 1551 1525 -1 
              1551 1490 1491 -1 
              1537 1536 1538 -1 
              1554 1538 1536 -1 
              1538 1554 1539 -1 
              1555 1539 1554 -1 
              1539 1555 1540 -1 
              1541 1540 1555 -1 
              1536 1535 1554 -1 
              1556 1554 1535 -1 
              1535 1534 1556 -1 
              1557 1556 1534 -1 
              1554 1556 1555 -1 
              1558 1555 1556 -1 
              1555 1558 1541 -1 
              1559 1541 1558 -1 
              1556 1557 1558 -1 
              1560 1558 1557 -1 
              1558 1560 1559 -1 
              1561 1559 1560 -1 
              1541 1559 1542 -1 
              1562 1542 1559 -1 
              1542 1562 1543 -1 
              1544 1543 1562 -1 
              1559 1561 1562 -1 
              1563 1562 1561 -1 
              1562 1563 1544 -1 
              1564 1544 1563 -1 
              1544 1564 1545 -1 
              1546 1545 1564 -1 
              1534 1533 1557 -1 
              1565 1557 1533 -1 
              1533 1532 1565 -1 
              1566 1565 1532 -1 
              1557 1565 1560 -1 
              1567 1560 1565 -1 
              1560 1567 1561 -1 
              1568 1561 1567 -1 
              1565 1566 1567 -1 
              1569 1567 1566 -1 
              1567 1569 1568 -1 
              1527 1568 1569 -1 
              1532 1531 1566 -1 
              1530 1566 1531 -1 
              1566 1530 1569 -1 
              1529 1569 1530 -1 
              1569 1529 1527 -1 
              1528 1527 1529 -1 
              1561 1568 1563 -1 
              1570 1563 1568 -1 
              1563 1570 1564 -1 
              1524 1564 1570 -1 
              1568 1527 1570 -1 
              1526 1570 1527 -1 
              1570 1526 1524 -1 
              1525 1524 1526 -1 
              1564 1524 1546 -1 
              1547 1546 1524 -1 
              1616 1571 1572 -1 
              1616 1572 1573 -1 
              1616 1573 1624 -1 
              1624 1573 1574 -1 
              1623 1574 1575 -1 
              1575 1576 1622 -1 
              1625 1612 1613 -1 
              1621 1619 1620 -1 
              1579 1621 1578 -1 
              1579 1580 1645 -1 
              1646 1581 1582 -1 
              1645 1621 1579 -1 
              1632 1597 1631 -1 
              1642 1636 1589 -1 
              1592 1641 1591 -1 
              1593 1641 1592 -1 
              1633 1594 1595 -1 
              1595 1596 1632 -1 
              1596 1597 1632 -1 
              1630 1598 1599 -1 
              1602 1599 1600 -1 
              1602 1600 1601 -1 
              1630 1599 1602 -1 
              1631 1597 1598 -1 
              1593 1594 1633 -1 
              1629 1604 1605 -1 
              1606 1607 1628 -1 
              1628 1607 1608 -1 
              1624 1614 1615 -1 
              1624 1615 1616 -1 
              1640 1644 1585 -1 
              1608 1609 1627 -1 
              1645 1581 1646 -1 
              1618 1640 1617 -1 
              1646 1583 1618 -1 
              1626 1610 1611 -1 
              1645 1580 1581 -1 
              1626 1612 1625 -1 
              1622 1576 1577 -1 
              1621 1577 1578 -1 
              1622 1577 1621 -1 
              1623 1575 1622 -1 
              1625 1614 1624 -1 
              1624 1574 1623 -1 
              1625 1613 1614 -1 
              1626 1611 1612 -1 
              1627 1609 1610 -1 
              1627 1610 1626 -1 
              1629 1605 1606 -1 
              1628 1608 1627 -1 
              1630 1603 1604 -1 
              1629 1606 1628 -1 
              1630 1602 1603 -1 
              1630 1604 1629 -1 
              1631 1598 1630 -1 
              1638 1639 1586 -1 
              1636 1588 1589 -1 
              1636 1642 1641 -1 
              1633 1595 1632 -1 
              1642 1590 1591 -1 
              1635 1633 1634 -1 
              1638 1643 1636 -1 
              1643 1638 1587 -1 
              1636 1641 1635 -1 
              1638 1586 1587 -1 
              1638 1636 1637 -1 
              1639 1640 1586 -1 
              1640 1585 1586 -1 
              1641 1593 1633 -1 
              1641 1633 1635 -1 
              1642 1589 1590 -1 
              1642 1591 1641 -1 
              1643 1587 1588 -1 
              1643 1588 1636 -1 
              1644 1584 1585 -1 
              1644 1640 1618 -1 
              1645 1618 1619 -1 
              1645 1619 1621 -1 
              1646 1582 1583 -1 
              1646 1618 1645 -1 
              1583 1644 1618 -1 
              1644 1583 1584 -1 
              1630 1629 1631 -1 
              1647 1631 1629 -1 
              1631 1647 1632 -1 
              1648 1632 1647 -1 
              1632 1648 1633 -1 
              1634 1633 1648 -1 
              1629 1628 1647 -1 
              1649 1647 1628 -1 
              1628 1627 1649 -1 
              1650 1649 1627 -1 
              1647 1649 1648 -1 
              1651 1648 1649 -1 
              1648 1651 1634 -1 
              1652 1634 1651 -1 
              1649 1650 1651 -1 
              1653 1651 1650 -1 
              1651 1653 1652 -1 
              1654 1652 1653 -1 
              1634 1652 1635 -1 
              1655 1635 1652 -1 
              1635 1655 1636 -1 
              1637 1636 1655 -1 
              1652 1654 1655 -1 
              1656 1655 1654 -1 
              1655 1656 1637 -1 
              1657 1637 1656 -1 
              1637 1657 1638 -1 
              1639 1638 1657 -1 
              1627 1626 1650 -1 
              1658 1650 1626 -1 
              1626 1625 1658 -1 
              1659 1658 1625 -1 
              1650 1658 1653 -1 
              1660 1653 1658 -1 
              1653 1660 1654 -1 
              1661 1654 1660 -1 
              1658 1659 1660 -1 
              1662 1660 1659 -1 
              1660 1662 1661 -1 
              1620 1661 1662 -1 
              1625 1624 1659 -1 
              1623 1659 1624 -1 
              1659 1623 1662 -1 
              1622 1662 1623 -1 
              1662 1622 1620 -1 
              1621 1620 1622 -1 
              1654 1661 1656 -1 
              1663 1656 1661 -1 
              1656 1663 1657 -1 
              1617 1657 1663 -1 
              1661 1620 1663 -1 
              1619 1663 1620 -1 
              1663 1619 1617 -1 
              1618 1617 1619 -1 
              1657 1617 1639 -1 
              1640 1639 1617 -1 
              1709 1664 1665 -1 
              1709 1665 1666 -1 
              1709 1666 1717 -1 
              1717 1666 1667 -1 
              1716 1667 1668 -1 
              1739 1676 1711 -1 
              1719 1703 1704 -1 
              1714 1712 1713 -1 
              1672 1714 1671 -1 
              1672 1673 1738 -1 
              1739 1674 1675 -1 
              1738 1714 1672 -1 
              1725 1690 1724 -1 
              1735 1729 1682 -1 
              1685 1734 1684 -1 
              1686 1734 1685 -1 
              1726 1687 1688 -1 
              1688 1689 1725 -1 
              1689 1690 1725 -1 
              1723 1691 1692 -1 
              1695 1692 1693 -1 
              1695 1693 1694 -1 
              1723 1692 1695 -1 
              1724 1690 1691 -1 
              1686 1687 1726 -1 
              1722 1697 1698 -1 
              1699 1700 1721 -1 
              1721 1700 1701 -1 
              1738 1673 1674 -1 
              1717 1707 1708 -1 
              1717 1708 1709 -1 
              1733 1737 1678 -1 
              1701 1702 1720 -1 
              1738 1674 1739 -1 
              1711 1733 1710 -1 
              1719 1705 1718 -1 
              1668 1669 1715 -1 
              1719 1704 1705 -1 
              1715 1669 1670 -1 
              1714 1670 1671 -1 
              1715 1670 1714 -1 
              1716 1668 1715 -1 
              1718 1707 1717 -1 
              1717 1667 1716 -1 
              1718 1706 1707 -1 
              1718 1705 1706 -1 
              1720 1702 1703 -1 
              1720 1703 1719 -1 
              1722 1698 1699 -1 
              1721 1701 1720 -1 
              1723 1696 1697 -1 
              1722 1699 1721 -1 
              1723 1695 1696 -1 
              1723 1697 1722 -1 
              1724 1691 1723 -1 
              1731 1732 1679 -1 
              1729 1681 1682 -1 
              1729 1735 1734 -1 
              1726 1688 1725 -1 
              1735 1683 1684 -1 
              1728 1726 1727 -1 
              1731 1736 1729 -1 
              1736 1731 1680 -1 
              1729 1734 1728 -1 
              1731 1679 1680 -1 
              1731 1729 1730 -1 
              1732 1733 1679 -1 
              1733 1678 1679 -1 
              1734 1686 1726 -1 
              1734 1726 1728 -1 
              1735 1682 1683 -1 
              1735 1684 1734 -1 
              1736 1680 1681 -1 
              1736 1681 1729 -1 
              1737 1677 1678 -1 
              1737 1733 1711 -1 
              1738 1711 1712 -1 
              1738 1712 1714 -1 
              1739 1675 1676 -1 
              1739 1711 1738 -1 
              1676 1737 1711 -1 
              1737 1676 1677 -1 
              1723 1722 1724 -1 
              1740 1724 1722 -1 
              1724 1740 1725 -1 
              1741 1725 1740 -1 
              1725 1741 1726 -1 
              1727 1726 1741 -1 
              1722 1721 1740 -1 
              1742 1740 1721 -1 
              1721 1720 1742 -1 
              1743 1742 1720 -1 
              1740 1742 1741 -1 
              1744 1741 1742 -1 
              1741 1744 1727 -1 
              1745 1727 1744 -1 
              1742 1743 1744 -1 
              1746 1744 1743 -1 
              1744 1746 1745 -1 
              1747 1745 1746 -1 
              1727 1745 1728 -1 
              1748 1728 1745 -1 
              1728 1748 1729 -1 
              1730 1729 1748 -1 
              1745 1747 1748 -1 
              1749 1748 1747 -1 
              1748 1749 1730 -1 
              1750 1730 1749 -1 
              1730 1750 1731 -1 
              1732 1731 1750 -1 
              1720 1719 1743 -1 
              1751 1743 1719 -1 
              1719 1718 1751 -1 
              1752 1751 1718 -1 
              1743 1751 1746 -1 
              1753 1746 1751 -1 
              1746 1753 1747 -1 
              1754 1747 1753 -1 
              1751 1752 1753 -1 
              1755 1753 1752 -1 
              1753 1755 1754 -1 
              1713 1754 1755 -1 
              1718 1717 1752 -1 
              1716 1752 1717 -1 
              1752 1716 1755 -1 
              1715 1755 1716 -1 
              1755 1715 1713 -1 
              1714 1713 1715 -1 
              1747 1754 1749 -1 
              1756 1749 1754 -1 
              1749 1756 1750 -1 
              1710 1750 1756 -1 
              1754 1713 1756 -1 
              1712 1756 1713 -1 
              1756 1712 1710 -1 
              1711 1710 1712 -1 
              1750 1710 1732 -1 
              1733 1732 1710 -1 
              1802 1757 1758 -1 
              1802 1758 1759 -1 
              1802 1759 1810 -1 
              1810 1759 1760 -1 
              1809 1760 1761 -1 
              1761 1762 1808 -1 
              1811 1798 1799 -1 
              1807 1805 1806 -1 
              1765 1807 1764 -1 
              1765 1766 1831 -1 
              1832 1767 1768 -1 
              1831 1807 1765 -1 
              1818 1783 1817 -1 
              1828 1822 1775 -1 
              1778 1827 1777 -1 
              1779 1827 1778 -1 
              1819 1780 1781 -1 
              1781 1782 1818 -1 
              1782 1783 1818 -1 
              1816 1784 1785 -1 
              1788 1785 1786 -1 
              1788 1786 1787 -1 
              1816 1785 1788 -1 
              1817 1783 1784 -1 
              1779 1780 1819 -1 
              1815 1790 1791 -1 
              1792 1793 1814 -1 
              1814 1793 1794 -1 
              1810 1800 1801 -1 
              1810 1801 1802 -1 
              1826 1830 1771 -1 
              1794 1795 1813 -1 
              1831 1767 1832 -1 
              1804 1826 1803 -1 
              1832 1769 1804 -1 
              1812 1796 1797 -1 
              1831 1766 1767 -1 
              1812 1798 1811 -1 
              1808 1762 1763 -1 
              1807 1763 1764 -1 
              1808 1763 1807 -1 
              1809 1761 1808 -1 
              1811 1800 1810 -1 
              1810 1760 1809 -1 
              1811 1799 1800 -1 
              1812 1797 1798 -1 
              1813 1795 1796 -1 
              1813 1796 1812 -1 
              1815 1791 1792 -1 
              1814 1794 1813 -1 
              1816 1789 1790 -1 
              1815 1792 1814 -1 
              1816 1788 1789 -1 
              1816 1790 1815 -1 
              1817 1784 1816 -1 
              1824 1825 1772 -1 
              1822 1774 1775 -1 
              1822 1828 1827 -1 
              1819 1781 1818 -1 
              1828 1776 1777 -1 
              1821 1819 1820 -1 
              1824 1829 1822 -1 
              1829 1824 1773 -1 
              1822 1827 1821 -1 
              1824 1772 1773 -1 
              1824 1822 1823 -1 
              1825 1826 1772 -1 
              1826 1771 1772 -1 
              1827 1779 1819 -1 
              1827 1819 1821 -1 
              1828 1775 1776 -1 
              1828 1777 1827 -1 
              1829 1773 1774 -1 
              1829 1774 1822 -1 
              1830 1770 1771 -1 
              1830 1826 1804 -1 
              1831 1804 1805 -1 
              1831 1805 1807 -1 
              1832 1768 1769 -1 
              1832 1804 1831 -1 
              1769 1830 1804 -1 
              1830 1769 1770 -1 
              1816 1815 1817 -1 
              1833 1817 1815 -1 
              1817 1833 1818 -1 
              1834 1818 1833 -1 
              1818 1834 1819 -1 
              1820 1819 1834 -1 
              1815 1814 1833 -1 
              1835 1833 1814 -1 
              1814 1813 1835 -1 
              1836 1835 1813 -1 
              1833 1835 1834 -1 
              1837 1834 1835 -1 
              1834 1837 1820 -1 
              1838 1820 1837 -1 
              1835 1836 1837 -1 
              1839 1837 1836 -1 
              1837 1839 1838 -1 
              1840 1838 1839 -1 
              1820 1838 1821 -1 
              1841 1821 1838 -1 
              1821 1841 1822 -1 
              1823 1822 1841 -1 
              1838 1840 1841 -1 
              1842 1841 1840 -1 
              1841 1842 1823 -1 
              1843 1823 1842 -1 
              1823 1843 1824 -1 
              1825 1824 1843 -1 
              1813 1812 1836 -1 
              1844 1836 1812 -1 
              1812 1811 1844 -1 
              1845 1844 1811 -1 
              1836 1844 1839 -1 
              1846 1839 1844 -1 
              1839 1846 1840 -1 
              1847 1840 1846 -1 
              1844 1845 1846 -1 
              1848 1846 1845 -1 
              1846 1848 1847 -1 
              1806 1847 1848 -1 
              1811 1810 1845 -1 
              1809 1845 1810 -1 
              1845 1809 1848 -1 
              1808 1848 1809 -1 
              1848 1808 1806 -1 
              1807 1806 1808 -1 
              1840 1847 1842 -1 
              1849 1842 1847 -1 
              1842 1849 1843 -1 
              1803 1843 1849 -1 
              1847 1806 1849 -1 
              1805 1849 1806 -1 
              1849 1805 1803 -1 
              1804 1803 1805 -1 
              1843 1803 1825 -1 
              1826 1825 1803 -1 
              1866 1851 1850 -1 
              1853 1852 1851 -1 
              1854 1853 1851 -1 
              1855 1854 1851 -1 
              1861 1855 1851 -1 
              1861 1856 1855 -1 
              1860 1857 1856 -1 
              1860 1858 1857 -1 
              1860 1859 1858 -1 
              1861 1860 1856 -1 
              1862 1861 1851 -1 
              1863 1862 1851 -1 
              1864 1863 1851 -1 
              1865 1864 1851 -1 
              1866 1865 1851 -1 
              1867 1866 1850 -1 
              1868 1867 1850 -1 
              1869 1868 1850 -1 
              1870 1869 1850 -1 
              1871 1870 1850 -1 
              1877 1871 1850 -1 
              1876 1872 1871 -1 
              1874 1873 1872 -1 
              1875 1874 1872 -1 
              1876 1875 1872 -1 
              1877 1876 1871 -1 
              1878 1877 1850 -1 
              1879 1878 1850 -1 
              1880 1879 1850 -1 
              1883 1882 1881 -1 
              1884 1883 1881 -1 
              1885 1884 1881 -1 
              1886 1885 1881 -1 
              1887 1886 1881 -1 
              1888 1887 1881 -1 
              1889 1888 1881 -1 
              1890 1889 1881 -1 
              1907 1892 1891 -1 
              1894 1893 1892 -1 
              1895 1894 1892 -1 
              1896 1895 1892 -1 
              1902 1896 1892 -1 
              1902 1897 1896 -1 
              1901 1898 1897 -1 
              1901 1899 1898 -1 
              1901 1900 1899 -1 
              1902 1901 1897 -1 
              1903 1902 1892 -1 
              1904 1903 1892 -1 
              1905 1904 1892 -1 
              1906 1905 1892 -1 
              1907 1906 1892 -1 
              1908 1907 1891 -1 
              1909 1908 1891 -1 
              1910 1909 1891 -1 
              1911 1910 1891 -1 
              1912 1911 1891 -1 
              1918 1912 1891 -1 
              1917 1913 1912 -1 
              1915 1914 1913 -1 
              1916 1915 1913 -1 
              1917 1916 1913 -1 
              1918 1917 1912 -1 
              1919 1918 1891 -1 
              1920 1919 1891 -1 
              1921 1920 1891 -1 
              1938 1923 1922 -1 
              1925 1924 1923 -1 
              1926 1925 1923 -1 
              1927 1926 1923 -1 
              1933 1927 1923 -1 
              1933 1928 1927 -1 
              1932 1929 1928 -1 
              1932 1930 1929 -1 
              1932 1931 1930 -1 
              1933 1932 1928 -1 
              1934 1933 1923 -1 
              1935 1934 1923 -1 
              1936 1935 1923 -1 
              1937 1936 1923 -1 
              1938 1937 1923 -1 
              1939 1938 1922 -1 
              1940 1939 1922 -1 
              1941 1940 1922 -1 
              1942 1941 1922 -1 
              1943 1942 1922 -1 
              1949 1943 1922 -1 
              1948 1944 1943 -1 
              1946 1945 1944 -1 
              1947 1946 1944 -1 
              1948 1947 1944 -1 
              1949 1948 1943 -1 
              1950 1949 1922 -1 
              1951 1950 1922 -1 
              1952 1951 1922 -1 
              1955 1954 1953 -1 
              1956 1955 1953 -1 
              1957 1956 1953 -1 
              1958 1957 1953 -1 
              1959 1958 1953 -1 
              1960 1959 1953 -1 
              1961 1960 1953 -1 
              1962 1961 1953 -1 
              1979 1964 1963 -1 
              1966 1965 1964 -1 
              1967 1966 1964 -1 
              1968 1967 1964 -1 
              1974 1968 1964 -1 
              1974 1969 1968 -1 
              1973 1970 1969 -1 
              1973 1971 1970 -1 
              1973 1972 1971 -1 
              1974 1973 1969 -1 
              1975 1974 1964 -1 
              1976 1975 1964 -1 
              1977 1976 1964 -1 
              1978 1977 1964 -1 
              1979 1978 1964 -1 
              1980 1979 1963 -1 
              1981 1980 1963 -1 
              1982 1981 1963 -1 
              1983 1982 1963 -1 
              1984 1983 1963 -1 
              1990 1984 1963 -1 
              1989 1985 1984 -1 
              1987 1986 1985 -1 
              1988 1987 1985 -1 
              1989 1988 1985 -1 
              1990 1989 1984 -1 
              1991 1990 1963 -1 
              1992 1991 1963 -1 
              1993 1992 1963 -1 
              2010 1995 1994 -1 
              1997 1996 1995 -1 
              1998 1997 1995 -1 
              1999 1998 1995 -1 
              2005 1999 1995 -1 
              2005 2000 1999 -1 
              2004 2001 2000 -1 
              2004 2002 2001 -1 
              2004 2003 2002 -1 
              2005 2004 2000 -1 
              2006 2005 1995 -1 
              2007 2006 1995 -1 
              2008 2007 1995 -1 
              2009 2008 1995 -1 
              2010 2009 1995 -1 
              2011 2010 1994 -1 
              2012 2011 1994 -1 
              2013 2012 1994 -1 
              2014 2013 1994 -1 
              2015 2014 1994 -1 
              2021 2015 1994 -1 
              2020 2016 2015 -1 
              2018 2017 2016 -1 
              2019 2018 2016 -1 
              2020 2019 2016 -1 
              2021 2020 2015 -1 
              2022 2021 1994 -1 
              2023 2022 1994 -1 
              2024 2023 1994 -1 
              2027 2026 2025 -1 
              2028 2027 2025 -1 
              2029 2028 2025 -1 
              2030 2029 2025 -1 
              2031 2030 2025 -1 
              2032 2031 2025 -1 
              2033 2032 2025 -1 
              2034 2033 2025 -1 
              2051 2036 2035 -1 
              2038 2037 2036 -1 
              2039 2038 2036 -1 
              2040 2039 2036 -1 
              2046 2040 2036 -1 
              2046 2041 2040 -1 
              2045 2042 2041 -1 
              2045 2043 2042 -1 
              2045 2044 2043 -1 
              2046 2045 2041 -1 
              2047 2046 2036 -1 
              2048 2047 2036 -1 
              2049 2048 2036 -1 
              2050 2049 2036 -1 
              2051 2050 2036 -1 
              2052 2051 2035 -1 
              2053 2052 2035 -1 
              2054 2053 2035 -1 
              2055 2054 2035 -1 
              2056 2055 2035 -1 
              2062 2056 2035 -1 
              2061 2057 2056 -1 
              2059 2058 2057 -1 
              2060 2059 2057 -1 
              2061 2060 2057 -1 
              2062 2061 2056 -1 
              2063 2062 2035 -1 
              2064 2063 2035 -1 
              2065 2064 2035 -1 
              2082 2067 2066 -1 
              2069 2068 2067 -1 
              2070 2069 2067 -1 
              2071 2070 2067 -1 
              2077 2071 2067 -1 
              2077 2072 2071 -1 
              2076 2073 2072 -1 
              2076 2074 2073 -1 
              2076 2075 2074 -1 
              2077 2076 2072 -1 
              2078 2077 2067 -1 
              2079 2078 2067 -1 
              2080 2079 2067 -1 
              2081 2080 2067 -1 
              2082 2081 2067 -1 
              2083 2082 2066 -1 
              2084 2083 2066 -1 
              2085 2084 2066 -1 
              2086 2085 2066 -1 
              2087 2086 2066 -1 
              2093 2087 2066 -1 
              2092 2088 2087 -1 
              2090 2089 2088 -1 
              2091 2090 2088 -1 
              2092 2091 2088 -1 
              2093 2092 2087 -1 
              2094 2093 2066 -1 
              2095 2094 2066 -1 
              2096 2095 2066 -1 
              2099 2098 2097 -1 
              2100 2099 2097 -1 
              2101 2100 2097 -1 
              2102 2101 2097 -1 
              2103 2102 2097 -1 
              2104 2103 2097 -1 
              2105 2104 2097 -1 
              2106 2105 2097 -1 
              2123 2108 2107 -1 
              2110 2109 2108 -1 
              2111 2110 2108 -1 
              2112 2111 2108 -1 
              2118 2112 2108 -1 
              2118 2113 2112 -1 
              2117 2114 2113 -1 
              2117 2115 2114 -1 
              2117 2116 2115 -1 
              2118 2117 2113 -1 
              2119 2118 2108 -1 
              2120 2119 2108 -1 
              2121 2120 2108 -1 
              2122 2121 2108 -1 
              2123 2122 2108 -1 
              2124 2123 2107 -1 
              2125 2124 2107 -1 
              2126 2125 2107 -1 
              2127 2126 2107 -1 
              2128 2127 2107 -1 
              2134 2128 2107 -1 
              2133 2129 2128 -1 
              2131 2130 2129 -1 
              2132 2131 2129 -1 
              2133 2132 2129 -1 
              2134 2133 2128 -1 
              2135 2134 2107 -1 
              2136 2135 2107 -1 
              2137 2136 2107 -1 
            ]
          }
        }
        DEF TL1105CF160Q_2 Shape {
          appearance USE __4
          geometry DEF __8 IndexedFaceSet {
            solid FALSE
            coord Coordinate {
              point [
                -0.0031 -0.00257082039325 -0.0019,
                -0.00361458980338 -0.0036 -0.0019,
                -0.00361458980338 -0.0036 -0.0026,
                -0.0031 -0.00257082039325 -0.0026,
                -0.0031 -0.00462917960675 -0.0019,
                -0.0031 -0.00462917960675 -0.0026,
                -0.0031 -0.0049 -0.0019,
                -0.0031 -0.0053 -0.00211268377266,
                -0.0031 -0.0053 -0.00238731622734,
                -0.0031 -0.0049 -0.0026,
                -0.0034 -0.0053 -0.00211268377266,
                -0.0034 -0.0053 -0.00238731622734,
                -0.0034 -0.0049 -0.0019,
                -0.0034 -0.0047 -0.0019,
                -0.0034 -0.0047 -0.0026,
                -0.0034 -0.0049 -0.0026,
                -0.00395 -0.0036 -0.0019,
                -0.00395 -0.0036 -0.0026,
                -0.0034 -0.0025 -0.0019,
                -0.0034 -0.0025 -0.0026,
                -0.0034 -0.0008 -0.0019,
                -0.0034 -0.0008 -0.0026,
                -0.003 -0.0004 -0.0019,
                -0.003 -0.0004 -0.0026,
                -0.0026 -0.0004 -0.0019,
                -0.0026 -0.0004 -0.0026,
                -0.0026 -0.0007 -0.0019,
                -0.0026 -0.0007 -0.0026,
                -0.003 -0.0007 -0.0019,
                -0.003 -0.0007 -0.0026,
                -0.0031 -0.0008 -0.0019,
                -0.0031 -0.0008 -0.0026,
                -0.0033939231012 -0.000730540728933 -0.0019,
                -0.00337587704831 -0.00066319194267 -0.0019,
                -0.00334641016151 -0.0006 -0.0019,
                -0.00330641777725 -0.000542884956125 -0.0019,
                -0.00325711504387 -0.000493582222752 -0.0019,
                -0.0032 -0.000453589838486 -0.0019,
                -0.00313680805733 -0.000424122951686 -0.0019,
                -0.00306945927107 -0.000406076898795 -0.0019,
                -0.0033939231012 -0.000730540728933 -0.0026,
                -0.00337587704831 -0.00066319194267 -0.0026,
                -0.00334641016151 -0.0006 -0.0026,
                -0.00330641777725 -0.000542884956125 -0.0026,
                -0.00325711504387 -0.000493582222752 -0.0026,
                -0.0032 -0.000453589838486 -0.0026,
                -0.00313680805733 -0.000424122951686 -0.0026,
                -0.00306945927107 -0.000406076898795 -0.0026,
                -0.00301736481777 -0.000701519224699 -0.0019,
                -0.00303420201433 -0.000706030737921 -0.0019,
                -0.00305 -0.000713397459622 -0.0019,
                -0.00306427876097 -0.000723395555688 -0.0019,
                -0.00307660444431 -0.000735721239031 -0.0019,
                -0.00308660254038 -0.00075 -0.0019,
                -0.00309396926208 -0.000765797985667 -0.0019,
                -0.0030984807753 -0.000782635182233 -0.0019,
                -0.00301736481777 -0.000701519224699 -0.0026,
                -0.00303420201433 -0.000706030737921 -0.0026,
                -0.00305 -0.000713397459622 -0.0026,
                -0.00306427876097 -0.000723395555688 -0.0026,
                -0.00307660444431 -0.000735721239031 -0.0026,
                -0.00308660254038 -0.00075 -0.0026,
                -0.00309396926208 -0.000765797985667 -0.0026,
                -0.0030984807753 -0.000782635182233 -0.0026

              ]
            }
            normal Normal {
              vector [
                0.89442718 -0.44721359 -1.5515838e-16,
                0.89442718 -0.44721359 -1.5515838e-16,
                0.89442718 -0.44721359 -1.5515838e-16,
                0.89442718 -0.44721359 -1.5515838e-16,
                0.89442718 0.44721359 -1.5515838e-16,
                0.89442718 0.44721359 -1.5515838e-16,
                0.89442718 0.44721359 -1.5515838e-16,
                0.89442718 0.44721359 -1.5515838e-16,
                1 2.5859732e-15 -1.7347235e-16,
                1 2.5859732e-15 -1.7347235e-16,
                1 2.5859732e-15 -1.7347235e-16,
                1 2.5859732e-15 -1.7347235e-16,
                1 2.5859732e-15 -1.7347235e-16,
                1 2.5859732e-15 -1.7347235e-16,
                0 -1 -0,
                0 -1 -0,
                0 -1 -0,
                0 -1 -0,
                -1 -0 1.7347235e-16,
                -1 -0 1.7347235e-16,
                -1 -0 1.7347235e-16,
                -1 -0 1.7347235e-16,
                -1 -0 1.7347235e-16,
                -1 -0 1.7347235e-16,
                -0.89442718 -0.44721359 1.5515838e-16,
                -0.89442718 -0.44721359 1.5515838e-16,
                -0.89442718 -0.44721359 1.5515838e-16,
                -0.89442718 -0.44721359 1.5515838e-16,
                -0.89442718 0.44721359 1.5515838e-16,
                -0.89442718 0.44721359 1.5515838e-16,
                -0.89442718 0.44721359 1.5515838e-16,
                -0.89442718 0.44721359 1.5515838e-16,
                -1 -5.1021278e-16 1.7347235e-16,
                -1 -5.1021278e-16 1.7347235e-16,
                -1 -5.1021278e-16 1.7347235e-16,
                -1 -5.1021278e-16 1.7347235e-16,
                -1 1.110223e-16 0,
                -0.98480773 0.17364818 0,
                -0.93969262 0.34202015 0,
                -0.86602539 0.5 0,
                -0.76604444 0.64278764 0,
                -0.64278764 0.76604444 0,
                -0.5 0.86602539 0,
                -0.34202015 0.93969262 0,
                -0.17364818 0.98480773 0,
                0 1 0,
                0 1 0,
                -0.17364818 0.98480773 0,
                -0.34202015 0.93969262 0,
                -0.5 0.86602539 0,
                -0.64278764 0.76604444 0,
                -0.76604444 0.64278764 0,
                -0.86602539 0.5 0,
                -0.93969262 0.34202015 0,
                -0.98480773 0.17364818 0,
                -1 1.110223e-16 0,
                1.3552527e-16 1 -2.3509887e-32,
                1.3552527e-16 1 -2.3509887e-32,
                1.3552527e-16 1 -2.3509887e-32,
                1.3552527e-16 1 -2.3509887e-32,
                1 -0 -1.7347235e-16,
                1 -0 -1.7347235e-16,
                1 -0 -1.7347235e-16,
                1 -0 -1.7347235e-16,
                0 -1 -0,
                0 -1 -0,
                0 -1 -0,
                0 -1 -0,
                -0 -1 -0,
                -0 -1 -0,
                0.17364818 -0.98480773 -0,
                0.34202015 -0.93969262 -0,
                0.5 -0.86602539 -0,
                0.64278764 -0.76604444 -0,
                0.76604444 -0.64278764 -0,
                0.86602539 -0.5 -0,
                0.93969262 -0.34202015 -0,
                0.98480773 -0.17364818 -0,
                1 -1.110223e-16 -0,
                1 -1.110223e-16 -0,
                0.98480773 -0.17364818 -0,
                0.93969262 -0.34202015 -0,
                0.86602539 -0.5 -0,
                0.76604444 -0.64278764 -0,
                0.64278764 -0.76604444 -0,
                0.5 -0.86602539 -0,
                0.34202015 -0.93969262 -0,
                0.17364818 -0.98480773 -0,
                1 4.8980787e-16 -1.7347235e-16,
                1 4.8980787e-16 -1.7347235e-16,
                1 4.8980787e-16 -1.7347235e-16,
                1 4.8980787e-16 -1.7347235e-16,
                -1.7347235e-16 0 -1,
                -1.7347235e-16 0 -1,
                -1.7347235e-16 0 -1,
                -1.7347235e-16 0 -1,
                -1.7347235e-16 0 -1,
                -1.7347235e-16 0 -1,
                -1.7347235e-16 0 -1,
                -1.7347235e-16 0 -1,
                -1.7347235e-16 0 -1,
                -1.7347235e-16 0 -1,
                -1.7347235e-16 0 -1,
                -1.7347235e-16 0 -1,
                -1.7347235e-16 0 -1,
                -1.7347235e-16 0 -1,
                -1.7347235e-16 0 -1,
                -1.7347235e-16 0 -1,
                -1.7347235e-16 0 -1,
                -1.7347235e-16 0 -1,
                -1.7347235e-16 0 -1,
                -1.7347235e-16 0 -1,
                -1.7347235e-16 0 -1,
                -1.7347235e-16 0 -1,
                -1.7347235e-16 0 -1,
                -1.7347235e-16 0 -1,
                -1.7347235e-16 0 -1,
                -1.7347235e-16 0 -1,
                -1.7347235e-16 0 -1,
                -1.7347235e-16 0 -1,
                -1.7347235e-16 0 -1,
                -1.7347235e-16 0 -1,
                1.7347235e-16 -0 1,
                1.7347235e-16 -0 1,
                1.7347235e-16 -0 1,
                1.7347235e-16 -0 1,
                1.7347235e-16 -0 1,
                1.7347235e-16 -0 1,
                1.7347235e-16 -0 1,
                1.7347235e-16 -0 1,
                1.7347235e-16 -0 1,
                1.7347235e-16 -0 1,
                1.7347235e-16 -0 1,
                1.7347235e-16 -0 1,
                1.7347235e-16 -0 1,
                1.7347235e-16 -0 1,
                1.7347235e-16 -0 1,
                1.7347235e-16 -0 1,
                1.7347235e-16 -0 1,
                1.7347235e-16 -0 1,
                1.7347235e-16 -0 1,
                1.7347235e-16 -0 1,
                1.7347235e-16 -0 1,
                1.7347235e-16 -0 1,
                1.7347235e-16 -0 1,
                1.7347235e-16 -0 1,
                1.7347235e-16 -0 1,
                1.7347235e-16 -0 1,
                1.7347235e-16 -0 1,
                1.7347235e-16 -0 1,
                1.7347235e-16 -0 1,
                1.7347235e-16 -0 1,
                1.53167e-16 -0.46947157 0.88294756,
                1.53167e-16 -0.46947157 0.88294756,
                1.53167e-16 -0.46947157 0.88294756,
                1.53167e-16 -0.46947157 0.88294756,
                -1.53167e-16 -0.46947157 -0.88294756,
                -1.53167e-16 -0.46947157 -0.88294756,
                -1.53167e-16 -0.46947157 -0.88294756,
                -1.53167e-16 -0.46947157 -0.88294756

              ]
            }
            coordIndex [
              2 3 0 -1 
              1 2 0 -1 
              5 2 1 -1 
              4 5 1 -1 
              9 5 4 -1 
              6 9 4 -1 
              7 8 9 -1 
              6 7 9 -1 
              10 8 7 -1 
              10 11 8 -1 
              14 15 13 -1 
              12 15 11 -1 
              12 13 15 -1 
              10 12 11 -1 
              17 14 13 -1 
              16 17 13 -1 
              19 17 16 -1 
              18 19 16 -1 
              21 19 18 -1 
              20 21 18 -1 
              32 40 20 -1 
              33 41 32 -1 
              34 42 33 -1 
              35 43 34 -1 
              36 44 35 -1 
              37 45 36 -1 
              38 46 37 -1 
              39 47 38 -1 
              22 23 39 -1 
              47 39 23 -1 
              46 38 47 -1 
              45 37 46 -1 
              44 36 45 -1 
              43 35 44 -1 
              42 34 43 -1 
              41 33 42 -1 
              40 32 41 -1 
              21 20 40 -1 
              25 22 24 -1 
              25 23 22 -1 
              27 24 26 -1 
              27 25 24 -1 
              29 27 26 -1 
              28 29 26 -1 
              56 29 28 -1 
              48 49 56 -1 
              50 51 58 -1 
              52 53 60 -1 
              54 55 62 -1 
              55 30 63 -1 
              53 61 60 -1 
              54 62 61 -1 
              55 63 62 -1 
              30 31 63 -1 
              52 60 59 -1 
              53 54 61 -1 
              51 59 58 -1 
              51 52 59 -1 
              50 58 57 -1 
              49 50 57 -1 
              49 57 56 -1 
              48 56 28 -1 
              3 31 30 -1 
              0 3 30 -1 
              14 5 9 -1 
              14 9 15 -1 
              2 5 14 -1 
              62 40 41 -1 
              61 41 42 -1 
              60 42 43 -1 
              59 43 44 -1 
              58 44 45 -1 
              57 45 46 -1 
              56 46 47 -1 
              27 23 25 -1 
              29 47 23 -1 
              29 23 27 -1 
              63 21 40 -1 
              56 47 29 -1 
              57 46 56 -1 
              58 45 57 -1 
              59 44 58 -1 
              60 43 59 -1 
              61 42 60 -1 
              62 41 61 -1 
              31 19 21 -1 
              63 40 62 -1 
              31 3 19 -1 
              31 21 63 -1 
              2 17 19 -1 
              2 14 17 -1 
              2 19 3 -1 
              54 33 32 -1 
              53 34 33 -1 
              52 35 34 -1 
              51 36 35 -1 
              50 37 36 -1 
              49 38 37 -1 
              48 39 38 -1 
              26 24 22 -1 
              28 22 39 -1 
              28 26 22 -1 
              55 32 20 -1 
              48 28 39 -1 
              49 48 38 -1 
              50 49 37 -1 
              51 50 36 -1 
              52 51 35 -1 
              53 52 34 -1 
              54 53 33 -1 
              30 20 18 -1 
              55 54 32 -1 
              30 18 0 -1 
              30 55 20 -1 
              1 18 16 -1 
              1 16 13 -1 
              1 0 18 -1 
              4 13 6 -1 
              4 1 13 -1 
              12 6 13 -1 
              12 10 7 -1 
              6 12 7 -1 
              11 9 8 -1 
              15 9 11 -1 
            ]
            normalIndex [
              2 1 0 -1 
              3 2 0 -1 
              6 5 4 -1 
              7 6 4 -1 
              10 9 8 -1 
              13 10 8 -1 
              12 11 10 -1 
              13 12 10 -1 
              16 14 17 -1 
              16 15 14 -1 
              20 19 21 -1 
              22 19 18 -1 
              22 21 19 -1 
              23 22 18 -1 
              26 25 24 -1 
              27 26 24 -1 
              30 29 28 -1 
              31 30 28 -1 
              34 33 32 -1 
              35 34 32 -1 
              37 54 36 -1 
              38 53 37 -1 
              39 52 38 -1 
              40 51 39 -1 
              41 50 40 -1 
              42 49 41 -1 
              43 48 42 -1 
              44 47 43 -1 
              45 46 44 -1 
              47 44 46 -1 
              48 43 47 -1 
              49 42 48 -1 
              50 41 49 -1 
              51 40 50 -1 
              52 39 51 -1 
              53 38 52 -1 
              54 37 53 -1 
              55 36 54 -1 
              58 56 59 -1 
              58 57 56 -1 
              62 60 63 -1 
              62 61 60 -1 
              66 65 64 -1 
              67 66 64 -1 
              70 69 68 -1 
              87 86 70 -1 
              85 84 72 -1 
              83 82 74 -1 
              81 80 76 -1 
              80 79 77 -1 
              82 75 74 -1 
              81 76 75 -1 
              80 77 76 -1 
              79 78 77 -1 
              83 74 73 -1 
              82 81 75 -1 
              84 73 72 -1 
              84 83 73 -1 
              85 72 71 -1 
              86 85 71 -1 
              86 71 70 -1 
              87 70 68 -1 
              90 89 88 -1 
              91 90 88 -1 
              95 92 93 -1 
              95 93 94 -1 
              121 92 95 -1 
              117 99 100 -1 
              116 100 101 -1 
              115 101 102 -1 
              114 102 103 -1 
              113 103 104 -1 
              112 104 105 -1 
              111 105 106 -1 
              109 107 108 -1 
              110 106 107 -1 
              110 107 109 -1 
              118 98 99 -1 
              111 106 110 -1 
              112 105 111 -1 
              113 104 112 -1 
              114 103 113 -1 
              115 102 114 -1 
              116 101 115 -1 
              117 100 116 -1 
              119 97 98 -1 
              118 99 117 -1 
              119 120 97 -1 
              119 98 118 -1 
              121 96 97 -1 
              121 95 96 -1 
              121 97 120 -1 
              144 127 126 -1 
              143 128 127 -1 
              142 129 128 -1 
              141 130 129 -1 
              140 131 130 -1 
              139 132 131 -1 
              138 133 132 -1 
              136 135 134 -1 
              137 134 133 -1 
              137 136 134 -1 
              145 126 125 -1 
              138 137 133 -1 
              139 138 132 -1 
              140 139 131 -1 
              141 140 130 -1 
              142 141 129 -1 
              143 142 128 -1 
              144 143 127 -1 
              146 125 124 -1 
              145 144 126 -1 
              146 124 147 -1 
              146 145 125 -1 
              148 124 123 -1 
              148 123 122 -1 
              148 147 124 -1 
              149 122 150 -1 
              149 148 122 -1 
              151 150 122 -1 
              154 153 152 -1 
              155 154 152 -1 
              158 156 157 -1 
              159 156 158 -1 
            ]
          }
        }
        DEF TL1105CF160Q_3 Shape {
          appearance USE __4
          geometry DEF __10 IndexedFaceSet {
            solid FALSE
            coord Coordinate {
              point [
                0.0034 -0.0025 -0.0019,
                0.00395 -0.0036 -0.0019,
                0.00395 -0.0036 -0.0026,
                0.0034 -0.0025 -0.0026,
                0.0034 -0.0047 -0.0019,
                0.0034 -0.0047 -0.0026,
                0.0034 -0.0049 -0.0019,
                0.0034 -0.0053 -0.00211268377266,
                0.0034 -0.0053 -0.00238731622734,
                0.0034 -0.0049 -0.0026,
                0.0031 -0.0053 -0.00211268377266,
                0.0031 -0.0053 -0.00238731622734,
                0.0031 -0.0049 -0.0019,
                0.0031 -0.00462917960675 -0.0019,
                0.0031 -0.00462917960675 -0.0026,
                0.0031 -0.0049 -0.0026,
                0.00361458980338 -0.0036 -0.0019,
                0.00361458980338 -0.0036 -0.0026,
                0.0031 -0.00257082039325 -0.0019,
                0.0031 -0.00257082039325 -0.0026,
                0.0031 -0.0008 -0.0019,
                0.0031 -0.0008 -0.0026,
                0.003 -0.0007 -0.0019,
                0.003 -0.0007 -0.0026,
                0.0026 -0.0007 -0.0019,
                0.0026 -0.0007 -0.0026,
                0.0026 -0.0004 -0.0019,
                0.0026 -0.0004 -0.0026,
                0.003 -0.0004 -0.0019,
                0.003 -0.0004 -0.0026,
                0.0034 -0.0008 -0.0019,
                0.0034 -0.0008 -0.0026,
                0.0030984807753 -0.000782635182233 -0.0019,
                0.00309396926208 -0.000765797985667 -0.0019,
                0.00308660254038 -0.00075 -0.0019,
                0.00307660444431 -0.000735721239031 -0.0019,
                0.00306427876097 -0.000723395555688 -0.0019,
                0.00305 -0.000713397459622 -0.0019,
                0.00303420201433 -0.000706030737921 -0.0019,
                0.00301736481777 -0.000701519224699 -0.0019,
                0.0030984807753 -0.000782635182233 -0.0026,
                0.00309396926208 -0.000765797985667 -0.0026,
                0.00308660254038 -0.00075 -0.0026,
                0.00307660444431 -0.000735721239031 -0.0026,
                0.00306427876097 -0.000723395555688 -0.0026,
                0.00305 -0.000713397459622 -0.0026,
                0.00303420201433 -0.000706030737921 -0.0026,
                0.00301736481777 -0.000701519224699 -0.0026,
                0.00306945927107 -0.000406076898795 -0.0019,
                0.00313680805733 -0.000424122951686 -0.0019,
                0.0032 -0.000453589838486 -0.0019,
                0.00325711504387 -0.000493582222752 -0.0019,
                0.00330641777725 -0.000542884956125 -0.0019,
                0.00334641016151 -0.0006 -0.0019,
                0.00337587704831 -0.00066319194267 -0.0019,
                0.0033939231012 -0.000730540728933 -0.0019,
                0.00306945927107 -0.000406076898795 -0.0026,
                0.00313680805733 -0.000424122951686 -0.0026,
                0.0032 -0.000453589838486 -0.0026,
                0.00325711504387 -0.000493582222752 -0.0026,
                0.00330641777725 -0.000542884956125 -0.0026,
                0.00334641016151 -0.0006 -0.0026,
                0.00337587704831 -0.00066319194267 -0.0026,
                0.0033939231012 -0.000730540728933 -0.0026

              ]
            }
            normal Normal {
              vector [
                0.89442718 0.44721359 -1.5515838e-16,
                0.89442718 0.44721359 -1.5515838e-16,
                0.89442718 0.44721359 -1.5515838e-16,
                0.89442718 0.44721359 -1.5515838e-16,
                0.89442718 -0.44721359 -1.5515838e-16,
                0.89442718 -0.44721359 -1.5515838e-16,
                0.89442718 -0.44721359 -1.5515838e-16,
                0.89442718 -0.44721359 -1.5515838e-16,
                1 -0 -1.7347235e-16,
                1 -0 -1.7347235e-16,
                1 -0 -1.7347235e-16,
                1 -0 -1.7347235e-16,
                1 -0 -1.7347235e-16,
                1 -0 -1.7347235e-16,
                -0 -1 -0,
                -0 -1 -0,
                -0 -1 -0,
                -0 -1 -0,
                -1 -0 1.7347235e-16,
                -1 -0 1.7347235e-16,
                -1 -0 1.7347235e-16,
                -1 -0 1.7347235e-16,
                -1 -0 1.7347235e-16,
                -1 -0 1.7347235e-16,
                -0.89442718 0.44721359 1.5515838e-16,
                -0.89442718 0.44721359 1.5515838e-16,
                -0.89442718 0.44721359 1.5515838e-16,
                -0.89442718 0.44721359 1.5515838e-16,
                -0.89442718 -0.44721359 1.5515838e-16,
                -0.89442718 -0.44721359 1.5515838e-16,
                -0.89442718 -0.44721359 1.5515838e-16,
                -0.89442718 -0.44721359 1.5515838e-16,
                -1 4.8980787e-16 1.7347235e-16,
                -1 4.8980787e-16 1.7347235e-16,
                -1 4.8980787e-16 1.7347235e-16,
                -1 4.8980787e-16 1.7347235e-16,
                -1 -0 -0,
                -1 -0 -0,
                -0.98480773 -0.17364818 -0,
                -0.93969262 -0.34202015 -0,
                -0.86602539 -0.5 -0,
                -0.76604444 -0.64278764 -0,
                -0.64278764 -0.76604444 -0,
                -0.5 -0.86602539 -0,
                -0.34202015 -0.93969262 -0,
                -0.17364818 -0.98480773 -0,
                -0 -1 -0,
                -0 -1 -0,
                -0.17364818 -0.98480773 -0,
                -0.34202015 -0.93969262 -0,
                -0.5 -0.86602539 -0,
                -0.64278764 -0.76604444 -0,
                -0.76604444 -0.64278764 -0,
                -0.86602539 -0.5 -0,
                -0.93969262 -0.34202015 -0,
                -0.98480773 -0.17364818 -0,
                -2.7105054e-16 -1 4.7019774e-32,
                -2.7105054e-16 -1 4.7019774e-32,
                -2.7105054e-16 -1 4.7019774e-32,
                -2.7105054e-16 -1 4.7019774e-32,
                -1 -0 1.7347235e-16,
                -1 -0 1.7347235e-16,
                -1 -0 1.7347235e-16,
                -1 -0 1.7347235e-16,
                -1.3552527e-16 1 2.3509887e-32,
                -1.3552527e-16 1 2.3509887e-32,
                -1.3552527e-16 1 2.3509887e-32,
                -1.3552527e-16 1 2.3509887e-32,
                0 1 0,
                0.17364818 0.98480773 0,
                0.34202015 0.93969262 0,
                0.5 0.86602539 0,
                0.64278764 0.76604444 0,
                0.76604444 0.64278764 0,
                0.86602539 0.5 0,
                0.93969262 0.34202015 0,
                0.98480773 0.17364818 0,
                1 0 0,
                1 0 0,
                0.98480773 0.17364818 0,
                0.93969262 0.34202015 0,
                0.86602539 0.5 0,
                0.76604444 0.64278764 0,
                0.64278764 0.76604444 0,
                0.5 0.86602539 0,
                0.34202015 0.93969262 0,
                0.17364818 0.98480773 0,
                0 1 0,
                1 -5.1021278e-16 -1.7347235e-16,
                1 -5.1021278e-16 -1.7347235e-16,
                1 -5.1021278e-16 -1.7347235e-16,
                1 -5.1021278e-16 -1.7347235e-16,
                -1.7347235e-16 0 -1,
                -1.7347235e-16 0 -1,
                -1.7347235e-16 0 -1,
                -1.7347235e-16 0 -1,
                -1.7347235e-16 0 -1,
                -1.7347235e-16 0 -1,
                -1.7347235e-16 0 -1,
                -1.7347235e-16 0 -1,
                -1.7347235e-16 0 -1,
                -1.7347235e-16 0 -1,
                -1.7347235e-16 0 -1,
                -1.7347235e-16 0 -1,
                -1.7347235e-16 0 -1,
                -1.7347235e-16 0 -1,
                -1.7347235e-16 0 -1,
                -1.7347235e-16 0 -1,
                -1.7347235e-16 0 -1,
                -1.7347235e-16 0 -1,
                -1.7347235e-16 0 -1,
                -1.7347235e-16 0 -1,
                -1.7347235e-16 0 -1,
                -1.7347235e-16 0 -1,
                -1.7347235e-16 0 -1,
                -1.7347235e-16 0 -1,
                -1.7347235e-16 0 -1,
                -1.7347235e-16 0 -1,
                -1.7347235e-16 0 -1,
                -1.7347235e-16 0 -1,
                -1.7347235e-16 0 -1,
                -1.7347235e-16 0 -1,
                1.7347235e-16 -0 1,
                1.7347235e-16 -0 1,
                1.7347235e-16 -0 1,
                1.7347235e-16 -0 1,
                1.7347235e-16 -0 1,
                1.7347235e-16 -0 1,
                1.7347235e-16 -0 1,
                1.7347235e-16 -0 1,
                1.7347235e-16 -0 1,
                1.7347235e-16 -0 1,
                1.7347235e-16 -0 1,
                1.7347235e-16 -0 1,
                1.7347235e-16 -0 1,
                1.7347235e-16 -0 1,
                1.7347235e-16 -0 1,
                1.7347235e-16 -0 1,
                1.7347235e-16 -0 1,
                1.7347235e-16 -0 1,
                1.7347235e-16 -0 1,
                1.7347235e-16 -0 1,
                1.7347235e-16 -0 1,
                1.7347235e-16 -0 1,
                1.7347235e-16 -0 1,
                1.7347235e-16 -0 1,
                1.7347235e-16 -0 1,
                1.7347235e-16 -0 1,
                1.7347235e-16 -0 1,
                1.7347235e-16 -0 1,
                1.7347235e-16 -0 1,
                1.7347235e-16 -0 1,
                1.53167e-16 -0.46947157 0.88294756,
                1.53167e-16 -0.46947157 0.88294756,
                1.53167e-16 -0.46947157 0.88294756,
                1.53167e-16 -0.46947157 0.88294756,
                -1.53167e-16 -0.46947157 -0.88294756,
                -1.53167e-16 -0.46947157 -0.88294756,
                -1.53167e-16 -0.46947157 -0.88294756,
                -1.53167e-16 -0.46947157 -0.88294756

              ]
            }
            coordIndex [
              2 3 0 -1 
              1 2 0 -1 
              5 2 1 -1 
              4 5 1 -1 
              9 4 6 -1 
              9 5 4 -1 
              7 8 9 -1 
              6 7 9 -1 
              10 8 7 -1 
              10 11 8 -1 
              14 15 13 -1 
              12 15 11 -1 
              12 13 15 -1 
              10 12 11 -1 
              17 14 13 -1 
              16 17 13 -1 
              19 17 16 -1 
              18 19 16 -1 
              21 19 18 -1 
              20 21 18 -1 
              40 21 20 -1 
              32 33 40 -1 
              34 35 42 -1 
              36 37 44 -1 
              38 39 46 -1 
              39 22 47 -1 
              37 45 44 -1 
              38 46 45 -1 
              39 47 46 -1 
              22 23 47 -1 
              36 44 43 -1 
              37 38 45 -1 
              35 43 42 -1 
              35 36 43 -1 
              34 42 41 -1 
              33 34 41 -1 
              33 41 40 -1 
              32 40 20 -1 
              25 22 24 -1 
              25 23 22 -1 
              27 25 24 -1 
              26 27 24 -1 
              29 26 28 -1 
              29 27 26 -1 
              56 28 48 -1 
              57 48 49 -1 
              58 49 50 -1 
              53 61 52 -1 
              54 62 53 -1 
              55 63 54 -1 
              30 31 55 -1 
              59 50 51 -1 
              60 51 52 -1 
              63 55 31 -1 
              62 54 63 -1 
              61 53 62 -1 
              60 52 61 -1 
              59 51 60 -1 
              58 50 59 -1 
              57 49 58 -1 
              56 48 57 -1 
              29 28 56 -1 
              3 31 30 -1 
              0 3 30 -1 
              41 62 63 -1 
              42 61 62 -1 
              43 60 61 -1 
              44 59 60 -1 
              45 58 59 -1 
              46 57 58 -1 
              47 56 57 -1 
              25 27 29 -1 
              23 29 56 -1 
              23 25 29 -1 
              40 63 31 -1 
              47 23 56 -1 
              46 47 57 -1 
              45 46 58 -1 
              44 45 59 -1 
              43 44 60 -1 
              42 43 61 -1 
              41 42 62 -1 
              21 31 3 -1 
              40 41 63 -1 
              21 3 19 -1 
              21 40 31 -1 
              17 3 2 -1 
              17 2 5 -1 
              17 19 3 -1 
              14 5 15 -1 
              14 17 5 -1 
              9 15 5 -1 
              4 13 12 -1 
              4 12 6 -1 
              16 13 4 -1 
              33 55 54 -1 
              34 54 53 -1 
              35 53 52 -1 
              36 52 51 -1 
              37 51 50 -1 
              38 50 49 -1 
              39 49 48 -1 
              24 28 26 -1 
              22 48 28 -1 
              22 28 24 -1 
              32 30 55 -1 
              39 48 22 -1 
              38 49 39 -1 
              37 50 38 -1 
              36 51 37 -1 
              35 52 36 -1 
              34 53 35 -1 
              33 54 34 -1 
              20 0 30 -1 
              32 55 33 -1 
              20 18 0 -1 
              20 30 32 -1 
              16 1 0 -1 
              16 4 1 -1 
              16 0 18 -1 
              12 7 6 -1 
              10 7 12 -1 
              11 15 9 -1 
              8 11 9 -1 
            ]
            normalIndex [
              2 1 0 -1 
              3 2 0 -1 
              6 5 4 -1 
              7 6 4 -1 
              10 8 13 -1 
              10 9 8 -1 
              12 11 10 -1 
              13 12 10 -1 
              16 14 17 -1 
              16 15 14 -1 
              20 19 21 -1 
              22 19 18 -1 
              22 21 19 -1 
              23 22 18 -1 
              26 25 24 -1 
              27 26 24 -1 
              30 29 28 -1 
              31 30 28 -1 
              34 33 32 -1 
              35 34 32 -1 
              38 37 36 -1 
              55 54 38 -1 
              53 52 40 -1 
              51 50 42 -1 
              49 48 44 -1 
              48 47 45 -1 
              50 43 42 -1 
              49 44 43 -1 
              48 45 44 -1 
              47 46 45 -1 
              51 42 41 -1 
              50 49 43 -1 
              52 41 40 -1 
              52 51 41 -1 
              53 40 39 -1 
              54 53 39 -1 
              54 39 38 -1 
              55 38 36 -1 
              58 56 59 -1 
              58 57 56 -1 
              62 61 60 -1 
              63 62 60 -1 
              66 64 67 -1 
              66 65 64 -1 
              86 68 69 -1 
              85 69 70 -1 
              84 70 71 -1 
              74 81 73 -1 
              75 80 74 -1 
              76 79 75 -1 
              77 78 76 -1 
              83 71 72 -1 
              82 72 73 -1 
              79 76 78 -1 
              80 75 79 -1 
              81 74 80 -1 
              82 73 81 -1 
              83 72 82 -1 
              84 71 83 -1 
              85 70 84 -1 
              86 69 85 -1 
              87 68 86 -1 
              90 89 88 -1 
              91 90 88 -1 
              114 97 96 -1 
              113 98 97 -1 
              112 99 98 -1 
              111 100 99 -1 
              110 101 100 -1 
              109 102 101 -1 
              108 103 102 -1 
              106 105 104 -1 
              107 104 103 -1 
              107 106 104 -1 
              115 96 95 -1 
              108 107 103 -1 
              109 108 102 -1 
              110 109 101 -1 
              111 110 100 -1 
              112 111 99 -1 
              113 112 98 -1 
              114 113 97 -1 
              116 95 94 -1 
              115 114 96 -1 
              116 94 117 -1 
              116 115 95 -1 
              118 94 93 -1 
              118 93 92 -1 
              118 117 94 -1 
              119 92 120 -1 
              119 118 92 -1 
              121 120 92 -1 
              125 122 123 -1 
              125 123 124 -1 
              151 122 125 -1 
              147 129 130 -1 
              146 130 131 -1 
              145 131 132 -1 
              144 132 133 -1 
              143 133 134 -1 
              142 134 135 -1 
              141 135 136 -1 
              139 137 138 -1 
              140 136 137 -1 
              140 137 139 -1 
              148 128 129 -1 
              141 136 140 -1 
              142 135 141 -1 
              143 134 142 -1 
              144 133 143 -1 
              145 132 144 -1 
              146 131 145 -1 
              147 130 146 -1 
              149 127 128 -1 
              148 129 147 -1 
              149 150 127 -1 
              149 128 148 -1 
              151 126 127 -1 
              151 125 126 -1 
              151 127 150 -1 
              154 152 153 -1 
              155 152 154 -1 
              158 157 156 -1 
              159 158 156 -1 
            ]
          }
        }
        DEF TL1105CF160Q_4 Shape {
          appearance USE __4
          geometry DEF __12 IndexedFaceSet {
            solid FALSE
            coord Coordinate {
              point [
                0.0034 -0.0025 0.0019,
                0.00395 -0.0036 0.0019,
                0.0034 -0.0025 0.0026,
                0.00395 -0.0036 0.0026,
                0.0034 -0.0047 0.0019,
                0.0034 -0.0047 0.0026,
                0.0034 -0.0049 0.0019,
                0.0034 -0.0049 0.0026,
                0.0034 -0.0053 0.00238731622734,
                0.0034 -0.0053 0.00211268377266,
                0.0031 -0.0053 0.00238731622734,
                0.0031 -0.0053 0.00211268377266,
                0.0031 -0.0049 0.0026,
                0.0031 -0.00462917960675 0.0026,
                0.0031 -0.00462917960675 0.0019,
                0.0031 -0.0049 0.0019,
                0.00361458980338 -0.0036 0.0019,
                0.00361458980338 -0.0036 0.0026,
                0.0031 -0.00257082039325 0.0019,
                0.0031 -0.00257082039325 0.0026,
                0.0031 -0.0008 0.0019,
                0.0031 -0.0008 0.0026,
                0.003 -0.0007 0.0026,
                0.003 -0.0007 0.0019,
                0.0026 -0.0007 0.0019,
                0.0026 -0.0007 0.0026,
                0.0026 -0.0004 0.0019,
                0.0026 -0.0004 0.0026,
                0.003 -0.0004 0.0019,
                0.003 -0.0004 0.0026,
                0.0034 -0.0008 0.0019,
                0.0034 -0.0008 0.0026,
                0.0030984807753 -0.000782635182233 0.0026,
                0.00309396926208 -0.000765797985667 0.0026,
                0.00308660254038 -0.00075 0.0026,
                0.00307660444431 -0.000735721239031 0.0026,
                0.00306427876097 -0.000723395555688 0.0026,
                0.00305 -0.000713397459622 0.0026,
                0.00303420201433 -0.000706030737921 0.0026,
                0.00301736481777 -0.000701519224699 0.0026,
                0.0030984807753 -0.000782635182233 0.0019,
                0.00309396926208 -0.000765797985667 0.0019,
                0.00308660254038 -0.00075 0.0019,
                0.00307660444431 -0.000735721239031 0.0019,
                0.00306427876097 -0.000723395555688 0.0019,
                0.00305 -0.000713397459622 0.0019,
                0.00303420201433 -0.000706030737921 0.0019,
                0.00301736481777 -0.000701519224699 0.0019,
                0.00306945927107 -0.000406076898795 0.0019,
                0.00313680805733 -0.000424122951686 0.0019,
                0.0032 -0.000453589838486 0.0019,
                0.00325711504387 -0.000493582222752 0.0019,
                0.00330641777725 -0.000542884956125 0.0019,
                0.00334641016151 -0.0006 0.0019,
                0.00337587704831 -0.00066319194267 0.0019,
                0.0033939231012 -0.000730540728933 0.0019,
                0.00306945927107 -0.000406076898795 0.0026,
                0.00313680805733 -0.000424122951686 0.0026,
                0.0032 -0.000453589838486 0.0026,
                0.00325711504387 -0.000493582222752 0.0026,
                0.00330641777725 -0.000542884956125 0.0026,
                0.00334641016151 -0.0006 0.0026,
                0.00337587704831 -0.00066319194267 0.0026,
                0.0033939231012 -0.000730540728933 0.0026

              ]
            }
            normal Normal {
              vector [
                0.89442718 0.44721359 1.5515838e-16,
                0.89442718 0.44721359 1.5515838e-16,
                0.89442718 0.44721359 1.5515838e-16,
                0.89442718 0.44721359 1.5515838e-16,
                0.89442718 -0.44721359 1.5515838e-16,
                0.89442718 -0.44721359 1.5515838e-16,
                0.89442718 -0.44721359 1.5515838e-16,
                0.89442718 -0.44721359 1.5515838e-16,
                1 -0 1.7347235e-16,
                1 -0 1.7347235e-16,
                1 -0 1.7347235e-16,
                1 -0 1.7347235e-16,
                1 -0 1.7347235e-16,
                1 -0 1.7347235e-16,
                -0 -1 -0,
                -0 -1 -0,
                -0 -1 -0,
                -0 -1 -0,
                -1 -0 -1.7347235e-16,
                -1 -0 -1.7347235e-16,
                -1 -0 -1.7347235e-16,
                -1 -0 -1.7347235e-16,
                -1 -0 -1.7347235e-16,
                -1 -0 -1.7347235e-16,
                -0.89442718 0.44721359 -1.5515838e-16,
                -0.89442718 0.44721359 -1.5515838e-16,
                -0.89442718 0.44721359 -1.5515838e-16,
                -0.89442718 0.44721359 -1.5515838e-16,
                -0.89442718 -0.44721359 -1.5515838e-16,
                -0.89442718 -0.44721359 -1.5515838e-16,
                -0.89442718 -0.44721359 -1.5515838e-16,
                -0.89442718 -0.44721359 -1.5515838e-16,
                -1 4.8980787e-16 -1.7347235e-16,
                -1 4.8980787e-16 -1.7347235e-16,
                -1 4.8980787e-16 -1.7347235e-16,
                -1 4.8980787e-16 -1.7347235e-16,
                -0 -1 -0,
                -0 -1 -0,
                -0.17364818 -0.98480773 -0,
                -0.34202015 -0.93969262 -0,
                -0.5 -0.86602539 -0,
                -0.64278764 -0.76604444 -0,
                -0.76604444 -0.64278764 -0,
                -0.86602539 -0.5 -0,
                -0.93969262 -0.34202015 -0,
                -0.98480773 -0.17364818 -0,
                -1 -2.220446e-16 -0,
                -1 -2.220446e-16 -0,
                -0.98480773 -0.17364818 -0,
                -0.93969262 -0.34202015 -0,
                -0.86602539 -0.5 -0,
                -0.76604444 -0.64278764 -0,
                -0.64278764 -0.76604444 -0,
                -0.5 -0.86602539 -0,
                -0.34202015 -0.93969262 -0,
                -0.17364818 -0.98480773 -0,
                -2.7105054e-16 -1 -4.7019774e-32,
                -2.7105054e-16 -1 -4.7019774e-32,
                -2.7105054e-16 -1 -4.7019774e-32,
                -2.7105054e-16 -1 -4.7019774e-32,
                -1 -0 -1.7347235e-16,
                -1 -0 -1.7347235e-16,
                -1 -0 -1.7347235e-16,
                -1 -0 -1.7347235e-16,
                -1.3552527e-16 1 -2.3509887e-32,
                -1.3552527e-16 1 -2.3509887e-32,
                -1.3552527e-16 1 -2.3509887e-32,
                -1.3552527e-16 1 -2.3509887e-32,
                1 2.220446e-16 0,
                0.98480773 0.17364818 0,
                0.93969262 0.34202015 0,
                0.86602539 0.5 0,
                0.76604444 0.64278764 0,
                0.64278764 0.76604444 0,
                0.5 0.86602539 0,
                0.34202015 0.93969262 0,
                0.17364818 0.98480773 0,
                0 1 0,
                0 1 0,
                0.17364818 0.98480773 0,
                0.34202015 0.93969262 0,
                0.5 0.86602539 0,
                0.64278764 0.76604444 0,
                0.76604444 0.64278764 0,
                0.86602539 0.5 0,
                0.93969262 0.34202015 0,
                0.98480773 0.17364818 0,
                1 2.220446e-16 0,
                1 -5.1021278e-16 1.7347235e-16,
                1 -5.1021278e-16 1.7347235e-16,
                1 -5.1021278e-16 1.7347235e-16,
                1 -5.1021278e-16 1.7347235e-16,
                -1.7347235e-16 -0 1,
                -1.7347235e-16 -0 1,
                -1.7347235e-16 -0 1,
                -1.7347235e-16 -0 1,
                -1.7347235e-16 -0 1,
                -1.7347235e-16 -0 1,
                -1.7347235e-16 -0 1,
                -1.7347235e-16 -0 1,
                -1.7347235e-16 -0 1,
                -1.7347235e-16 -0 1,
                -1.7347235e-16 -0 1,
                -1.7347235e-16 -0 1,
                -1.7347235e-16 -0 1,
                -1.7347235e-16 -0 1,
                -1.7347235e-16 -0 1,
                -1.7347235e-16 -0 1,
                -1.7347235e-16 -0 1,
                -1.7347235e-16 -0 1,
                -1.7347235e-16 -0 1,
                -1.7347235e-16 -0 1,
                -1.7347235e-16 -0 1,
                -1.7347235e-16 -0 1,
                -1.7347235e-16 -0 1,
                -1.7347235e-16 -0 1,
                -1.7347235e-16 -0 1,
                -1.7347235e-16 -0 1,
                -1.7347235e-16 -0 1,
                -1.7347235e-16 -0 1,
                -1.7347235e-16 -0 1,
                -1.7347235e-16 -0 1,
                1.7347235e-16 0 -1,
                1.7347235e-16 0 -1,
                1.7347235e-16 0 -1,
                1.7347235e-16 0 -1,
                1.7347235e-16 0 -1,
                1.7347235e-16 0 -1,
                1.7347235e-16 0 -1,
                1.7347235e-16 0 -1,
                1.7347235e-16 0 -1,
                1.7347235e-16 0 -1,
                1.7347235e-16 0 -1,
                1.7347235e-16 0 -1,
                1.7347235e-16 0 -1,
                1.7347235e-16 0 -1,
                1.7347235e-16 0 -1,
                1.7347235e-16 0 -1,
                1.7347235e-16 0 -1,
                1.7347235e-16 0 -1,
                1.7347235e-16 0 -1,
                1.7347235e-16 0 -1,
                1.7347235e-16 0 -1,
                1.7347235e-16 0 -1,
                1.7347235e-16 0 -1,
                1.7347235e-16 0 -1,
                1.7347235e-16 0 -1,
                1.7347235e-16 0 -1,
                1.7347235e-16 0 -1,
                1.7347235e-16 0 -1,
                1.7347235e-16 0 -1,
                1.7347235e-16 0 -1,
                1.53167e-16 -0.46947157 -0.88294756,
                1.53167e-16 -0.46947157 -0.88294756,
                1.53167e-16 -0.46947157 -0.88294756,
                1.53167e-16 -0.46947157 -0.88294756,
                -1.53167e-16 -0.46947157 0.88294756,
                -1.53167e-16 -0.46947157 0.88294756,
                -1.53167e-16 -0.46947157 0.88294756,
                -1.53167e-16 -0.46947157 0.88294756

              ]
            }
            coordIndex [
              2 3 1 -1 
              0 2 1 -1 
              3 5 4 -1 
              1 3 4 -1 
              8 9 6 -1 
              7 8 6 -1 
              5 6 4 -1 
              5 7 6 -1 
              10 11 9 -1 
              8 10 9 -1 
              12 15 11 -1 
              13 14 15 -1 
              12 13 15 -1 
              10 12 11 -1 
              13 17 16 -1 
              14 13 16 -1 
              17 19 18 -1 
              16 17 18 -1 
              19 21 20 -1 
              18 19 20 -1 
              39 22 23 -1 
              47 46 39 -1 
              45 44 37 -1 
              43 42 35 -1 
              41 40 33 -1 
              40 20 32 -1 
              42 34 35 -1 
              41 33 34 -1 
              40 32 33 -1 
              20 21 32 -1 
              43 35 36 -1 
              42 41 34 -1 
              44 36 37 -1 
              44 43 36 -1 
              45 37 38 -1 
              46 45 38 -1 
              46 38 39 -1 
              47 39 23 -1 
              22 25 24 -1 
              23 22 24 -1 
              25 27 26 -1 
              24 25 26 -1 
              27 29 28 -1 
              26 27 28 -1 
              55 63 30 -1 
              54 62 55 -1 
              53 61 54 -1 
              52 60 53 -1 
              51 59 52 -1 
              50 58 51 -1 
              49 57 50 -1 
              48 56 49 -1 
              28 29 48 -1 
              56 48 29 -1 
              57 49 56 -1 
              58 50 57 -1 
              59 51 58 -1 
              60 52 59 -1 
              61 53 60 -1 
              62 54 61 -1 
              63 55 62 -1 
              31 30 63 -1 
              31 2 0 -1 
              30 31 0 -1 
              5 17 13 -1 
              5 12 7 -1 
              2 17 3 -1 
              2 21 19 -1 
              61 34 33 -1 
              60 35 34 -1 
              37 36 58 -1 
              27 22 29 -1 
              57 38 37 -1 
              56 39 38 -1 
              29 22 39 -1 
              27 25 22 -1 
              59 36 35 -1 
              62 33 32 -1 
              56 29 39 -1 
              63 32 21 -1 
              57 56 38 -1 
              58 57 37 -1 
              59 58 36 -1 
              60 59 35 -1 
              61 60 34 -1 
              62 61 33 -1 
              63 62 32 -1 
              31 63 21 -1 
              2 19 17 -1 
              2 31 21 -1 
              3 17 5 -1 
              5 13 12 -1 
              4 15 14 -1 
              0 1 16 -1 
              0 18 20 -1 
              53 41 42 -1 
              52 42 43 -1 
              45 50 44 -1 
              26 28 23 -1 
              49 45 46 -1 
              48 46 47 -1 
              28 47 23 -1 
              26 23 24 -1 
              51 43 44 -1 
              54 40 41 -1 
              48 47 28 -1 
              55 20 40 -1 
              49 46 48 -1 
              50 45 49 -1 
              51 44 50 -1 
              52 43 51 -1 
              53 42 52 -1 
              54 41 53 -1 
              55 40 54 -1 
              30 20 55 -1 
              0 16 18 -1 
              0 20 30 -1 
              4 14 16 -1 
              4 16 1 -1 
              6 15 4 -1 
              11 6 9 -1 
              15 6 11 -1 
              12 10 8 -1 
              7 12 8 -1 
            ]
            normalIndex [
              2 1 0 -1 
              3 2 0 -1 
              6 5 4 -1 
              7 6 4 -1 
              10 9 8 -1 
              11 10 8 -1 
              12 8 13 -1 
              12 11 8 -1 
              16 15 14 -1 
              17 16 14 -1 
              22 19 18 -1 
              21 20 19 -1 
              22 21 19 -1 
              23 22 18 -1 
              26 25 24 -1 
              27 26 24 -1 
              30 29 28 -1 
              31 30 28 -1 
              34 33 32 -1 
              35 34 32 -1 
              38 37 36 -1 
              55 54 38 -1 
              53 52 40 -1 
              51 50 42 -1 
              49 48 44 -1 
              48 47 45 -1 
              50 43 42 -1 
              49 44 43 -1 
              48 45 44 -1 
              47 46 45 -1 
              51 42 41 -1 
              50 49 43 -1 
              52 41 40 -1 
              52 51 41 -1 
              53 40 39 -1 
              54 53 39 -1 
              54 39 38 -1 
              55 38 36 -1 
              58 57 56 -1 
              59 58 56 -1 
              62 61 60 -1 
              63 62 60 -1 
              66 65 64 -1 
              67 66 64 -1 
              69 86 68 -1 
              70 85 69 -1 
              71 84 70 -1 
              72 83 71 -1 
              73 82 72 -1 
              74 81 73 -1 
              75 80 74 -1 
              76 79 75 -1 
              77 78 76 -1 
              79 76 78 -1 
              80 75 79 -1 
              81 74 80 -1 
              82 73 81 -1 
              83 72 82 -1 
              84 71 83 -1 
              85 70 84 -1 
              86 69 85 -1 
              87 68 86 -1 
              90 89 88 -1 
              91 90 88 -1 
              121 95 94 -1 
              121 93 92 -1 
              119 95 120 -1 
              119 97 96 -1 
              115 100 99 -1 
              114 101 100 -1 
              103 102 112 -1 
              108 106 109 -1 
              111 104 103 -1 
              110 105 104 -1 
              109 106 105 -1 
              108 107 106 -1 
              113 102 101 -1 
              116 99 98 -1 
              110 109 105 -1 
              117 98 97 -1 
              111 110 104 -1 
              112 111 103 -1 
              113 112 102 -1 
              114 113 101 -1 
              115 114 100 -1 
              116 115 99 -1 
              117 116 98 -1 
              118 117 97 -1 
              119 96 95 -1 
              119 118 97 -1 
              120 95 121 -1 
              121 94 93 -1 
              150 122 123 -1 
              148 149 124 -1 
              148 125 126 -1 
              144 128 129 -1 
              143 129 130 -1 
              132 141 131 -1 
              137 138 135 -1 
              140 132 133 -1 
              139 133 134 -1 
              138 134 135 -1 
              137 135 136 -1 
              142 130 131 -1 
              145 127 128 -1 
              139 134 138 -1 
              146 126 127 -1 
              140 133 139 -1 
              141 132 140 -1 
              142 131 141 -1 
              143 130 142 -1 
              144 129 143 -1 
              145 128 144 -1 
              146 127 145 -1 
              147 126 146 -1 
              148 124 125 -1 
              148 126 147 -1 
              150 123 124 -1 
              150 124 149 -1 
              151 122 150 -1 
              154 152 153 -1 
              155 152 154 -1 
              158 157 156 -1 
              159 158 156 -1 
            ]
          }
        }
        DEF TL1105CF160Q_5 Shape {
          appearance USE __4
          geometry DEF __14 IndexedFaceSet {
            solid FALSE
            coord Coordinate {
              point [
                -0.0031 -0.00257082039325 0.0019,
                -0.00361458980338 -0.0036 0.0019,
                -0.0031 -0.00257082039325 0.0026,
                -0.00361458980338 -0.0036 0.0026,
                -0.0031 -0.00462917960675 0.0019,
                -0.0031 -0.00462917960675 0.0026,
                -0.0031 -0.0049 0.0019,
                -0.0031 -0.0049 0.0026,
                -0.0031 -0.0053 0.00238731622734,
                -0.0031 -0.0053 0.00211268377266,
                -0.0034 -0.0053 0.00238731622734,
                -0.0034 -0.0053 0.00211268377266,
                -0.0034 -0.0049 0.0026,
                -0.0034 -0.0047 0.0026,
                -0.0034 -0.0047 0.0019,
                -0.0034 -0.0049 0.0019,
                -0.00395 -0.0036 0.0019,
                -0.00395 -0.0036 0.0026,
                -0.0034 -0.0025 0.0019,
                -0.0034 -0.0025 0.0026,
                -0.0034 -0.0008 0.0019,
                -0.0034 -0.0008 0.0026,
                -0.003 -0.0004 0.0019,
                -0.003 -0.0004 0.0026,
                -0.0026 -0.0004 0.0019,
                -0.0026 -0.0004 0.0026,
                -0.0026 -0.0007 0.0019,
                -0.0026 -0.0007 0.0026,
                -0.003 -0.0007 0.0019,
                -0.003 -0.0007 0.0026,
                -0.0031 -0.0008 0.0019,
                -0.0031 -0.0008 0.0026,
                -0.0033939231012 -0.000730540728933 0.0019,
                -0.00337587704831 -0.00066319194267 0.0019,
                -0.00334641016151 -0.0006 0.0019,
                -0.00330641777725 -0.000542884956125 0.0019,
                -0.00325711504387 -0.000493582222752 0.0019,
                -0.0032 -0.000453589838486 0.0019,
                -0.00313680805733 -0.000424122951686 0.0019,
                -0.00306945927107 -0.000406076898795 0.0019,
                -0.0033939231012 -0.000730540728933 0.0026,
                -0.00337587704831 -0.00066319194267 0.0026,
                -0.00334641016151 -0.0006 0.0026,
                -0.00330641777725 -0.000542884956125 0.0026,
                -0.00325711504387 -0.000493582222752 0.0026,
                -0.0032 -0.000453589838486 0.0026,
                -0.00313680805733 -0.000424122951686 0.0026,
                -0.00306945927107 -0.000406076898795 0.0026,
                -0.00301736481777 -0.000701519224699 0.0019,
                -0.00303420201433 -0.000706030737921 0.0019,
                -0.00305 -0.000713397459622 0.0019,
                -0.00306427876097 -0.000723395555688 0.0019,
                -0.00307660444431 -0.000735721239031 0.0019,
                -0.00308660254038 -0.00075 0.0019,
                -0.00309396926208 -0.000765797985667 0.0019,
                -0.0030984807753 -0.000782635182233 0.0019,
                -0.00301736481777 -0.000701519224699 0.0026,
                -0.00303420201433 -0.000706030737921 0.0026,
                -0.00305 -0.000713397459622 0.0026,
                -0.00306427876097 -0.000723395555688 0.0026,
                -0.00307660444431 -0.000735721239031 0.0026,
                -0.00308660254038 -0.00075 0.0026,
                -0.00309396926208 -0.000765797985667 0.0026,
                -0.0030984807753 -0.000782635182233 0.0026

              ]
            }
            normal Normal {
              vector [
                0.89442718 -0.44721359 1.5515838e-16,
                0.89442718 -0.44721359 1.5515838e-16,
                0.89442718 -0.44721359 1.5515838e-16,
                0.89442718 -0.44721359 1.5515838e-16,
                0.89442718 0.44721359 1.5515838e-16,
                0.89442718 0.44721359 1.5515838e-16,
                0.89442718 0.44721359 1.5515838e-16,
                0.89442718 0.44721359 1.5515838e-16,
                1 2.5859732e-15 1.7347235e-16,
                1 2.5859732e-15 1.7347235e-16,
                1 2.5859732e-15 1.7347235e-16,
                1 2.5859732e-15 1.7347235e-16,
                1 2.5859732e-15 1.7347235e-16,
                1 2.5859732e-15 1.7347235e-16,
                -0 -1 -0,
                -0 -1 -0,
                -0 -1 -0,
                -0 -1 -0,
                -1 -0 -1.7347235e-16,
                -1 -0 -1.7347235e-16,
                -1 -0 -1.7347235e-16,
                -1 -0 -1.7347235e-16,
                -1 -0 -1.7347235e-16,
                -1 -0 -1.7347235e-16,
                -0.89442718 -0.44721359 -1.5515838e-16,
                -0.89442718 -0.44721359 -1.5515838e-16,
                -0.89442718 -0.44721359 -1.5515838e-16,
                -0.89442718 -0.44721359 -1.5515838e-16,
                -0.89442718 0.44721359 -1.5515838e-16,
                -0.89442718 0.44721359 -1.5515838e-16,
                -0.89442718 0.44721359 -1.5515838e-16,
                -0.89442718 0.44721359 -1.5515838e-16,
                -1 -5.1021278e-16 -1.7347235e-16,
                -1 -5.1021278e-16 -1.7347235e-16,
                -1 -5.1021278e-16 -1.7347235e-16,
                -1 -5.1021278e-16 -1.7347235e-16,
                0 1 0,
                -0.17364818 0.98480773 0,
                -0.34202015 0.93969262 0,
                -0.5 0.86602539 0,
                -0.64278764 0.76604444 0,
                -0.76604444 0.64278764 0,
                -0.86602539 0.5 0,
                -0.93969262 0.34202015 0,
                -0.98480773 0.17364818 0,
                -1 -1.110223e-16 0,
                -1 -1.110223e-16 0,
                -0.98480773 0.17364818 0,
                -0.93969262 0.34202015 0,
                -0.86602539 0.5 0,
                -0.76604444 0.64278764 0,
                -0.64278764 0.76604444 0,
                -0.5 0.86602539 0,
                -0.34202015 0.93969262 0,
                -0.17364818 0.98480773 0,
                0 1 0,
                1.3552527e-16 1 2.3509887e-32,
                1.3552527e-16 1 2.3509887e-32,
                1.3552527e-16 1 2.3509887e-32,
                1.3552527e-16 1 2.3509887e-32,
                1 -0 1.7347235e-16,
                1 -0 1.7347235e-16,
                1 -0 1.7347235e-16,
                1 -0 1.7347235e-16,
                -0 -1 -0,
                -0 -1 -0,
                -0 -1 -0,
                -0 -1 -0,
                1 1.110223e-16 -0,
                1 1.110223e-16 -0,
                0.98480773 -0.17364818 -0,
                0.93969262 -0.34202015 -0,
                0.86602539 -0.5 -0,
                0.76604444 -0.64278764 -0,
                0.64278764 -0.76604444 -0,
                0.5 -0.86602539 -0,
                0.34202015 -0.93969262 -0,
                0.17364818 -0.98480773 -0,
                -0 -1 -0,
                -0 -1 -0,
                0.17364818 -0.98480773 -0,
                0.34202015 -0.93969262 -0,
                0.5 -0.86602539 -0,
                0.64278764 -0.76604444 -0,
                0.76604444 -0.64278764 -0,
                0.86602539 -0.5 -0,
                0.93969262 -0.34202015 -0,
                0.98480773 -0.17364818 -0,
                1 4.8980787e-16 1.7347235e-16,
                1 4.8980787e-16 1.7347235e-16,
                1 4.8980787e-16 1.7347235e-16,
                1 4.8980787e-16 1.7347235e-16,
                -1.7347235e-16 0 1,
                -1.7347235e-16 0 1,
                -1.7347235e-16 0 1,
                -1.7347235e-16 0 1,
                -1.7347235e-16 0 1,
                -1.7347235e-16 0 1,
                -1.7347235e-16 0 1,
                -1.7347235e-16 0 1,
                -1.7347235e-16 0 1,
                -1.7347235e-16 0 1,
                -1.7347235e-16 0 1,
                -1.7347235e-16 0 1,
                -1.7347235e-16 0 1,
                -1.7347235e-16 0 1,
                -1.7347235e-16 0 1,
                -1.7347235e-16 0 1,
                -1.7347235e-16 0 1,
                -1.7347235e-16 0 1,
                -1.7347235e-16 0 1,
                -1.7347235e-16 0 1,
                -1.7347235e-16 0 1,
                -1.7347235e-16 0 1,
                -1.7347235e-16 0 1,
                -1.7347235e-16 0 1,
                -1.7347235e-16 0 1,
                -1.7347235e-16 0 1,
                -1.7347235e-16 0 1,
                -1.7347235e-16 0 1,
                -1.7347235e-16 0 1,
                -1.7347235e-16 0 1,
                1.7347235e-16 -0 -1,
                1.7347235e-16 -0 -1,
                1.7347235e-16 -0 -1,
                1.7347235e-16 -0 -1,
                1.7347235e-16 -0 -1,
                1.7347235e-16 -0 -1,
                1.7347235e-16 -0 -1,
                1.7347235e-16 -0 -1,
                1.7347235e-16 -0 -1,
                1.7347235e-16 -0 -1,
                1.7347235e-16 -0 -1,
                1.7347235e-16 -0 -1,
                1.7347235e-16 -0 -1,
                1.7347235e-16 -0 -1,
                1.7347235e-16 -0 -1,
                1.7347235e-16 -0 -1,
                1.7347235e-16 -0 -1,
                1.7347235e-16 -0 -1,
                1.7347235e-16 -0 -1,
                1.7347235e-16 -0 -1,
                1.7347235e-16 -0 -1,
                1.7347235e-16 -0 -1,
                1.7347235e-16 -0 -1,
                1.7347235e-16 -0 -1,
                1.7347235e-16 -0 -1,
                1.7347235e-16 -0 -1,
                1.7347235e-16 -0 -1,
                1.7347235e-16 -0 -1,
                1.7347235e-16 -0 -1,
                1.7347235e-16 -0 -1,
                1.53167e-16 -0.46947157 -0.88294756,
                1.53167e-16 -0.46947157 -0.88294756,
                1.53167e-16 -0.46947157 -0.88294756,
                1.53167e-16 -0.46947157 -0.88294756,
                -1.53167e-16 -0.46947157 0.88294756,
                -1.53167e-16 -0.46947157 0.88294756,
                -1.53167e-16 -0.46947157 0.88294756,
                -1.53167e-16 -0.46947157 0.88294756

              ]
            }
            coordIndex [
              2 3 1 -1 
              0 2 1 -1 
              3 5 4 -1 
              1 3 4 -1 
              8 9 6 -1 
              7 8 6 -1 
              5 7 6 -1 
              4 5 6 -1 
              10 11 9 -1 
              8 10 9 -1 
              12 15 11 -1 
              13 14 15 -1 
              12 13 15 -1 
              10 12 11 -1 
              13 17 16 -1 
              14 13 16 -1 
              17 19 18 -1 
              16 17 18 -1 
              19 21 20 -1 
              18 19 20 -1 
              39 47 22 -1 
              38 46 39 -1 
              37 45 38 -1 
              36 44 37 -1 
              35 43 36 -1 
              34 42 35 -1 
              33 41 34 -1 
              32 40 33 -1 
              20 21 32 -1 
              40 32 21 -1 
              41 33 40 -1 
              42 34 41 -1 
              43 35 42 -1 
              44 36 43 -1 
              45 37 44 -1 
              46 38 45 -1 
              47 39 46 -1 
              23 22 47 -1 
              23 25 24 -1 
              22 23 24 -1 
              25 26 24 -1 
              25 27 26 -1 
              27 29 28 -1 
              26 27 28 -1 
              63 31 30 -1 
              55 54 63 -1 
              53 52 61 -1 
              51 50 59 -1 
              49 48 57 -1 
              48 28 56 -1 
              50 58 59 -1 
              49 57 58 -1 
              48 56 57 -1 
              28 29 56 -1 
              51 59 60 -1 
              50 49 58 -1 
              52 60 61 -1 
              52 51 60 -1 
              53 61 62 -1 
              54 53 62 -1 
              54 62 63 -1 
              55 63 30 -1 
              31 2 0 -1 
              30 31 0 -1 
              13 7 5 -1 
              19 17 3 -1 
              19 2 31 -1 
              42 62 61 -1 
              43 61 60 -1 
              58 45 59 -1 
              25 23 29 -1 
              46 58 57 -1 
              47 57 56 -1 
              23 56 29 -1 
              25 29 27 -1 
              44 60 59 -1 
              41 63 62 -1 
              47 56 23 -1 
              40 31 63 -1 
              46 57 47 -1 
              45 58 46 -1 
              44 59 45 -1 
              43 60 44 -1 
              42 61 43 -1 
              41 62 42 -1 
              40 63 41 -1 
              21 31 40 -1 
              19 3 2 -1 
              19 31 21 -1 
              13 5 3 -1 
              13 3 17 -1 
              12 7 13 -1 
              14 1 4 -1 
              14 6 15 -1 
              18 1 16 -1 
              18 30 0 -1 
              34 53 54 -1 
              35 52 53 -1 
              50 51 37 -1 
              24 28 22 -1 
              38 49 50 -1 
              39 48 49 -1 
              22 28 48 -1 
              24 26 28 -1 
              36 51 52 -1 
              33 54 55 -1 
              39 22 48 -1 
              32 55 30 -1 
              38 39 49 -1 
              37 38 50 -1 
              36 37 51 -1 
              35 36 52 -1 
              34 35 53 -1 
              33 34 54 -1 
              32 33 55 -1 
              20 32 30 -1 
              18 0 1 -1 
              18 20 30 -1 
              16 1 14 -1 
              14 4 6 -1 
              11 15 6 -1 
              9 11 6 -1 
              12 8 7 -1 
              10 8 12 -1 
            ]
            normalIndex [
              2 1 0 -1 
              3 2 0 -1 
              6 5 4 -1 
              7 6 4 -1 
              10 9 8 -1 
              11 10 8 -1 
              12 11 8 -1 
              13 12 8 -1 
              16 15 14 -1 
              17 16 14 -1 
              22 19 18 -1 
              21 20 19 -1 
              22 21 19 -1 
              23 22 18 -1 
              26 25 24 -1 
              27 26 24 -1 
              30 29 28 -1 
              31 30 28 -1 
              34 33 32 -1 
              35 34 32 -1 
              37 54 36 -1 
              38 53 37 -1 
              39 52 38 -1 
              40 51 39 -1 
              41 50 40 -1 
              42 49 41 -1 
              43 48 42 -1 
              44 47 43 -1 
              45 46 44 -1 
              47 44 46 -1 
              48 43 47 -1 
              49 42 48 -1 
              50 41 49 -1 
              51 40 50 -1 
              52 39 51 -1 
              53 38 52 -1 
              54 37 53 -1 
              55 36 54 -1 
              58 57 56 -1 
              59 58 56 -1 
              62 60 63 -1 
              62 61 60 -1 
              66 65 64 -1 
              67 66 64 -1 
              70 69 68 -1 
              87 86 70 -1 
              85 84 72 -1 
              83 82 74 -1 
              81 80 76 -1 
              80 79 77 -1 
              82 75 74 -1 
              81 76 75 -1 
              80 77 76 -1 
              79 78 77 -1 
              83 74 73 -1 
              82 81 75 -1 
              84 73 72 -1 
              84 83 73 -1 
              85 72 71 -1 
              86 85 71 -1 
              86 71 70 -1 
              87 70 68 -1 
              90 89 88 -1 
              91 90 88 -1 
              120 92 93 -1 
              118 119 94 -1 
              118 95 96 -1 
              114 98 99 -1 
              113 99 100 -1 
              102 111 101 -1 
              107 108 105 -1 
              110 102 103 -1 
              109 103 104 -1 
              108 104 105 -1 
              107 105 106 -1 
              112 100 101 -1 
              115 97 98 -1 
              109 104 108 -1 
              116 96 97 -1 
              110 103 109 -1 
              111 102 110 -1 
              112 101 111 -1 
              113 100 112 -1 
              114 99 113 -1 
              115 98 114 -1 
              116 97 115 -1 
              117 96 116 -1 
              118 94 95 -1 
              118 96 117 -1 
              120 93 94 -1 
              120 94 119 -1 
              121 92 120 -1 
              151 125 124 -1 
              151 123 122 -1 
              149 125 150 -1 
              149 127 126 -1 
              145 130 129 -1 
              144 131 130 -1 
              133 132 142 -1 
              138 136 139 -1 
              141 134 133 -1 
              140 135 134 -1 
              139 136 135 -1 
              138 137 136 -1 
              143 132 131 -1 
              146 129 128 -1 
              140 139 135 -1 
              147 128 127 -1 
              141 140 134 -1 
              142 141 133 -1 
              143 142 132 -1 
              144 143 131 -1 
              145 144 130 -1 
              146 145 129 -1 
              147 146 128 -1 
              148 147 127 -1 
              149 126 125 -1 
              149 148 127 -1 
              150 125 151 -1 
              151 124 123 -1 
              154 153 152 -1 
              155 154 152 -1 
              158 156 157 -1 
              159 156 158 -1 
            ]
          }
        }
      ]
    }
  ]
}
