ISO-10303-21;
HEADER;
FILE_DESCRIPTION (( 'STEP AP203' ),
    '1' );
FILE_NAME ('TL1105CF160Q.STEP',
    '2021-03-23T07:41:32',
    ( 'Admin' ),
    ( '' ),
    'SwSTEP 2.0',
    'SolidWorks 2018',
    '' );
FILE_SCHEMA (( 'CONFIG_CONTROL_DESIGN' ));
ENDSEC;

DATA;
#1 = LINE ( 'NONE', #1835, #3240 ) ;
#2 = ORIENTED_EDGE ( 'NONE', *, *, #2067, .T. ) ;
#3 = DIRECTION ( 'NONE',  ( -0.4472135954999588159, -0.8944271909999154113, -3.526326922226245558E-16 ) ) ;
#4 = CARTESIAN_POINT ( 'NONE',  ( 3.949999999999999734, -3.600000000000000089, 2.600000000000000533 ) ) ;
#5 = EDGE_LOOP ( 'NONE', ( #1517, #2323, #2836, #3370 ) ) ;
#6 = CARTESIAN_POINT ( 'NONE',  ( -2.699999999999998845, 1.800000000000000044, 2.700000000000001066 ) ) ;
#7 = LINE ( 'NONE', #4, #1973 ) ;
#8 = ORIENTED_EDGE ( 'NONE', *, *, #3366, .F. ) ;
#9 = DIRECTION ( 'NONE',  ( -0.0000000000000000000, -0.0000000000000000000, 1.000000000000000000 ) ) ;
#10 = CARTESIAN_POINT ( 'NONE',  ( -3.000000000000000888, -4.899999999999996803, 2.599999999999999645 ) ) ;
#11 = EDGE_CURVE ( 'NONE', #2291, #1547, #2915, .T. ) ;
#12 = ORIENTED_EDGE ( 'NONE', *, *, #1118, .T. ) ;
#13 = LINE ( 'NONE', #2185, #234 ) ;
#14 = LINE ( 'NONE', #2748, #1974 ) ;
#15 = PLANE ( 'NONE',  #247 ) ;
#16 = DIRECTION ( 'NONE',  ( 0.0000000000000000000, 1.000000000000000000, -0.0000000000000000000 ) ) ;
#17 = VERTEX_POINT ( 'NONE', #2288 ) ;
#18 = CARTESIAN_POINT ( 'NONE',  ( 0.0000000000000000000, 3.199999999999999734, -1.750000000000000000 ) ) ;
#19 = LINE ( 'NONE', #1244, #2750 ) ;
#20 = EDGE_LOOP ( 'NONE', ( #124, #2480, #3162, #3243 ) ) ;
#21 = CARTESIAN_POINT ( 'NONE',  ( -3.614589803375032329, -3.600000000000000089, 2.599999999999999645 ) ) ;
#22 = TOROIDAL_SURFACE ( 'NONE', #2298, 1.250000000000000000, 0.5000000000000000000 ) ;
#23 = ADVANCED_FACE ( 'NONE', ( #2251 ), #808, .F. ) ;
#24 = EDGE_CURVE ( 'NONE', #492, #2045, #1124, .T. ) ;
#25 = DIRECTION ( 'NONE',  ( 1.734723475976806601E-16, 0.0000000000000000000, -1.000000000000000000 ) ) ;
#26 = LINE ( 'NONE', #2302, #3115 ) ;
#27 = VECTOR ( 'NONE', #3416, 1000.000000000000000 ) ;
#28 = DIRECTION ( 'NONE',  ( 0.0000000000000000000, 0.0000000000000000000, -1.000000000000000000 ) ) ;
#29 = ADVANCED_FACE ( 'NONE', ( #659 ), #2254, .F. ) ;
#30 = ADVANCED_FACE ( 'NONE', ( #2541 ), #2948, .F. ) ;
#31 = VERTEX_POINT ( 'NONE', #2447 ) ;
#32 = CARTESIAN_POINT ( 'NONE',  ( -2.762448996987584948, 1.959519484286046831, 2.942074622328000100 ) ) ;
#33 = CARTESIAN_POINT ( 'NONE',  ( 3.000000000000000000, -0.3999999999999999667, -2.600000000000000533 ) ) ;
#34 = EDGE_CURVE ( 'NONE', #2264, #2973, #1168, .T. ) ;
#35 = CARTESIAN_POINT ( 'NONE',  ( -2.700000000000000178, 1.800000000000000044, 2.949999999999999289 ) ) ;
#36 = CARTESIAN_POINT ( 'NONE',  ( 2.637551003012414963, 1.899999999999999689, -2.457925377671996703 ) ) ;
#37 = EDGE_CURVE ( 'NONE', #2300, #1045, #1873, .T. ) ;
#38 = ADVANCED_FACE ( 'NONE', ( #3269 ), #1940, .T. ) ;
#39 = CYLINDRICAL_SURFACE ( 'NONE', #526, 0.2999999999999999334 ) ;
#40 = VERTEX_POINT ( 'NONE', #460 ) ;
#41 = AXIS2_PLACEMENT_3D ( 'NONE', #2121, #1411, #3196 ) ;
#42 = ORIENTED_EDGE ( 'NONE', *, *, #1733, .T. ) ;
#43 = FACE_OUTER_BOUND ( 'NONE', #1335, .T. ) ;
#44 = LINE ( 'NONE', #3024, #122 ) ;
#45 = LINE ( 'NONE', #1696, #134 ) ;
#46 = VERTEX_POINT ( 'NONE', #258 ) ;
#47 = CARTESIAN_POINT ( 'NONE',  ( -3.400000000000000355, -4.899999999999996803, 2.599999999999999645 ) ) ;
#48 = AXIS2_PLACEMENT_3D ( 'NONE', #3113, #3106, #3105 ) ;
#49 = ORIENTED_EDGE ( 'NONE', *, *, #3090, .F. ) ;
#50 = LINE ( 'NONE', #383, #2405 ) ;
#51 = ORIENTED_EDGE ( 'NONE', *, *, #2561, .F. ) ;
#52 = CARTESIAN_POINT ( 'NONE',  ( 3.099999999999999645, -5.299999999999999822, 2.387316227335408492 ) ) ;
#53 = DIRECTION ( 'NONE',  ( -1.000000000000000000, 0.0000000000000000000, 0.0000000000000000000 ) ) ;
#54 = DIRECTION ( 'NONE',  ( 1.734723475976806601E-16, -0.0000000000000000000, -1.000000000000000000 ) ) ;
#55 = CARTESIAN_POINT ( 'NONE',  ( 2.637551003012414963, 1.899999999999999689, 2.457925377671996703 ) ) ;
#56 = EDGE_CURVE ( 'NONE', #682, #2303, #1786, .T. ) ;
#57 = ADVANCED_FACE ( 'NONE', ( #2018 ), #2283, .F. ) ;
#58 = CARTESIAN_POINT ( 'NONE',  ( -2.700000000000000178, 1.899999999999999689, 2.699999999999998845 ) ) ;
#59 = ORIENTED_EDGE ( 'NONE', *, *, #3017, .F. ) ;
#60 = CARTESIAN_POINT ( 'NONE',  ( -3.000000000000000888, -0.8000000000000001554, 2.599999999999999645 ) ) ;
#61 = CARTESIAN_POINT ( 'NONE',  ( 3.614589803375030996, -3.599999999999999201, 1.900000000000000133 ) ) ;
#62 = VECTOR ( 'NONE', #1267, 1000.000000000000000 ) ;
#63 = AXIS2_PLACEMENT_3D ( 'NONE', #2536, #2515, #1002 ) ;
#64 = ORIENTED_EDGE ( 'NONE', *, *, #788, .F. ) ;
#65 = EDGE_CURVE ( 'NONE', #2439, #1592, #854, .T. ) ;
#66 = AXIS2_PLACEMENT_3D ( 'NONE', #1174, #1878, #3279 ) ;
#67 = DIRECTION ( 'NONE',  ( 0.0000000000000000000, 0.0000000000000000000, 1.000000000000000000 ) ) ;
#68 = CIRCLE ( 'NONE', #664, 0.2500000000000006661 ) ;
#69 = ORIENTED_EDGE ( 'NONE', *, *, #3273, .F. ) ;
#70 = ORIENTED_EDGE ( 'NONE', *, *, #3120, .T. ) ;
#71 = VECTOR ( 'NONE', #1767, 1000.000000000000114 ) ;
#72 = DIRECTION ( 'NONE',  ( 1.000000000000000000, 0.0000000000000000000, 0.0000000000000000000 ) ) ;
#73 = CARTESIAN_POINT ( 'NONE',  ( -2.699999999999998845, -1.800000000000000044, 2.700000000000001066 ) ) ;
#74 = CARTESIAN_POINT ( 'NONE',  ( 2.700000000000000622, 1.800000000000000044, 2.700000000000000622 ) ) ;
#75 = VECTOR ( 'NONE', #2115, 1000.000000000000000 ) ;
#76 = CARTESIAN_POINT ( 'NONE',  ( -3.950000000000002842, -3.599999999999999201, -1.899999999999999023 ) ) ;
#77 = ORIENTED_EDGE ( 'NONE', *, *, #1694, .F. ) ;
#78 = ORIENTED_EDGE ( 'NONE', *, *, #871, .F. ) ;
#79 = EDGE_CURVE ( 'NONE', #887, #260, #222, .T. ) ;
#80 = DIRECTION ( 'NONE',  ( 0.0000000000000000000, 0.0000000000000000000, -1.000000000000000000 ) ) ;
#81 = CARTESIAN_POINT ( 'NONE',  ( -3.400000000000000355, -5.299999999999999822, -2.112683772664591508 ) ) ;
#82 = ORIENTED_EDGE ( 'NONE', *, *, #2551, .F. ) ;
#83 = FACE_OUTER_BOUND ( 'NONE', #2828, .T. ) ;
#84 = CARTESIAN_POINT ( 'NONE',  ( -3.000000000000000000, 1.800000000000000044, -2.699999999999998845 ) ) ;
#85 = ORIENTED_EDGE ( 'NONE', *, *, #1859, .T. ) ;
#86 = CARTESIAN_POINT ( 'NONE',  ( 3.400000000000000355, -0.8000000000000001554, 1.900000000000000133 ) ) ;
#87 = LINE ( 'NONE', #1347, #3467 ) ;
#88 = ADVANCED_FACE ( 'NONE', ( #2980 ), #1795, .F. ) ;
#89 = CIRCLE ( 'NONE', #1812, 1.750000000000000000 ) ;
#90 = FACE_OUTER_BOUND ( 'NONE', #3374, .T. ) ;
#91 = VECTOR ( 'NONE', #166, 1000.000000000000000 ) ;
#92 = DIRECTION ( 'NONE',  ( 0.0000000000000000000, 0.0000000000000000000, -1.000000000000000000 ) ) ;
#93 = FACE_BOUND ( 'NONE', #155, .T. ) ;
#94 = CARTESIAN_POINT ( 'NONE',  ( -3.100000000000000533, -4.629179606750062348, 1.899999999999999245 ) ) ;
#95 = ORIENTED_EDGE ( 'NONE', *, *, #2201, .T. ) ;
#96 = PLANE ( 'NONE',  #1833 ) ;
#97 = ORIENTED_EDGE ( 'NONE', *, *, #1529, .F. ) ;
#98 = VERTEX_POINT ( 'NONE', #2627 ) ;
#99 = AXIS2_PLACEMENT_3D ( 'NONE', #1422, #717, #1531 ) ;
#100 = AXIS2_PLACEMENT_3D ( 'NONE', #1369, #378, #1889 ) ;
#101 = AXIS2_PLACEMENT_3D ( 'NONE', #3504, #2768, #852 ) ;
#102 = PLANE ( 'NONE',  #1502 ) ;
#103 = ORIENTED_EDGE ( 'NONE', *, *, #557, .T. ) ;
#104 = ORIENTED_EDGE ( 'NONE', *, *, #428, .F. ) ;
#105 = DIRECTION ( 'NONE',  ( 0.0000000000000000000, 0.0000000000000000000, -1.000000000000000000 ) ) ;
#106 = DIRECTION ( 'NONE',  ( 1.734723475976806601E-16, 0.0000000000000000000, -1.000000000000000000 ) ) ;
#107 = ORIENTED_EDGE ( 'NONE', *, *, #1990, .F. ) ;
#108 = ORIENTED_EDGE ( 'NONE', *, *, #1922, .T. ) ;
#109 = ADVANCED_FACE ( 'NONE', ( #2825 ), #750, .F. ) ;
#110 = DIRECTION ( 'NONE',  ( 1.000000000000000000, 0.0000000000000000000, 0.0000000000000000000 ) ) ;
#111 = EDGE_LOOP ( 'NONE', ( #3310, #2724, #2509, #2353, #1249, #387, #999, #2455, #2046, #730, #69, #2163, #2778, #715 ) ) ;
#112 = VECTOR ( 'NONE', #944, 1000.000000000000000 ) ;
#113 = CARTESIAN_POINT ( 'NONE',  ( 2.762448996987585392, 2.299999999999999822, -3.000000000000000000 ) ) ;
#114 = PLANE ( 'NONE',  #2236 ) ;
#115 = ORIENTED_EDGE ( 'NONE', *, *, #671, .F. ) ;
#116 = VECTOR ( 'NONE', #1996, 1000.000000000000000 ) ;
#117 = VECTOR ( 'NONE', #1627, 1000.000000000000227 ) ;
#118 = ORIENTED_EDGE ( 'NONE', *, *, #446, .T. ) ;
#119 = DIRECTION ( 'NONE',  ( 0.0000000000000000000, 0.0000000000000000000, -1.000000000000000000 ) ) ;
#120 = VECTOR ( 'NONE', #1821, 1000.000000000000000 ) ;
#121 = VERTEX_POINT ( 'NONE', #3020 ) ;
#122 = VECTOR ( 'NONE', #1938, 1000.000000000000227 ) ;
#123 = EDGE_CURVE ( 'NONE', #2164, #2620, #1317, .T. ) ;
#124 = ORIENTED_EDGE ( 'NONE', *, *, #780, .F. ) ;
#125 = CARTESIAN_POINT ( 'NONE',  ( 3.400000000000000355, -0.8000000000000001554, -1.900000000000000133 ) ) ;
#126 = CARTESIAN_POINT ( 'NONE',  ( -3.614589803375032329, -3.600000000000000089, 2.599999999999999645 ) ) ;
#127 = DIRECTION ( 'NONE',  ( -0.0000000000000000000, -0.0000000000000000000, 1.000000000000000000 ) ) ;
#128 = EDGE_CURVE ( 'NONE', #1671, #2751, #312, .T. ) ;
#129 = EDGE_LOOP ( 'NONE', ( #2702, #249 ) ) ;
#130 = LINE ( 'NONE', #393, #120 ) ;
#131 = LINE ( 'NONE', #2094, #2180 ) ;
#132 = LINE ( 'NONE', #744, #1764 ) ;
#133 = ORIENTED_EDGE ( 'NONE', *, *, #1939, .T. ) ;
#134 = VECTOR ( 'NONE', #3151, 1000.000000000000000 ) ;
#135 = VECTOR ( 'NONE', #1396, 1000.000000000000000 ) ;
#136 = EDGE_CURVE ( 'NONE', #1547, #492, #3131, .T. ) ;
#137 = DIRECTION ( 'NONE',  ( 2.585973076299239643E-15, -1.000000000000000000, 0.0000000000000000000 ) ) ;
#138 = CARTESIAN_POINT ( 'NONE',  ( -2.762448996987585392, 1.899999999999999689, 2.942074622328000988 ) ) ;
#139 = VECTOR ( 'NONE', #3107, 1000.000000000000000 ) ;
#140 = FACE_OUTER_BOUND ( 'NONE', #994, .T. ) ;
#141 = CARTESIAN_POINT ( 'NONE',  ( 3.399999999999999467, -5.299999999999999822, -2.600000000000000533 ) ) ;
#142 = PLANE ( 'NONE',  #3177 ) ;
#143 = DIRECTION ( 'NONE',  ( 0.0000000000000000000, 1.000000000000000000, 0.0000000000000000000 ) ) ;
#144 = EDGE_CURVE ( 'NONE', #2089, #98, #2560, .T. ) ;
#145 = VECTOR ( 'NONE', #2423, 1000.000000000000000 ) ;
#146 = VECTOR ( 'NONE', #3287, 1000.000000000000000 ) ;
#147 = AXIS2_PLACEMENT_3D ( 'NONE', #992, #3356, #2631 ) ;
#148 = VERTEX_POINT ( 'NONE', #1855 ) ;
#149 = EDGE_LOOP ( 'NONE', ( #2655, #2172, #2658, #726, #3129, #703 ) ) ;
#150 = AXIS2_PLACEMENT_3D ( 'NONE', #2862, #2860, #2858 ) ;
#151 = LINE ( 'NONE', #2523, #1912 ) ;
#152 = LINE ( 'NONE', #2647, #1952 ) ;
#153 = CARTESIAN_POINT ( 'NONE',  ( -2.637551003012414519, 2.016867263637973196, -2.486560671753288876 ) ) ;
#154 = DIRECTION ( 'NONE',  ( 1.734723475976806601E-16, -0.0000000000000000000, 1.000000000000000000 ) ) ;
#155 = EDGE_LOOP ( 'NONE', ( #2130, #1434 ) ) ;
#156 = DIRECTION ( 'NONE',  ( 0.0000000000000000000, 0.0000000000000000000, -1.000000000000000000 ) ) ;
#157 = CARTESIAN_POINT ( 'NONE',  ( -3.100000000000000977, -0.8000000000000001554, 1.899999999999999245 ) ) ;
#158 = EDGE_CURVE ( 'NONE', #2221, #1431, #19, .T. ) ;
#159 = VECTOR ( 'NONE', #597, 1000.000000000000227 ) ;
#160 = EDGE_CURVE ( 'NONE', #2103, #807, #2668, .T. ) ;
#161 = CARTESIAN_POINT ( 'NONE',  ( 2.762448996987585392, 1.899999999999999689, 2.457925377671996703 ) ) ;
#162 = ORIENTED_EDGE ( 'NONE', *, *, #3158, .F. ) ;
#163 = FACE_OUTER_BOUND ( 'NONE', #291, .T. ) ;
#164 = LINE ( 'NONE', #365, #3288 ) ;
#165 = ORIENTED_EDGE ( 'NONE', *, *, #2286, .T. ) ;
#166 = DIRECTION ( 'NONE',  ( 1.000000000000000000, 0.0000000000000000000, 1.734723475976806601E-16 ) ) ;
#167 = ORIENTED_EDGE ( 'NONE', *, *, #2518, .T. ) ;
#168 = ORIENTED_EDGE ( 'NONE', *, *, #2505, .T. ) ;
#169 = DIRECTION ( 'NONE',  ( -0.0000000000000000000, -1.000000000000000000, -0.0000000000000000000 ) ) ;
#170 = ORIENTED_EDGE ( 'NONE', *, *, #1879, .T. ) ;
#171 = VECTOR ( 'NONE', #3381, 1000.000000000000000 ) ;
#172 = B_SPLINE_CURVE_WITH_KNOTS ( 'NONE', 3,
 ( #1280, #782, #2738, #245, #1067, #385, #2305, #2720, #2040, #261, #2142, #318, #2239, #36 ),
 .UNSPECIFIED., .F., .F.,
 ( 4, 2, 2, 2, 2, 2, 4 ),
 ( 0.001067800603929041584, 0.001245752549194013544, 0.001334728521826498981, 0.001423704494458984636, 0.001512680467091470074, 0.001601656439723955511, 0.001779608384988927254 ),
 .UNSPECIFIED. ) ;
#173 = CARTESIAN_POINT ( 'NONE',  ( -2.700000000000000178, 2.100000000000000089, -2.449999999999998401 ) ) ;
#174 = ORIENTED_EDGE ( 'NONE', *, *, #2362, .T. ) ;
#175 = ADVANCED_FACE ( 'NONE', ( #756 ), #1446, .T. ) ;
#176 = LINE ( 'NONE', #173, #3142 ) ;
#177 = VERTEX_POINT ( 'NONE', #2703 ) ;
#178 = DIRECTION ( 'NONE',  ( 0.0000000000000000000, 0.0000000000000000000, -1.000000000000000000 ) ) ;
#179 = ORIENTED_EDGE ( 'NONE', *, *, #1558, .T. ) ;
#180 = ORIENTED_EDGE ( 'NONE', *, *, #1972, .F. ) ;
#181 = EDGE_CURVE ( 'NONE', #832, #2320, #2369, .T. ) ;
#182 = ORIENTED_EDGE ( 'NONE', *, *, #2741, .F. ) ;
#183 = DIRECTION ( 'NONE',  ( -1.734723475976806601E-16, 0.0000000000000000000, -1.000000000000000000 ) ) ;
#184 = CARTESIAN_POINT ( 'NONE',  ( -2.700000000000000178, 1.800000000000000044, -2.999999999999998668 ) ) ;
#185 = ORIENTED_EDGE ( 'NONE', *, *, #1594, .F. ) ;
#186 = CARTESIAN_POINT ( 'NONE',  ( -3.400000000000000355, -4.699999999999997513, 1.899999999999999245 ) ) ;
#187 = DIRECTION ( 'NONE',  ( -0.0000000000000000000, -1.000000000000000000, -0.0000000000000000000 ) ) ;
#188 = CARTESIAN_POINT ( 'NONE',  ( -2.637551003012414963, 2.071748216696299938, 2.556509393195813828 ) ) ;
#189 = CARTESIAN_POINT ( 'NONE',  ( -3.099999999999998757, -5.299999999999999822, 2.387316227335407604 ) ) ;
#190 = ORIENTED_EDGE ( 'NONE', *, *, #136, .T. ) ;
#191 = DIRECTION ( 'NONE',  ( 0.8944271909999147452, 0.4472135954999602037, -1.551583845779543480E-16 ) ) ;
#192 = CARTESIAN_POINT ( 'NONE',  ( 3.099999999999999645, -4.629179606750061460, -2.600000000000000533 ) ) ;
#193 = ADVANCED_FACE ( 'NONE', ( #2645 ), #2796, .F. ) ;
#194 = FACE_OUTER_BOUND ( 'NONE', #2338, .T. ) ;
#195 = ORIENTED_EDGE ( 'NONE', *, *, #2507, .F. ) ;
#196 = APPROVAL ( #2580, 'UNSPECIFIED' ) ;
#197 = LINE ( 'NONE', #2146, #1723 ) ;
#198 = ORIENTED_EDGE ( 'NONE', *, *, #1257, .F. ) ;
#199 = AXIS2_PLACEMENT_3D ( 'NONE', #2954, #2950, #2946 ) ;
#200 = EDGE_LOOP ( 'NONE', ( #403, #1575 ) ) ;
#201 = EDGE_CURVE ( 'NONE', #1911, #2150, #1297, .T. ) ;
#202 = DIRECTION ( 'NONE',  ( -0.0000000000000000000, -0.0000000000000000000, 1.000000000000000000 ) ) ;
#203 = ORIENTED_EDGE ( 'NONE', *, *, #2088, .T. ) ;
#204 = ORIENTED_EDGE ( 'NONE', *, *, #1192, .F. ) ;
#205 = CARTESIAN_POINT ( 'NONE',  ( -2.700000000000000178, 1.800000000000000044, -2.949999999999999289 ) ) ;
#206 = AXIS2_PLACEMENT_3D ( 'NONE', #3343, #2648, #1199 ) ;
#207 = PLANE ( 'NONE',  #1580 ) ;
#208 = ADVANCED_FACE ( 'NONE', ( #1546 ), #3275, .T. ) ;
#209 = EDGE_CURVE ( 'NONE', #1343, #1012, #1314, .T. ) ;
#210 = CARTESIAN_POINT ( 'NONE',  ( 3.099999999999999645, -4.899999999999996803, -1.900000000000000133 ) ) ;
#211 = CARTESIAN_POINT ( 'NONE',  ( 3.000000000000000000, -0.7000000000000000666, 2.600000000000000533 ) ) ;
#212 = CARTESIAN_POINT ( 'NONE',  ( -2.762448996987585392, 1.899999999999999689, -2.942074622328000988 ) ) ;
#213 = CARTESIAN_POINT ( 'NONE',  ( 3.399999999999999467, -5.299999999999999822, -2.387316227335408492 ) ) ;
#214 = DIRECTION ( 'NONE',  ( 1.040834085586081417E-14, 0.0000000000000000000, -1.000000000000000000 ) ) ;
#215 = CARTESIAN_POINT ( 'NONE',  ( -2.637551003012415407, 2.084614063715128029, -2.815973762434186511 ) ) ;
#216 = ORIENTED_EDGE ( 'NONE', *, *, #3249, .T. ) ;
#217 = EDGE_CURVE ( 'NONE', #392, #2129, #921, .T. ) ;
#218 = DIRECTION ( 'NONE',  ( 1.000000000000000000, 0.0000000000000000000, -1.734723475976806601E-16 ) ) ;
#219 = ADVANCED_FACE ( 'NONE', ( #793 ), #757, .F. ) ;
#220 = CIRCLE ( 'NONE', #2876, 0.2500000000000006661 ) ;
#221 = DIRECTION ( 'NONE',  ( 0.0000000000000000000, -1.000000000000000000, -0.0000000000000000000 ) ) ;
#222 = LINE ( 'NONE', #412, #1695 ) ;
#223 = VERTEX_POINT ( 'NONE', #189 ) ;
#224 = DIRECTION ( 'NONE',  ( -0.0000000000000000000, 1.000000000000000000, -0.0000000000000000000 ) ) ;
#225 = PLANE ( 'NONE',  #101 ) ;
#226 = CARTESIAN_POINT ( 'NONE',  ( -2.700000000000000178, 1.899999999999999689, 2.699999999999998845 ) ) ;
#227 = VECTOR ( 'NONE', #2190, 1000.000000000000000 ) ;
#228 = ORIENTED_EDGE ( 'NONE', *, *, #3463, .T. ) ;
#229 = EDGE_CURVE ( 'NONE', #2679, #2899, #1819, .T. ) ;
#230 = EDGE_CURVE ( 'NONE', #31, #1867, #1030, .T. ) ;
#231 = ORIENTED_EDGE ( 'NONE', *, *, #343, .T. ) ;
#232 = CIRCLE ( 'NONE', #1001, 0.4000000000000001887 ) ;
#233 = ORIENTED_EDGE ( 'NONE', *, *, #56, .F. ) ;
#234 = VECTOR ( 'NONE', #2413, 1000.000000000000000 ) ;
#235 = TOROIDAL_SURFACE ( 'NONE', #2760, 0.05000000000000042605, 0.2000000000000000111 ) ;
#236 = EDGE_CURVE ( 'NONE', #2775, #2439, #152, .T. ) ;
#237 = EDGE_LOOP ( 'NONE', ( #2574, #3335, #2983, #861 ) ) ;
#238 = EDGE_CURVE ( 'NONE', #585, #1605, #1142, .T. ) ;
#239 = ORIENTED_EDGE ( 'NONE', *, *, #3217, .T. ) ;
#240 = LINE ( 'NONE', #1236, #465 ) ;
#241 = VECTOR ( 'NONE', #2391, 1000.000000000000000 ) ;
#242 = DIRECTION ( 'NONE',  ( 4.898078547630451731E-16, -1.000000000000000000, 0.0000000000000000000 ) ) ;
#243 = EDGE_CURVE ( 'NONE', #1085, #2108, #795, .T. ) ;
#244 = ADVANCED_FACE ( 'NONE', ( #1924 ), #2287, .F. ) ;
#245 = CARTESIAN_POINT ( 'NONE',  ( 2.637551003012415407, 2.071240716755016642, -2.844378403146488488 ) ) ;
#246 = LINE ( 'NONE', #157, #2833 ) ;
#247 = AXIS2_PLACEMENT_3D ( 'NONE', #1053, #925, #2955 ) ;
#248 = CARTESIAN_POINT ( 'NONE',  ( -2.699999999999998845, 1.800000000000000044, 3.000000000000000000 ) ) ;
#249 = ORIENTED_EDGE ( 'NONE', *, *, #857, .F. ) ;
#250 = CARTESIAN_POINT ( 'NONE',  ( 3.000000000000000000, -0.8000000000000001554, 1.900000000000000133 ) ) ;
#251 = ORIENTED_EDGE ( 'NONE', *, *, #1594, .T. ) ;
#252 = ORIENTED_EDGE ( 'NONE', *, *, #871, .T. ) ;
#253 = VECTOR ( 'NONE', #2036, 1000.000000000000000 ) ;
#254 = EDGE_CURVE ( 'NONE', #3411, #467, #2874, .T. ) ;
#255 = LINE ( 'NONE', #2255, #1160 ) ;
#256 = DIRECTION ( 'NONE',  ( -0.0000000000000000000, -1.000000000000000000, -0.0000000000000000000 ) ) ;
#257 = VERTEX_POINT ( 'NONE', #2553 ) ;
#258 = CARTESIAN_POINT ( 'NONE',  ( 3.100000000000000533, -0.8000000000000001554, 1.900000000000000133 ) ) ;
#259 = ORIENTED_EDGE ( 'NONE', *, *, #2868, .T. ) ;
#260 = VERTEX_POINT ( 'NONE', #1674 ) ;
#261 = CARTESIAN_POINT ( 'NONE',  ( 2.637551003012415407, 2.084614063715128029, -2.584026237565812512 ) ) ;
#262 = LINE ( 'NONE', #1027, #1400 ) ;
#263 = B_SPLINE_CURVE_WITH_KNOTS ( 'NONE', 3,
 ( #1808, #3274, #2325, #596, #781, #767, #1633, #1595, #1232, #816, #1648, #1602, #1598, #2927 ),
 .UNSPECIFIED., .F., .F.,
 ( 4, 2, 2, 2, 2, 2, 4 ),
 ( 0.001067800603929041584, 0.001245752549194013544, 0.001334728521826498981, 0.001423704494458984636, 0.001512680467091470074, 0.001601656439723955511, 0.001779608384988927254 ),
 .UNSPECIFIED. ) ;
#264 = EDGE_CURVE ( 'NONE', #2403, #1135, #1511, .T. ) ;
#265 = VECTOR ( 'NONE', #1523, 1000.000000000000000 ) ;
#266 = DIRECTION ( 'NONE',  ( -0.0000000000000000000, -1.000000000000000000, -0.0000000000000000000 ) ) ;
#267 = ORIENTED_EDGE ( 'NONE', *, *, #1957, .T. ) ;
#268 = VECTOR ( 'NONE', #1935, 1000.000000000000000 ) ;
#269 = EDGE_CURVE ( 'NONE', #3408, #1167, #2157, .T. ) ;
#270 = DIRECTION ( 'NONE',  ( -1.000000000000000000, -4.898078547630451731E-16, 1.734723475976806601E-16 ) ) ;
#271 = ORIENTED_EDGE ( 'NONE', *, *, #803, .T. ) ;
#272 = CARTESIAN_POINT ( 'NONE',  ( -2.762448996987585392, 2.071748216696299938, 2.843490606804184306 ) ) ;
#273 = DIRECTION ( 'NONE',  ( 1.000000000000000000, 1.355252715606878570E-16, -0.0000000000000000000 ) ) ;
#274 = ORIENTED_EDGE ( 'NONE', *, *, #2970, .T. ) ;
#275 = CARTESIAN_POINT ( 'NONE',  ( 3.000000000000000000, -0.3999999999999999667, -1.900000000000000133 ) ) ;
#276 = EDGE_CURVE ( 'NONE', #1867, #2602, #1726, .T. ) ;
#277 = ORIENTED_EDGE ( 'NONE', *, *, #3481, .F. ) ;
#278 = LINE ( 'NONE', #275, #3253 ) ;
#279 = DIRECTION ( 'NONE',  ( -0.4472135954999584273, -0.8944271909999156334, 0.0000000000000000000 ) ) ;
#280 = DIRECTION ( 'NONE',  ( -0.4472135954999582053, 0.8944271909999156334, -0.0000000000000000000 ) ) ;
#281 = ORIENTED_EDGE ( 'NONE', *, *, #2086, .F. ) ;
#282 = ORIENTED_EDGE ( 'NONE', *, *, #2198, .F. ) ;
#283 = DIRECTION ( 'NONE',  ( 0.0000000000000000000, 0.0000000000000000000, -1.000000000000000000 ) ) ;
#284 = EDGE_CURVE ( 'NONE', #3028, #2395, #450, .T. ) ;
#285 = DIRECTION ( 'NONE',  ( 0.0000000000000000000, 0.0000000000000000000, 1.000000000000000000 ) ) ;
#286 = DIRECTION ( 'NONE',  ( 1.734723475976806601E-16, 0.0000000000000000000, 1.000000000000000000 ) ) ;
#287 = ORIENTED_EDGE ( 'NONE', *, *, #1076, .T. ) ;
#288 = ORIENTED_EDGE ( 'NONE', *, *, #1549, .F. ) ;
#289 = DIRECTION ( 'NONE',  ( -1.000000000000000000, 0.0000000000000000000, 1.734723475976806601E-16 ) ) ;
#290 = ADVANCED_FACE ( 'NONE', ( #3067 ), #303, .T. ) ;
#291 = EDGE_LOOP ( 'NONE', ( #330, #841 ) ) ;
#292 = ORIENTED_EDGE ( 'NONE', *, *, #872, .T. ) ;
#293 = VECTOR ( 'NONE', #1888, 1000.000000000000000 ) ;
#294 = EDGE_CURVE ( 'NONE', #2535, #2150, #2092, .T. ) ;
#295 = CARTESIAN_POINT ( 'NONE',  ( 3.399999999999999467, -4.699999999999997513, -2.600000000000000533 ) ) ;
#296 = PLANE ( 'NONE',  #2443 ) ;
#297 = PLANE ( 'NONE',  #2522 ) ;
#298 = ORIENTED_EDGE ( 'NONE', *, *, #956, .F. ) ;
#299 = ADVANCED_FACE ( 'NONE', ( #1309 ), #2056, .F. ) ;
#300 = ORIENTED_EDGE ( 'NONE', *, *, #3497, .T. ) ;
#301 = CARTESIAN_POINT ( 'NONE',  ( -2.637551003012414963, 2.084135548892076084, 2.817171406940486733 ) ) ;
#302 = EDGE_CURVE ( 'NONE', #844, #802, #3200, .T. ) ;
#303 = PLANE ( 'NONE',  #2205 ) ;
#304 = CARTESIAN_POINT ( 'NONE',  ( 3.400000000000000355, -0.8000000000000001554, -1.900000000000000133 ) ) ;
#305 = ORIENTED_EDGE ( 'NONE', *, *, #3217, .F. ) ;
#306 = CIRCLE ( 'NONE', #2594, 1.750000000000000000 ) ;
#307 = ORIENTED_EDGE ( 'NONE', *, *, #3120, .F. ) ;
#308 = LINE ( 'NONE', #1469, #3188 ) ;
#309 = ORIENTED_EDGE ( 'NONE', *, *, #2060, .F. ) ;
#310 = EDGE_CURVE ( 'NONE', #3125, #3028, #982, .T. ) ;
#311 = ADVANCED_FACE ( 'NONE', ( #445 ), #873, .T. ) ;
#312 = LINE ( 'NONE', #1336, #3051 ) ;
#313 = EDGE_CURVE ( 'NONE', #802, #844, #1, .T. ) ;
#314 = CARTESIAN_POINT ( 'NONE',  ( 3.949999999999999734, -3.600000000000000089, 2.600000000000000533 ) ) ;
#315 = VERTEX_POINT ( 'NONE', #2524 ) ;
#316 = ORIENTED_EDGE ( 'NONE', *, *, #1629, .T. ) ;
#317 = CYLINDRICAL_SURFACE ( 'NONE', #1904, 0.1000000000000002554 ) ;
#318 = CARTESIAN_POINT ( 'NONE',  ( 2.637551003012414963, 2.017711508143452459, -2.487158848354050100 ) ) ;
#319 = CARTESIAN_POINT ( 'NONE',  ( 0.0000000000000000000, 2.699999999999999734, 0.0000000000000000000 ) ) ;
#320 = LINE ( 'NONE', #1133, #1141 ) ;
#321 = VECTOR ( 'NONE', #2989, 1000.000000000000114 ) ;
#322 = DIRECTION ( 'NONE',  ( -0.0000000000000000000, -1.000000000000000000, -0.0000000000000000000 ) ) ;
#323 = CARTESIAN_POINT ( 'NONE',  ( -2.762448996987586280, 2.099640145485882847, 2.728544927481353799 ) ) ;
#324 = ORIENTED_EDGE ( 'NONE', *, *, #1817, .F. ) ;
#325 = DIRECTION ( 'NONE',  ( -0.0000000000000000000, 1.000000000000000000, -0.0000000000000000000 ) ) ;
#326 = VECTOR ( 'NONE', #519, 1000.000000000000000 ) ;
#327 = DIRECTION ( 'NONE',  ( 2.710505431213757141E-16, 1.000000000000000000, 4.701977403289141821E-32 ) ) ;
#328 = VERTEX_POINT ( 'NONE', #3470 ) ;
#329 = AXIS2_PLACEMENT_3D ( 'NONE', #1310, #2367, #1205 ) ;
#330 = ORIENTED_EDGE ( 'NONE', *, *, #2928, .T. ) ;
#331 = FACE_OUTER_BOUND ( 'NONE', #2424, .T. ) ;
#332 = ORIENTED_EDGE ( 'NONE', *, *, #1357, .F. ) ;
#333 = LINE ( 'NONE', #415, #1090 ) ;
#334 = AXIS2_PLACEMENT_3D ( 'NONE', #1846, #3130, #1774 ) ;
#335 = CARTESIAN_POINT ( 'NONE',  ( -2.637551003012414963, 2.084135548892076084, -2.582828593059510958 ) ) ;
#336 = VECTOR ( 'NONE', #2599, 1000.000000000000114 ) ;
#337 = CARTESIAN_POINT ( 'NONE',  ( 2.637551003012414963, 1.899999999999999689, 2.942074622328000988 ) ) ;
#338 = ORIENTED_EDGE ( 'NONE', *, *, #2253, .T. ) ;
#339 = TOROIDAL_SURFACE ( 'NONE', #63, 0.05000000000000042605, 0.2000000000000000111 ) ;
#340 = VECTOR ( 'NONE', #1864, 1000.000000000000000 ) ;
#341 = CARTESIAN_POINT ( 'NONE',  ( -3.000000000000000000, -1.800000000000000044, -2.699999999999998845 ) ) ;
#342 = EDGE_CURVE ( 'NONE', #2671, #1600, #965, .T. ) ;
#343 = EDGE_CURVE ( 'NONE', #1684, #1969, #419, .T. ) ;
#344 = CARTESIAN_POINT ( 'NONE',  ( -3.100000000000000533, -4.629179606750062348, 2.599999999999999645 ) ) ;
#345 = EDGE_LOOP ( 'NONE', ( #591, #738, #3302, #1402, #1581, #2213, #2125, #3225, #2824, #2588, #2006, #1976, #912, #2964 ) ) ;
#346 = CARTESIAN_POINT ( 'NONE',  ( -2.637551003012414963, 1.899999999999999689, 2.457925377671996703 ) ) ;
#347 = ADVANCED_FACE ( 'NONE', ( #2453 ), #2118, .F. ) ;
#348 = ADVANCED_FACE ( 'NONE', ( #3449 ), #2093, .F. ) ;
#349 = EDGE_LOOP ( 'NONE', ( #2228, #1245 ) ) ;
#350 = AXIS2_PLACEMENT_3D ( 'NONE', #1337, #1342, #3095 ) ;
#351 = CARTESIAN_POINT ( 'NONE',  ( -3.000000000000000888, -0.8000000000000001554, 2.599999999999999645 ) ) ;
#352 = CARTESIAN_POINT ( 'NONE',  ( 1.530808498934191571E-16, 2.699999999999999734, -1.250000000000000000 ) ) ;
#353 = CARTESIAN_POINT ( 'NONE',  ( 2.599999999999999645, -0.4000000000000000222, 2.600000000000000533 ) ) ;
#354 = EDGE_LOOP ( 'NONE', ( #984, #2476 ) ) ;
#355 = AXIS2_PLACEMENT_3D ( 'NONE', #2892, #266, #498 ) ;
#356 = AXIS2_PLACEMENT_3D ( 'NONE', #1798, #2790, #3213 ) ;
#357 = EDGE_LOOP ( 'NONE', ( #370, #838, #2231, #1530, #1246, #2897, #1384, #2069, #3212, #827, #866, #759, #918, #541 ) ) ;
#358 = CIRCLE ( 'NONE', #3427, 0.2500000000000006661 ) ;
#359 = VERTEX_POINT ( 'NONE', #52 ) ;
#360 = CIRCLE ( 'NONE', #438, 0.2999999999999999334 ) ;
#361 = LINE ( 'NONE', #2995, #1673 ) ;
#362 = AXIS2_PLACEMENT_3D ( 'NONE', #932, #2315, #1134 ) ;
#363 = AXIS2_PLACEMENT_3D ( 'NONE', #1452, #1428, #2466 ) ;
#364 = DIRECTION ( 'NONE',  ( 2.585973076299239643E-15, -1.000000000000000000, 0.0000000000000000000 ) ) ;
#365 = CARTESIAN_POINT ( 'NONE',  ( 3.399999999999999467, -4.699999999999997513, -1.900000000000000133 ) ) ;
#366 = CARTESIAN_POINT ( 'NONE',  ( -3.100000000000000533, -4.629179606750062348, -1.899999999999999245 ) ) ;
#367 = EDGE_CURVE ( 'NONE', #2245, #3508, #3414, .T. ) ;
#368 = ADVANCED_FACE ( 'NONE', ( #2730 ), #397, .F. ) ;
#369 = AXIS2_PLACEMENT_3D ( 'NONE', #1450, #1455, #1461 ) ;
#370 = ORIENTED_EDGE ( 'NONE', *, *, #1694, .T. ) ;
#371 = ORIENTED_EDGE ( 'NONE', *, *, #2278, .T. ) ;
#372 = DIRECTION ( 'NONE',  ( -1.734723475976806601E-16, -0.0000000000000000000, 1.000000000000000000 ) ) ;
#373 = LINE ( 'NONE', #366, #2789 ) ;
#374 = DIRECTION ( 'NONE',  ( 0.0000000000000000000, 1.000000000000000000, -0.0000000000000000000 ) ) ;
#375 = CARTESIAN_POINT ( 'NONE',  ( 2.637551003012415407, 2.099640145485882847, 2.728544927481353799 ) ) ;
#376 = EDGE_CURVE ( 'NONE', #1620, #1971, #306, .T. ) ;
#377 = EDGE_LOOP ( 'NONE', ( #49, #3191, #2, #1893, #939, #97 ) ) ;
#378 = DIRECTION ( 'NONE',  ( 0.0000000000000000000, 1.000000000000000000, 0.0000000000000000000 ) ) ;
#379 = CARTESIAN_POINT ( 'NONE',  ( -3.950000000000002842, -3.599999999999999201, -2.599999999999999201 ) ) ;
#380 = ORIENTED_EDGE ( 'NONE', *, *, #2918, .T. ) ;
#381 = FACE_OUTER_BOUND ( 'NONE', #604, .T. ) ;
#382 = DIRECTION ( 'NONE',  ( 1.000000000000000000, 0.0000000000000000000, 0.0000000000000000000 ) ) ;
#383 = CARTESIAN_POINT ( 'NONE',  ( -3.400000000000000355, -5.299999999999999822, 2.112683772664591508 ) ) ;
#384 = CARTESIAN_POINT ( 'NONE',  ( -2.637551003012414519, 1.959519484286046831, -2.942074622328000100 ) ) ;
#385 = CARTESIAN_POINT ( 'NONE',  ( 2.637551003012414963, 2.098361312338044904, -2.760318743618223269 ) ) ;
#386 = CIRCLE ( 'NONE', #731, 0.2500000000000006661 ) ;
#387 = ORIENTED_EDGE ( 'NONE', *, *, #2095, .F. ) ;
#388 = ORIENTED_EDGE ( 'NONE', *, *, #3256, .F. ) ;
#389 = DIRECTION ( 'NONE',  ( 0.4472135954999580387, -0.8944271909999157444, -3.526326922226240134E-16 ) ) ;
#390 = AXIS2_PLACEMENT_3D ( 'NONE', #2459, #1145, #1953 ) ;
#391 = VECTOR ( 'NONE', #3144, 1000.000000000000000 ) ;
#392 = VERTEX_POINT ( 'NONE', #634 ) ;
#393 = CARTESIAN_POINT ( 'NONE',  ( 3.099999999999999645, -5.299999999999999822, -2.112683772664592396 ) ) ;
#394 = CARTESIAN_POINT ( 'NONE',  ( 3.399999999999999467, -2.500000000000000000, -1.900000000000000133 ) ) ;
#395 = PLANE ( 'NONE',  #3318 ) ;
#396 = VECTOR ( 'NONE', #1210, 1000.000000000000000 ) ;
#397 = PLANE ( 'NONE',  #1019 ) ;
#398 = CARTESIAN_POINT ( 'NONE',  ( 3.099999999999999645, -2.570820393249936497, 2.600000000000000533 ) ) ;
#399 = VECTOR ( 'NONE', #3159, 1000.000000000000000 ) ;
#400 = ORIENTED_EDGE ( 'NONE', *, *, #158, .T. ) ;
#401 = DIRECTION ( 'NONE',  ( 0.0000000000000000000, 0.0000000000000000000, -1.000000000000000000 ) ) ;
#402 = LINE ( 'NONE', #394, #2881 ) ;
#403 = ORIENTED_EDGE ( 'NONE', *, *, #2135, .F. ) ;
#404 = EDGE_CURVE ( 'NONE', #2626, #2912, #2297, .T. ) ;
#405 = EDGE_CURVE ( 'NONE', #1065, #497, #2263, .T. ) ;
#406 = VECTOR ( 'NONE', #1050, 1000.000000000000000 ) ;
#407 = DIRECTION ( 'NONE',  ( 1.000000000000000000, -1.355252715606878570E-16, 0.0000000000000000000 ) ) ;
#408 = CARTESIAN_POINT ( 'NONE',  ( -2.700000000000000178, 1.899999999999999689, -2.699999999999998845 ) ) ;
#409 = EDGE_CURVE ( 'NONE', #17, #2751, #512, .T. ) ;
#410 = AXIS2_PLACEMENT_3D ( 'NONE', #3509, #876, #3082 ) ;
#411 = AXIS2_PLACEMENT_3D ( 'NONE', #963, #2404, #92 ) ;
#412 = CARTESIAN_POINT ( 'NONE',  ( 3.000000000000000000, -0.7000000000000000666, 1.900000000000000133 ) ) ;
#413 = DIRECTION ( 'NONE',  ( -1.355252715606878570E-16, -1.000000000000000000, 2.350988701644570911E-32 ) ) ;
#414 = DIRECTION ( 'NONE',  ( 1.224646799147353454E-16, 0.0000000000000000000, -1.000000000000000000 ) ) ;
#415 = CARTESIAN_POINT ( 'NONE',  ( -3.099999999999998757, -5.299999999999999822, 2.387316227335407604 ) ) ;
#416 = VERTEX_POINT ( 'NONE', #1017 ) ;
#417 = ADVANCED_FACE ( 'NONE', ( #3108 ), #2313, .F. ) ;
#418 = DIRECTION ( 'NONE',  ( 0.0000000000000000000, -1.000000000000000000, 0.0000000000000000000 ) ) ;
#419 = CIRCLE ( 'NONE', #1540, 0.2500000000000006661 ) ;
#420 = CARTESIAN_POINT ( 'NONE',  ( 3.099999999999999645, -5.299999999999999822, -2.112683772664592396 ) ) ;
#421 = CARTESIAN_POINT ( 'NONE',  ( -3.000000000000000888, -0.3999999999999999667, -2.599999999999999645 ) ) ;
#422 = DIRECTION ( 'NONE',  ( -1.000000000000000000, 0.0000000000000000000, 1.734723475976806601E-16 ) ) ;
#423 = LINE ( 'NONE', #1662, #2911 ) ;
#424 = PLANE ( 'NONE',  #611 ) ;
#425 = DIRECTION ( 'NONE',  ( 1.000000000000000000, -1.355252715606878570E-16, 0.0000000000000000000 ) ) ;
#426 = ORIENTED_EDGE ( 'NONE', *, *, #2253, .F. ) ;
#427 = FACE_OUTER_BOUND ( 'NONE', #1062, .T. ) ;
#428 = EDGE_CURVE ( 'NONE', #1532, #2189, #881, .T. ) ;
#429 = ORIENTED_EDGE ( 'NONE', *, *, #2678, .F. ) ;
#430 = EDGE_LOOP ( 'NONE', ( #1537, #1562, #1995, #2329 ) ) ;
#431 = AXIS2_PLACEMENT_3D ( 'NONE', #1478, #1333, #3176 ) ;
#432 = AXIS2_PLACEMENT_3D ( 'NONE', #1788, #2533, #679 ) ;
#433 = EDGE_CURVE ( 'NONE', #1605, #464, #151, .T. ) ;
#434 = ORIENTED_EDGE ( 'NONE', *, *, #996, .F. ) ;
#435 = AXIS2_PLACEMENT_3D ( 'NONE', #1190, #448, #2229 ) ;
#436 = CARTESIAN_POINT ( 'NONE',  ( 3.000000000000000000, -0.3999999999999999667, 1.900000000000000133 ) ) ;
#437 = DIRECTION ( 'NONE',  ( -0.4472135954999588159, -0.8944271909999154113, 3.526326922226245558E-16 ) ) ;
#438 = AXIS2_PLACEMENT_3D ( 'NONE', #1604, #1824, #916 ) ;
#439 = DIRECTION ( 'NONE',  ( 1.000000000000000000, -4.898078547630453703E-16, -1.734723475976806601E-16 ) ) ;
#440 = ADVANCED_FACE ( 'NONE', ( #2765 ), #1707, .T. ) ;
#441 = EDGE_CURVE ( 'NONE', #1991, #2066, #1554, .T. ) ;
#442 = ORIENTED_EDGE ( 'NONE', *, *, #238, .T. ) ;
#443 = VECTOR ( 'NONE', #2674, 1000.000000000000000 ) ;
#444 = VERTEX_POINT ( 'NONE', #2896 ) ;
#445 = FACE_OUTER_BOUND ( 'NONE', #794, .T. ) ;
#446 = EDGE_CURVE ( 'NONE', #2227, #2538, #3432, .T. ) ;
#447 = ORIENTED_EDGE ( 'NONE', *, *, #3198, .F. ) ;
#448 = DIRECTION ( 'NONE',  ( -0.0000000000000000000, -1.000000000000000000, -0.0000000000000000000 ) ) ;
#449 = CARTESIAN_POINT ( 'NONE',  ( 3.399999999999999467, -4.699999999999997513, 2.600000000000000533 ) ) ;
#450 = LINE ( 'NONE', #1454, #3280 ) ;
#451 = ORIENTED_EDGE ( 'NONE', *, *, #2507, .T. ) ;
#452 = DIRECTION ( 'NONE',  ( 0.0000000000000000000, 0.0000000000000000000, -1.000000000000000000 ) ) ;
#453 = DIRECTION ( 'NONE',  ( 4.898078547630452717E-16, 1.000000000000000000, 0.0000000000000000000 ) ) ;
#454 = CARTESIAN_POINT ( 'NONE',  ( -3.400000000000000355, -4.899999999999996803, -2.599999999999999645 ) ) ;
#455 = EDGE_LOOP ( 'NONE', ( #380, #2173, #1237, #2680 ) ) ;
#456 = ORIENTED_EDGE ( 'NONE', *, *, #2919, .T. ) ;
#457 = EDGE_LOOP ( 'NONE', ( #2754, #1800, #3195, #1051 ) ) ;
#458 = CARTESIAN_POINT ( 'NONE',  ( 2.762448996987585836, 2.098361312338044904, 2.760318743618223269 ) ) ;
#459 = ORIENTED_EDGE ( 'NONE', *, *, #123, .F. ) ;
#460 = CARTESIAN_POINT ( 'NONE',  ( 3.614589803375030996, -3.599999999999999201, 2.600000000000000533 ) ) ;
#461 = VECTOR ( 'NONE', #1415, 1000.000000000000000 ) ;
#462 = CARTESIAN_POINT ( 'NONE',  ( -3.400000000000000355, -5.299999999999999822, 2.599999999999999645 ) ) ;
#463 = DIRECTION ( 'NONE',  ( 0.0000000000000000000, 0.0000000000000000000, -1.000000000000000000 ) ) ;
#464 = VERTEX_POINT ( 'NONE', #205 ) ;
#465 = VECTOR ( 'NONE', #1399, 1000.000000000000000 ) ;
#466 = EDGE_CURVE ( 'NONE', #910, #2899, #3041, .T. ) ;
#467 = VERTEX_POINT ( 'NONE', #2763 ) ;
#468 = EDGE_CURVE ( 'NONE', #2411, #2108, #1921, .T. ) ;
#469 = CARTESIAN_POINT ( 'NONE',  ( -3.000000000000000888, -4.899999999999996803, 1.899999999999999245 ) ) ;
#470 = AXIS2_PLACEMENT_3D ( 'NONE', #3475, #2375, #2110 ) ;
#471 = VERTEX_POINT ( 'NONE', #2622 ) ;
#472 = CARTESIAN_POINT ( 'NONE',  ( 2.762448996987585392, 2.016867263637973196, 2.913439328246708815 ) ) ;
#473 = DIRECTION ( 'NONE',  ( 1.000000000000000000, 0.0000000000000000000, -1.734723475976806601E-16 ) ) ;
#474 = EDGE_CURVE ( 'NONE', #2066, #2089, #2012, .T. ) ;
#475 = DIRECTION ( 'NONE',  ( -5.102127870520020982E-16, 1.000000000000000000, 0.0000000000000000000 ) ) ;
#476 = CC_DESIGN_PERSON_AND_ORGANIZATION_ASSIGNMENT ( #2628, #2618, ( #3084 ) ) ;
#477 = CARTESIAN_POINT ( 'NONE',  ( -2.637551003012414963, 2.299999999999999822, -3.000000000000000000 ) ) ;
#478 = VERTEX_POINT ( 'NONE', #814 ) ;
#479 = VECTOR ( 'NONE', #322, 1000.000000000000000 ) ;
#480 = FACE_OUTER_BOUND ( 'NONE', #3100, .T. ) ;
#481 = CARTESIAN_POINT ( 'NONE',  ( -2.637551003012414963, 2.017711508143452459, -2.912841151645946258 ) ) ;
#482 = CARTESIAN_POINT ( 'NONE',  ( 3.399999999999999467, -4.699999999999997513, 2.600000000000000533 ) ) ;
#483 = ADVANCED_FACE ( 'NONE', ( #850 ), #235, .T. ) ;
#484 = LINE ( 'NONE', #763, #2072 ) ;
#485 = DIRECTION ( 'NONE',  ( -1.734723475976806601E-16, -0.0000000000000000000, 1.000000000000000000 ) ) ;
#486 = ORIENTED_EDGE ( 'NONE', *, *, #158, .F. ) ;
#487 = DIRECTION ( 'NONE',  ( -1.734723475976802558E-15, 0.0000000000000000000, 1.000000000000000000 ) ) ;
#488 = ORIENTED_EDGE ( 'NONE', *, *, #865, .F. ) ;
#489 = AXIS2_PLACEMENT_3D ( 'NONE', #1906, #2614, #3485 ) ;
#490 = EDGE_CURVE ( 'NONE', #3508, #2635, #3455, .T. ) ;
#491 = EDGE_CURVE ( 'NONE', #2272, #1230, #1886, .T. ) ;
#492 = VERTEX_POINT ( 'NONE', #2082 ) ;
#493 = DIRECTION ( 'NONE',  ( 0.0000000000000000000, 1.000000000000000000, 0.0000000000000000000 ) ) ;
#494 = VECTOR ( 'NONE', #2958, 1000.000000000000000 ) ;
#495 = VERTEX_POINT ( 'NONE', #1207 ) ;
#496 = LINE ( 'NONE', #1261, #1247 ) ;
#497 = VERTEX_POINT ( 'NONE', #797 ) ;
#498 = DIRECTION ( 'NONE',  ( 0.0000000000000000000, 0.0000000000000000000, 1.000000000000000000 ) ) ;
#499 = CARTESIAN_POINT ( 'NONE',  ( 2.762448996987585836, 2.071240716755016642, 2.844378403146488488 ) ) ;
#500 = EDGE_LOOP ( 'NONE', ( #274, #2712, #2376, #1458, #77, #1831 ) ) ;
#501 = VECTOR ( 'NONE', #3483, 1000.000000000000000 ) ;
#502 = EDGE_CURVE ( 'NONE', #802, #844, #1908, .T. ) ;
#503 = ORIENTED_EDGE ( 'NONE', *, *, #2570, .F. ) ;
#504 = AXIS2_PLACEMENT_3D ( 'NONE', #21, #1507, #3430 ) ;
#505 = ORIENTED_EDGE ( 'NONE', *, *, #2248, .F. ) ;
#506 = DIRECTION ( 'NONE',  ( -1.000000000000000000, 0.0000000000000000000, 0.0000000000000000000 ) ) ;
#507 = DIRECTION ( 'NONE',  ( 0.0000000000000000000, 0.0000000000000000000, -1.000000000000000000 ) ) ;
#508 = ORIENTED_EDGE ( 'NONE', *, *, #1869, .T. ) ;
#509 = CIRCLE ( 'NONE', #1421, 0.2500000000000006661 ) ;
#510 = VECTOR ( 'NONE', #889, 1000.000000000000000 ) ;
#511 = CARTESIAN_POINT ( 'NONE',  ( 3.399999999999999467, -5.299999999999999822, 2.600000000000000533 ) ) ;
#512 = LINE ( 'NONE', #3027, #2540 ) ;
#513 = FACE_OUTER_BOUND ( 'NONE', #500, .T. ) ;
#514 = LINE ( 'NONE', #2832, #1417 ) ;
#515 = CIRCLE ( 'NONE', #1153, 0.2999999999999994893 ) ;
#516 = LINE ( 'NONE', #436, #227 ) ;
#517 = ORIENTED_EDGE ( 'NONE', *, *, #2233, .F. ) ;
#518 = CARTESIAN_POINT ( 'NONE',  ( -2.637551003012414963, 2.071748216696299938, -2.843490606804184306 ) ) ;
#519 = DIRECTION ( 'NONE',  ( -1.000000000000000000, 0.0000000000000000000, -1.734723475976806601E-16 ) ) ;
#520 = DIRECTION ( 'NONE',  ( 1.734723475976806601E-16, 0.0000000000000000000, -1.000000000000000000 ) ) ;
#521 = ORIENTED_EDGE ( 'NONE', *, *, #2454, .T. ) ;
#522 = TOROIDAL_SURFACE ( 'NONE', #1543, 0.05000000000000042605, 0.2000000000000000111 ) ;
#523 = ADVANCED_FACE ( 'NONE', ( #1758 ), #3289, .F. ) ;
#524 = VECTOR ( 'NONE', #3403, 1000.000000000000000 ) ;
#525 = LINE ( 'NONE', #863, #1657 ) ;
#526 = AXIS2_PLACEMENT_3D ( 'NONE', #1239, #1865, #3045 ) ;
#527 = CARTESIAN_POINT ( 'NONE',  ( -3.099999999999998757, -5.299999999999999822, 2.599999999999999645 ) ) ;
#528 = DIRECTION ( 'NONE',  ( -0.0000000000000000000, -0.0000000000000000000, 1.000000000000000000 ) ) ;
#529 = LINE ( 'NONE', #527, #687 ) ;
#530 = AXIS2_PLACEMENT_3D ( 'NONE', #1811, #1806, #1801 ) ;
#531 = DIRECTION ( 'NONE',  ( -1.000000000000000000, 0.0000000000000000000, -1.734723475976806601E-16 ) ) ;
#532 = LINE ( 'NONE', #94, #1372 ) ;
#533 = CARTESIAN_POINT ( 'NONE',  ( 3.099999999999999645, -2.570820393249936497, -1.900000000000000133 ) ) ;
#534 = CARTESIAN_POINT ( 'NONE',  ( 3.000000000000000444, 1.800000000000000044, -2.699999999999999734 ) ) ;
#535 = EDGE_LOOP ( 'NONE', ( #1401, #988 ) ) ;
#536 = CARTESIAN_POINT ( 'NONE',  ( 2.700000000000000178, 1.899999999999999689, -2.699999999999998845 ) ) ;
#537 = ORIENTED_EDGE ( 'NONE', *, *, #65, .F. ) ;
#538 = ORIENTED_EDGE ( 'NONE', *, *, #547, .T. ) ;
#539 = EDGE_CURVE ( 'NONE', #2300, #1045, #608, .T. ) ;
#540 = AXIS2_PLACEMENT_3D ( 'NONE', #3156, #3002, #3468 ) ;
#541 = ORIENTED_EDGE ( 'NONE', *, *, #3429, .T. ) ;
#542 = CARTESIAN_POINT ( 'NONE',  ( -2.600000000000000533, -0.6999999999999996225, -2.599999999999999645 ) ) ;
#543 = DIRECTION ( 'NONE',  ( -0.0000000000000000000, -1.000000000000000000, -0.0000000000000000000 ) ) ;
#544 = EDGE_LOOP ( 'NONE', ( #1667, #2099, #946, #3332 ) ) ;
#545 = ADVANCED_FACE ( 'NONE', ( #702 ), #1078, .T. ) ;
#546 = CIRCLE ( 'NONE', #1331, 0.2500000000000006661 ) ;
#547 = EDGE_CURVE ( 'NONE', #694, #777, #3230, .T. ) ;
#548 = ORIENTED_EDGE ( 'NONE', *, *, #2135, .T. ) ;
#549 = ORIENTED_EDGE ( 'NONE', *, *, #2474, .T. ) ;
#550 = ORIENTED_EDGE ( 'NONE', *, *, #1962, .T. ) ;
#551 = FACE_OUTER_BOUND ( 'NONE', #885, .T. ) ;
#552 = CIRCLE ( 'NONE', #3501, 0.5000000000000000000 ) ;
#553 = ADVANCED_FACE ( 'NONE', ( #2104 ), #626, .F. ) ;
#554 = LINE ( 'NONE', #1130, #587 ) ;
#555 = VERTEX_POINT ( 'NONE', #2764 ) ;
#556 = ORIENTED_EDGE ( 'NONE', *, *, #3071, .F. ) ;
#557 = EDGE_CURVE ( 'NONE', #2751, #2119, #1096, .T. ) ;
#558 = ORIENTED_EDGE ( 'NONE', *, *, #987, .T. ) ;
#559 = CARTESIAN_POINT ( 'NONE',  ( -2.637551003012414963, 2.299999999999999822, -3.000000000000000000 ) ) ;
#560 = ADVANCED_FACE ( 'NONE', ( #1660 ), #1211, .T. ) ;
#561 = ORIENTED_EDGE ( 'NONE', *, *, #3257, .T. ) ;
#562 = VECTOR ( 'NONE', #473, 1000.000000000000000 ) ;
#563 = CIRCLE ( 'NONE', #1371, 0.2999999999999999334 ) ;
#564 = ORIENTED_EDGE ( 'NONE', *, *, #3491, .T. ) ;
#565 = DIRECTION ( 'NONE',  ( -1.000000000000000000, 0.0000000000000000000, -1.734723475976806601E-16 ) ) ;
#566 = CARTESIAN_POINT ( 'NONE',  ( 2.762448996987585392, 1.899999999999999689, -2.942074622328000988 ) ) ;
#567 = EDGE_CURVE ( 'NONE', #2739, #3194, #1243, .T. ) ;
#568 = VERTEX_POINT ( 'NONE', #1409 ) ;
#569 = DIRECTION ( 'NONE',  ( -0.0000000000000000000, 1.000000000000000000, 0.0000000000000000000 ) ) ;
#570 = DIRECTION ( 'NONE',  ( -0.8944271909999156334, 0.4472135954999584273, -1.551583845779544712E-16 ) ) ;
#571 = AXIS2_PLACEMENT_3D ( 'NONE', #660, #3023, #3409 ) ;
#572 = VECTOR ( 'NONE', #1501, 1000.000000000000000 ) ;
#573 = CARTESIAN_POINT ( 'NONE',  ( 2.762448996987584948, 1.959519484286046831, -2.942074622328000100 ) ) ;
#574 = CARTESIAN_POINT ( 'NONE',  ( 2.700000000000000178, -1.800000000000000044, -2.699999999999999734 ) ) ;
#575 = ADVANCED_FACE ( 'NONE', ( #629 ), #2501, .F. ) ;
#576 = LINE ( 'NONE', #462, #2829 ) ;
#577 = CARTESIAN_POINT ( 'NONE',  ( 2.762448996987584948, 2.017711508143452459, -2.912841151645946258 ) ) ;
#578 = ORIENTED_EDGE ( 'NONE', *, *, #761, .T. ) ;
#579 = CARTESIAN_POINT ( 'NONE',  ( 2.762448996987585392, 2.071748216696299938, -2.843490606804184306 ) ) ;
#580 = CIRCLE ( 'NONE', #2465, 0.2500000000000006661 ) ;
#581 = DIRECTION ( 'NONE',  ( 1.734723475976806601E-16, 0.0000000000000000000, -1.000000000000000000 ) ) ;
#582 = LINE ( 'NONE', #2879, #913 ) ;
#583 = EDGE_CURVE ( 'NONE', #495, #1689, #484, .T. ) ;
#584 = FACE_OUTER_BOUND ( 'NONE', #377, .T. ) ;
#585 = VERTEX_POINT ( 'NONE', #212 ) ;
#586 = CARTESIAN_POINT ( 'NONE',  ( 3.399999999999999467, -4.699999999999997513, -2.600000000000000533 ) ) ;
#587 = VECTOR ( 'NONE', #771, 1000.000000000000000 ) ;
#588 = FACE_OUTER_BOUND ( 'NONE', #1498, .T. ) ;
#589 = LINE ( 'NONE', #1459, #851 ) ;
#590 = EDGE_CURVE ( 'NONE', #2320, #260, #240, .T. ) ;
#591 = ORIENTED_EDGE ( 'NONE', *, *, #2289, .T. ) ;
#592 = DIRECTION ( 'NONE',  ( 1.734723475976806601E-16, -0.0000000000000000000, 1.000000000000000000 ) ) ;
#593 = DIRECTION ( 'NONE',  ( -0.0000000000000000000, -1.000000000000000000, -0.0000000000000000000 ) ) ;
#594 = DIRECTION ( 'NONE',  ( 1.000000000000000000, 0.0000000000000000000, 0.0000000000000000000 ) ) ;
#595 = LINE ( 'NONE', #3038, #1590 ) ;
#596 = CARTESIAN_POINT ( 'NONE',  ( -2.762448996987585836, 2.071240716755016642, -2.844378403146488488 ) ) ;
#597 = DIRECTION ( 'NONE',  ( -0.4472135954999582053, 0.8944271909999156334, -0.0000000000000000000 ) ) ;
#598 = EDGE_CURVE ( 'NONE', #2150, #786, #1033, .T. ) ;
#599 = VERTEX_POINT ( 'NONE', #1755 ) ;
#600 = DIRECTION ( 'NONE',  ( 0.0000000000000000000, 0.0000000000000000000, -1.000000000000000000 ) ) ;
#601 = CARTESIAN_POINT ( 'NONE',  ( 2.762448996987585836, 2.084614063715128029, -2.815973762434186511 ) ) ;
#602 = CARTESIAN_POINT ( 'NONE',  ( 2.762448996987585392, 2.098551690761753630, -2.758808444472551358 ) ) ;
#603 = VECTOR ( 'NONE', #2068, 1000.000000000000000 ) ;
#604 = EDGE_LOOP ( 'NONE', ( #1561, #700, #1871, #983, #1639, #906, #1724, #1228, #1551, #2798, #1292, #3329, #3014, #1687 ) ) ;
#605 = CARTESIAN_POINT ( 'NONE',  ( 2.762448996987586280, 2.099640145485882847, -2.728544927481353799 ) ) ;
#606 = APPROVAL_PERSON_ORGANIZATION ( #2663, #1364, #2654 ) ;
#607 = ORIENTED_EDGE ( 'NONE', *, *, #1848, .T. ) ;
#608 = LINE ( 'NONE', #2811, #1685 ) ;
#609 = CC_DESIGN_DATE_AND_TIME_ASSIGNMENT ( #2672, #2667, ( #3494 ) ) ;
#610 = ORIENTED_EDGE ( 'NONE', *, *, #2474, .F. ) ;
#611 = AXIS2_PLACEMENT_3D ( 'NONE', #421, #413, #407 ) ;
#612 = LINE ( 'NONE', #2389, #1728 ) ;
#613 = ADVANCED_FACE ( 'NONE', ( #859 ), #3064, .F. ) ;
#614 = CARTESIAN_POINT ( 'NONE',  ( 2.762448996987585836, 2.099583286130045412, -2.669526596244397254 ) ) ;
#615 = ORIENTED_EDGE ( 'NONE', *, *, #2117, .T. ) ;
#616 = ORIENTED_EDGE ( 'NONE', *, *, #716, .F. ) ;
#617 = CARTESIAN_POINT ( 'NONE',  ( 2.762448996987585836, 2.098361312338044904, -2.639681256381774421 ) ) ;
#618 = VERTEX_POINT ( 'NONE', #2595 ) ;
#619 = EDGE_LOOP ( 'NONE', ( #1785, #689 ) ) ;
#620 = ORIENTED_EDGE ( 'NONE', *, *, #987, .F. ) ;
#621 = CARTESIAN_POINT ( 'NONE',  ( 3.614589803375030996, -3.599999999999999201, -2.600000000000000533 ) ) ;
#622 = ORIENTED_EDGE ( 'NONE', *, *, #1709, .T. ) ;
#623 = ORIENTED_EDGE ( 'NONE', *, *, #3101, .F. ) ;
#624 = CARTESIAN_POINT ( 'NONE',  ( -3.000000000000000888, -0.8000000000000001554, -1.899999999999999245 ) ) ;
#625 = DIRECTION ( 'NONE',  ( 0.0000000000000000000, 0.0000000000000000000, -1.000000000000000000 ) ) ;
#626 = PLANE ( 'NONE',  #725 ) ;
#627 = CARTESIAN_POINT ( 'NONE',  ( 3.400000000000000355, -0.8000000000000001554, 2.600000000000000533 ) ) ;
#628 = EDGE_LOOP ( 'NONE', ( #332, #2996, #456, #790 ) ) ;
#629 = FACE_OUTER_BOUND ( 'NONE', #354, .T. ) ;
#630 = DIRECTION ( 'NONE',  ( -0.0000000000000000000, -1.000000000000000000, -0.0000000000000000000 ) ) ;
#631 = CARTESIAN_POINT ( 'NONE',  ( 2.762448996987585392, 2.084135548892076084, -2.582828593059510958 ) ) ;
#632 = CIRCLE ( 'NONE', #1253, 0.1000000000000002554 ) ;
#633 = DIRECTION ( 'NONE',  ( 0.0000000000000000000, 0.0000000000000000000, -1.000000000000000000 ) ) ;
#634 = CARTESIAN_POINT ( 'NONE',  ( 3.099999999999999645, -4.899999999999996803, 1.900000000000000133 ) ) ;
#635 = CARTESIAN_POINT ( 'NONE',  ( 2.762448996987585836, 2.071240716755016642, -2.555621596853510535 ) ) ;
#636 = CARTESIAN_POINT ( 'NONE',  ( 3.000000000000000000, -0.7000000000000000666, 2.600000000000000533 ) ) ;
#637 = ORIENTED_EDGE ( 'NONE', *, *, #1389, .F. ) ;
#638 = ADVANCED_FACE ( 'NONE', ( #3283 ), #1339, .F. ) ;
#639 = EDGE_CURVE ( 'NONE', #2368, #1841, #1146, .T. ) ;
#640 = EDGE_CURVE ( 'NONE', #315, #1587, #2109, .T. ) ;
#641 = EDGE_LOOP ( 'NONE', ( #2043, #1934, #1585, #2851 ) ) ;
#642 = SECURITY_CLASSIFICATION ( '', '', #2616 ) ;
#643 = CARTESIAN_POINT ( 'NONE',  ( 3.000000000000000000, -0.8000000000000001554, 2.600000000000000533 ) ) ;
#644 = CARTESIAN_POINT ( 'NONE',  ( 2.762448996987585392, 2.016867263637973196, -2.486560671753288876 ) ) ;
#645 = CARTESIAN_POINT ( 'NONE',  ( 3.399999999999999467, -4.699999999999997513, -1.900000000000000133 ) ) ;
#646 = AXIS2_PLACEMENT_3D ( 'NONE', #1981, #811, #2290 ) ;
#647 = EDGE_CURVE ( 'NONE', #2809, #855, #2638, .T. ) ;
#648 = VECTOR ( 'NONE', #453, 1000.000000000000000 ) ;
#649 = CARTESIAN_POINT ( 'NONE',  ( -3.950000000000002842, -3.599999999999999201, -2.599999999999999201 ) ) ;
#650 = LINE ( 'NONE', #2891, #1203 ) ;
#651 = DIRECTION ( 'NONE',  ( -1.000000000000000000, 0.0000000000000000000, -0.0000000000000000000 ) ) ;
#652 = CARTESIAN_POINT ( 'NONE',  ( 2.700000000000000178, 2.100000000000000089, -2.449999999999998401 ) ) ;
#653 = CARTESIAN_POINT ( 'NONE',  ( 2.762448996987584948, 1.958502381641454626, -2.457925377671744460 ) ) ;
#654 = EDGE_LOOP ( 'NONE', ( #1268, #1321, #1752, #718, #2810, #3033 ) ) ;
#655 = DIRECTION ( 'NONE',  ( 0.4472135954999600926, 0.8944271909999148562, 0.0000000000000000000 ) ) ;
#656 = AXIS2_PLACEMENT_3D ( 'NONE', #351, #1843, #2734 ) ;
#657 = EDGE_CURVE ( 'NONE', #3278, #2671, #2929, .T. ) ;
#658 = DIRECTION ( 'NONE',  ( 1.000000000000000000, -0.0000000000000000000, -0.0000000000000000000 ) ) ;
#659 = FACE_OUTER_BOUND ( 'NONE', #2138, .T. ) ;
#660 = CARTESIAN_POINT ( 'NONE',  ( -3.000000000000000888, -0.8000000000000001554, -2.599999999999999645 ) ) ;
#661 = CARTESIAN_POINT ( 'NONE',  ( -3.400000000000000355, -4.699999999999997513, 1.899999999999999245 ) ) ;
#662 = CARTESIAN_POINT ( 'NONE',  ( -3.400000000000000355, -5.299999999999999822, 2.112683772664591508 ) ) ;
#663 = ORIENTED_EDGE ( 'NONE', *, *, #3481, .T. ) ;
#664 = AXIS2_PLACEMENT_3D ( 'NONE', #685, #2321, #2134 ) ;
#665 = ORIENTED_EDGE ( 'NONE', *, *, #3071, .T. ) ;
#666 = FACE_OUTER_BOUND ( 'NONE', #3479, .T. ) ;
#667 = CARTESIAN_POINT ( 'NONE',  ( 2.762448996987585836, 2.099583286130045412, 2.730473403755601769 ) ) ;
#668 = CARTESIAN_POINT ( 'NONE',  ( 2.762448996987585392, 1.899999999999999689, -2.457925377671996703 ) ) ;
#669 = CARTESIAN_POINT ( 'NONE',  ( -2.699999999999998845, -1.800000000000000044, 2.700000000000001066 ) ) ;
#670 = FACE_OUTER_BOUND ( 'NONE', #1278, .T. ) ;
#671 = EDGE_CURVE ( 'NONE', #1600, #618, #50, .T. ) ;
#672 = ORIENTED_EDGE ( 'NONE', *, *, #3357, .F. ) ;
#673 = ORIENTED_EDGE ( 'NONE', *, *, #2721, .T. ) ;
#674 = LINE ( 'NONE', #1298, #1803 ) ;
#675 = AXIS2_PLACEMENT_3D ( 'NONE', #1519, #2365, #183 ) ;
#676 = DIRECTION ( 'NONE',  ( -0.8944271909999156334, 0.4472135954999584273, 1.551583845779544712E-16 ) ) ;
#677 = CARTESIAN_POINT ( 'NONE',  ( 3.000000000000000000, -0.8000000000000001554, -1.900000000000000133 ) ) ;
#678 = AXIS2_PLACEMENT_3D ( 'NONE', #1424, #1954, #1712 ) ;
#679 = DIRECTION ( 'NONE',  ( -1.734723475976802558E-15, 0.0000000000000000000, 1.000000000000000000 ) ) ;
#680 = CARTESIAN_POINT ( 'NONE',  ( -2.600000000000000533, -0.4000000000000000222, 2.599999999999999645 ) ) ;
#681 = ADVANCED_FACE ( 'NONE', ( #381 ), #3251, .T. ) ;
#682 = VERTEX_POINT ( 'NONE', #1780 ) ;
#683 = CARTESIAN_POINT ( 'NONE',  ( 2.700000000000000178, 1.800000000000000044, -2.699999999999999734 ) ) ;
#684 = VECTOR ( 'NONE', #593, 1000.000000000000000 ) ;
#685 = CARTESIAN_POINT ( 'NONE',  ( 2.700000000000000178, 1.899999999999999689, -2.699999999999998845 ) ) ;
#686 = CARTESIAN_POINT ( 'NONE',  ( 3.399999999999999467, -4.699999999999997513, 2.600000000000000533 ) ) ;
#687 = VECTOR ( 'NONE', #520, 1000.000000000000000 ) ;
#688 = CARTESIAN_POINT ( 'NONE',  ( -2.637551003012414963, 2.098551690761753630, 2.641191555527446333 ) ) ;
#689 = ORIENTED_EDGE ( 'NONE', *, *, #441, .F. ) ;
#690 = ORIENTED_EDGE ( 'NONE', *, *, #2117, .F. ) ;
#691 = ORIENTED_EDGE ( 'NONE', *, *, #2814, .F. ) ;
#692 = CIRCLE ( 'NONE', #1760, 0.2500000000000006661 ) ;
#693 = CARTESIAN_POINT ( 'NONE',  ( 3.399999999999999467, -5.299999999999999822, 2.600000000000000533 ) ) ;
#694 = VERTEX_POINT ( 'NONE', #2061 ) ;
#695 = LINE ( 'NONE', #3233, #1302 ) ;
#696 = VECTOR ( 'NONE', #1516, 1000.000000000000000 ) ;
#697 = ORIENTED_EDGE ( 'NONE', *, *, #236, .F. ) ;
#698 = CARTESIAN_POINT ( 'NONE',  ( -3.100000000000000977, -0.8000000000000001554, -2.599999999999999645 ) ) ;
#699 = ORIENTED_EDGE ( 'NONE', *, *, #409, .F. ) ;
#700 = ORIENTED_EDGE ( 'NONE', *, *, #2570, .T. ) ;
#701 = ORIENTED_EDGE ( 'NONE', *, *, #3053, .T. ) ;
#702 = FACE_OUTER_BOUND ( 'NONE', #2662, .T. ) ;
#703 = ORIENTED_EDGE ( 'NONE', *, *, #1344, .T. ) ;
#704 = DIRECTION ( 'NONE',  ( 1.734723475976806601E-16, 0.0000000000000000000, -1.000000000000000000 ) ) ;
#705 = ORIENTED_EDGE ( 'NONE', *, *, #56, .T. ) ;
#706 = DIRECTION ( 'NONE',  ( 1.734723475976806601E-16, -0.0000000000000000000, 1.000000000000000000 ) ) ;
#707 = CARTESIAN_POINT ( 'NONE',  ( -3.614589803375032329, -3.600000000000000089, 2.599999999999999645 ) ) ;
#708 = ADVANCED_FACE ( 'NONE', ( #43 ), #1072, .F. ) ;
#709 = CARTESIAN_POINT ( 'NONE',  ( 2.700000000000000178, 1.800000000000000044, 2.449999999999998401 ) ) ;
#710 = AXIS2_PLACEMENT_3D ( 'NONE', #2207, #2210, #2211 ) ;
#711 = LINE ( 'NONE', #707, #877 ) ;
#712 = DIRECTION ( 'NONE',  ( 1.000000000000000000, 0.0000000000000000000, 1.734723475976806601E-16 ) ) ;
#713 = MANIFOLD_SOLID_BREP ( 'Mirror2[1]', #1790 ) ;
#714 = DIRECTION ( 'NONE',  ( 0.0000000000000000000, 0.0000000000000000000, -1.000000000000000000 ) ) ;
#715 = ORIENTED_EDGE ( 'NONE', *, *, #446, .F. ) ;
#716 = EDGE_CURVE ( 'NONE', #1307, #1563, #1148, .T. ) ;
#717 = DIRECTION ( 'NONE',  ( 1.000000000000000000, 0.0000000000000000000, 0.0000000000000000000 ) ) ;
#718 = ORIENTED_EDGE ( 'NONE', *, *, #433, .F. ) ;
#719 = VECTOR ( 'NONE', #2795, 1000.000000000000000 ) ;
#720 = ORIENTED_EDGE ( 'NONE', *, *, #3017, .T. ) ;
#721 = EDGE_CURVE ( 'NONE', #3267, #599, #632, .T. ) ;
#722 = ADVANCED_FACE ( 'NONE', ( #1743 ), #2625, .T. ) ;
#723 = CARTESIAN_POINT ( 'NONE',  ( -3.000000000000000888, -0.8000000000000001554, 2.599999999999999645 ) ) ;
#724 = CARTESIAN_POINT ( 'NONE',  ( -3.400000000000000355, -2.500000000000000000, 2.599999999999999645 ) ) ;
#725 = AXIS2_PLACEMENT_3D ( 'NONE', #141, #2691, #2417 ) ;
#726 = ORIENTED_EDGE ( 'NONE', *, *, #583, .F. ) ;
#727 = FACE_OUTER_BOUND ( 'NONE', #2351, .T. ) ;
#728 = ORIENTED_EDGE ( 'NONE', *, *, #11, .T. ) ;
#729 = DIRECTION ( 'NONE',  ( 0.0000000000000000000, 0.0000000000000000000, -1.000000000000000000 ) ) ;
#730 = ORIENTED_EDGE ( 'NONE', *, *, #1026, .F. ) ;
#731 = AXIS2_PLACEMENT_3D ( 'NONE', #1021, #3306, #3376 ) ;
#732 = DIRECTION ( 'NONE',  ( 0.0000000000000000000, 0.0000000000000000000, 1.000000000000000000 ) ) ;
#733 = ORIENTED_EDGE ( 'NONE', *, *, #1731, .T. ) ;
#734 = DIRECTION ( 'NONE',  ( -1.000000000000000000, 0.0000000000000000000, 0.0000000000000000000 ) ) ;
#735 = AXIS2_PLACEMENT_3D ( 'NONE', #1058, #439, #1271 ) ;
#736 = VERTEX_POINT ( 'NONE', #2139 ) ;
#737 = DIRECTION ( 'NONE',  ( -0.0000000000000000000, -1.000000000000000000, -0.0000000000000000000 ) ) ;
#738 = ORIENTED_EDGE ( 'NONE', *, *, #780, .T. ) ;
#739 = EDGE_CURVE ( 'NONE', #2189, #1949, #938, .T. ) ;
#740 = LINE ( 'NONE', #2701, #2039 ) ;
#741 = CARTESIAN_POINT ( 'NONE',  ( -3.100000000000000977, -0.8000000000000001554, 1.899999999999999245 ) ) ;
#742 = DIRECTION ( 'NONE',  ( 0.0000000000000000000, 1.000000000000000000, -0.0000000000000000000 ) ) ;
#743 = CARTESIAN_POINT ( 'NONE',  ( 0.0000000000000000000, 2.699999999999999734, 1.250000000000000000 ) ) ;
#744 = CARTESIAN_POINT ( 'NONE',  ( 3.399999999999999467, -4.899999999999996803, 2.600000000000000533 ) ) ;
#745 = ORIENTED_EDGE ( 'NONE', *, *, #1046, .F. ) ;
#746 = ADVANCED_FACE ( 'NONE', ( #194 ), #2372, .F. ) ;
#747 = CARTESIAN_POINT ( 'NONE',  ( -2.700000000000000178, 2.100000000000000089, 2.699999999999998845 ) ) ;
#748 = DESIGN_CONTEXT ( 'detailed design', #898, 'design' ) ;
#749 = AXIS2_PLACEMENT_3D ( 'NONE', #915, #905, #901 ) ;
#750 = PLANE ( 'NONE',  #1360 ) ;
#751 = CARTESIAN_POINT ( 'NONE',  ( 3.099999999999999645, -4.899999999999996803, -2.600000000000000533 ) ) ;
#752 = VECTOR ( 'NONE', #2160, 1000.000000000000000 ) ;
#753 = CC_DESIGN_SECURITY_CLASSIFICATION ( #642, ( #3084 ) ) ;
#754 = AXIS2_PLACEMENT_3D ( 'NONE', #1361, #372, #506 ) ;
#755 = PLANE ( 'NONE',  #504 ) ;
#756 = FACE_OUTER_BOUND ( 'NONE', #129, .T. ) ;
#757 = PLANE ( 'NONE',  #410 ) ;
#758 = CARTESIAN_POINT ( 'NONE',  ( -2.637551003012414963, 1.899999999999999689, -2.457925377671996703 ) ) ;
#759 = ORIENTED_EDGE ( 'NONE', *, *, #3206, .T. ) ;
#760 = AXIS2_PLACEMENT_3D ( 'NONE', #3203, #3330, #2815 ) ;
#761 = EDGE_CURVE ( 'NONE', #2439, #1457, #2252, .T. ) ;
#762 = FACE_OUTER_BOUND ( 'NONE', #993, .T. ) ;
#763 = CARTESIAN_POINT ( 'NONE',  ( -2.700000000000000178, 2.100000000000000089, 2.449999999999998401 ) ) ;
#764 = LINE ( 'NONE', #3507, #1069 ) ;
#765 = ORIENTED_EDGE ( 'NONE', *, *, #1381, .F. ) ;
#766 = DIRECTION ( 'NONE',  ( -0.0000000000000000000, -1.000000000000000000, -0.0000000000000000000 ) ) ;
#767 = CARTESIAN_POINT ( 'NONE',  ( -2.762448996987585836, 2.098361312338044904, -2.760318743618223269 ) ) ;
#768 = EDGE_LOOP ( 'NONE', ( #204, #2859 ) ) ;
#769 = DIRECTION ( 'NONE',  ( -5.102127870520020982E-16, -1.000000000000000000, -0.0000000000000000000 ) ) ;
#770 = VECTOR ( 'NONE', #1006, 1000.000000000000000 ) ;
#771 = DIRECTION ( 'NONE',  ( 0.4472135954999600371, 0.8944271909999148562, -3.526326922226239148E-16 ) ) ;
#772 = DIRECTION ( 'NONE',  ( 8.144033412682011858E-17, -0.8829475928589276545, 0.4694715627858891405 ) ) ;
#773 = DIRECTION ( 'NONE',  ( -1.000000000000000000, 2.710505431213757141E-16, 0.0000000000000000000 ) ) ;
#774 = VERTEX_POINT ( 'NONE', #2401 ) ;
#775 = CARTESIAN_POINT ( 'NONE',  ( 3.000000000000000000, -0.7000000000000000666, -1.900000000000000133 ) ) ;
#776 = VERTEX_POINT ( 'NONE', #2084 ) ;
#777 = VERTEX_POINT ( 'NONE', #2709 ) ;
#778 = AXIS2_PLACEMENT_3D ( 'NONE', #3093, #2956, #1094 ) ;
#779 = LINE ( 'NONE', #775, #975 ) ;
#780 = EDGE_CURVE ( 'NONE', #3194, #1663, #2835, .T. ) ;
#781 = CARTESIAN_POINT ( 'NONE',  ( -2.762448996987585392, 2.084135548892076084, -2.817171406940486733 ) ) ;
#782 = CARTESIAN_POINT ( 'NONE',  ( 2.637551003012414075, 1.958502381641454626, -2.942074622328251898 ) ) ;
#783 = VECTOR ( 'NONE', #3184, 1000.000000000000000 ) ;
#784 = CARTESIAN_POINT ( 'NONE',  ( 3.000000000000000000, -0.3999999999999999667, 2.600000000000000533 ) ) ;
#785 = ORIENTED_EDGE ( 'NONE', *, *, #837, .F. ) ;
#786 = VERTEX_POINT ( 'NONE', #2579 ) ;
#787 = ADVANCED_FACE ( 'NONE', ( #2977 ), #2742, .F. ) ;
#788 = EDGE_CURVE ( 'NONE', #2462, #2103, #262, .T. ) ;
#789 = LINE ( 'NONE', #1325, #3122 ) ;
#790 = ORIENTED_EDGE ( 'NONE', *, *, #796, .F. ) ;
#791 = LINE ( 'NONE', #2373, #1759 ) ;
#792 = EDGE_LOOP ( 'NONE', ( #1220, #3234, #556, #133 ) ) ;
#793 = FACE_OUTER_BOUND ( 'NONE', #2422, .T. ) ;
#794 = EDGE_LOOP ( 'NONE', ( #1408, #1483, #1572, #1000 ) ) ;
#795 = LINE ( 'NONE', #1255, #1882 ) ;
#796 = EDGE_CURVE ( 'NONE', #845, #886, #2700, .T. ) ;
#797 = CARTESIAN_POINT ( 'NONE',  ( -3.400000000000001243, -0.8000000000000001554, 1.899999999999999245 ) ) ;
#798 = LINE ( 'NONE', #1265, #3264 ) ;
#799 = ORIENTED_EDGE ( 'NONE', *, *, #376, .F. ) ;
#800 = CARTESIAN_POINT ( 'NONE',  ( -3.099999999999998757, -5.299999999999999822, -2.387316227335407604 ) ) ;
#801 = EDGE_LOOP ( 'NONE', ( #3179, #1631, #2392, #1279, #2448, #2348 ) ) ;
#802 = VERTEX_POINT ( 'NONE', #3022 ) ;
#803 = EDGE_CURVE ( 'NONE', #2029, #3255, #1487, .T. ) ;
#804 = EDGE_LOOP ( 'NONE', ( #1986, #2216 ) ) ;
#805 = CARTESIAN_POINT ( 'NONE',  ( 3.099999999999999645, -2.570820393249936497, -2.600000000000000533 ) ) ;
#806 = FACE_OUTER_BOUND ( 'NONE', #1965, .T. ) ;
#807 = VERTEX_POINT ( 'NONE', #741 ) ;
#808 = PLANE ( 'NONE',  #1304 ) ;
#809 = EDGE_CURVE ( 'NONE', #2602, #2809, #1621, .T. ) ;
#810 = CARTESIAN_POINT ( 'NONE',  ( -2.700000000000000178, 1.899999999999999689, 2.699999999999998845 ) ) ;
#811 = DIRECTION ( 'NONE',  ( -1.000000000000000000, 0.0000000000000000000, -0.0000000000000000000 ) ) ;
#812 = CARTESIAN_POINT ( 'NONE',  ( -2.700000000000000178, 2.100000000000000089, -2.699999999999998845 ) ) ;
#813 = LINE ( 'NONE', #2090, #2024 ) ;
#814 = CARTESIAN_POINT ( 'NONE',  ( -2.600000000000000533, -0.4000000000000000222, -1.899999999999999245 ) ) ;
#815 = DIRECTION ( 'NONE',  ( -1.734723475976806601E-16, 0.0000000000000000000, 1.000000000000000000 ) ) ;
#816 = CARTESIAN_POINT ( 'NONE',  ( -2.762448996987585836, 2.084614063715128029, -2.584026237565812512 ) ) ;
#817 = LINE ( 'NONE', #2370, #1231 ) ;
#818 = LINE ( 'NONE', #897, #3034 ) ;
#819 = LINE ( 'NONE', #184, #1979 ) ;
#820 = ORIENTED_EDGE ( 'NONE', *, *, #3442, .F. ) ;
#821 = AXIS2_PLACEMENT_3D ( 'NONE', #961, #1823, #156 ) ;
#822 = AXIS2_PLACEMENT_3D ( 'NONE', #1427, #3321, #1750 ) ;
#823 = CARTESIAN_POINT ( 'NONE',  ( -3.099999999999998757, -5.299999999999998934, 2.112683772664591064 ) ) ;
#824 = CARTESIAN_POINT ( 'NONE',  ( 3.099999999999999645, -4.629179606750061460, -2.600000000000000533 ) ) ;
#825 = DIRECTION ( 'NONE',  ( 1.000000000000000000, 0.0000000000000000000, 1.734723475976806601E-16 ) ) ;
#826 = CARTESIAN_POINT ( 'NONE',  ( 2.599999999999999645, -0.4000000000000000222, 1.900000000000000133 ) ) ;
#827 = ORIENTED_EDGE ( 'NONE', *, *, #2393, .T. ) ;
#828 = CIRCLE ( 'NONE', #970, 0.2500000000000006661 ) ;
#829 = CIRCLE ( 'NONE', #355, 0.2500000000000006661 ) ;
#830 = DIRECTION ( 'NONE',  ( -5.102127870520020982E-16, -1.000000000000000000, 0.0000000000000000000 ) ) ;
#831 = CARTESIAN_POINT ( 'NONE',  ( 2.599999999999999645, -0.4000000000000000222, 2.600000000000000533 ) ) ;
#832 = VERTEX_POINT ( 'NONE', #1797 ) ;
#833 = DIRECTION ( 'NONE',  ( 1.040834085586081417E-14, 0.0000000000000000000, 1.000000000000000000 ) ) ;
#834 = ORIENTED_EDGE ( 'NONE', *, *, #2814, .T. ) ;
#835 = PLANE ( 'NONE',  #2687 ) ;
#836 = ADVANCED_FACE ( 'NONE', ( #2408 ), #1927, .F. ) ;
#837 = EDGE_CURVE ( 'NONE', #1553, #315, #1088, .T. ) ;
#838 = ORIENTED_EDGE ( 'NONE', *, *, #367, .T. ) ;
#839 = CIRCLE ( 'NONE', #2001, 0.2999999999999994893 ) ;
#840 = VECTOR ( 'NONE', #1570, 1000.000000000000000 ) ;
#841 = ORIENTED_EDGE ( 'NONE', *, *, #956, .T. ) ;
#842 = LINE ( 'NONE', #686, #1061 ) ;
#843 = CARTESIAN_POINT ( 'NONE',  ( 2.700000000000000178, 1.800000000000000044, 3.000000000000000000 ) ) ;
#844 = VERTEX_POINT ( 'NONE', #3460 ) ;
#845 = VERTEX_POINT ( 'NONE', #1437 ) ;
#846 = VECTOR ( 'NONE', #2735, 1000.000000000000000 ) ;
#847 = AXIS2_PLACEMENT_3D ( 'NONE', #2309, #1449, #1084 ) ;
#848 = ADVANCED_FACE ( 'NONE', ( #3514 ), #2256, .F. ) ;
#849 = EDGE_CURVE ( 'NONE', #2794, #555, #3118, .T. ) ;
#850 = FACE_OUTER_BOUND ( 'NONE', #200, .T. ) ;
#851 = VECTOR ( 'NONE', #909, 1000.000000000000000 ) ;
#852 = DIRECTION ( 'NONE',  ( -0.0000000000000000000, 0.0000000000000000000, 1.000000000000000000 ) ) ;
#853 = DIRECTION ( 'NONE',  ( 0.0000000000000000000, -1.000000000000000000, -0.0000000000000000000 ) ) ;
#854 = CIRCLE ( 'NONE', #571, 0.4000000000000001887 ) ;
#855 = VERTEX_POINT ( 'NONE', #3469 ) ;
#856 = ADVANCED_FACE ( 'NONE', ( #3394 ), #2003, .F. ) ;
#857 = EDGE_CURVE ( 'NONE', #555, #3261, #68, .T. ) ;
#858 = ADVANCED_FACE ( 'NONE', ( #1697 ), #3263, .F. ) ;
#859 = FACE_OUTER_BOUND ( 'NONE', #2217, .T. ) ;
#860 = PLANE ( 'NONE',  #540 ) ;
#861 = ORIENTED_EDGE ( 'NONE', *, *, #3397, .T. ) ;
#862 = ORGANIZATION ( 'UNSPECIFIED', 'UNSPECIFIED', '' ) ;
#863 = CARTESIAN_POINT ( 'NONE',  ( 3.000000000000000000, -0.3999999999999999667, 2.600000000000000533 ) ) ;
#864 = ORIENTED_EDGE ( 'NONE', *, *, #1686, .T. ) ;
#865 = EDGE_CURVE ( 'NONE', #2045, #777, #2974, .T. ) ;
#866 = ORIENTED_EDGE ( 'NONE', *, *, #985, .T. ) ;
#867 = LINE ( 'NONE', #3065, #2007 ) ;
#868 = DIRECTION ( 'NONE',  ( -1.355252715606878570E-16, -1.000000000000000000, -2.350988701644570911E-32 ) ) ;
#869 = AXIS2_PLACEMENT_3D ( 'NONE', #352, #1003, #414 ) ;
#870 = FACE_OUTER_BOUND ( 'NONE', #1814, .T. ) ;
#871 = EDGE_CURVE ( 'NONE', #2486, #1741, #2000, .T. ) ;
#872 = EDGE_CURVE ( 'NONE', #2247, #223, #333, .T. ) ;
#873 = CYLINDRICAL_SURFACE ( 'NONE', #1341, 1.750000000000000000 ) ;
#874 = PLANE ( 'NONE',  #1071 ) ;
#875 = CARTESIAN_POINT ( 'NONE',  ( -3.400000000000000355, -2.500000000000000000, 1.899999999999999245 ) ) ;
#876 = DIRECTION ( 'NONE',  ( 0.8944271909999157444, -0.4472135954999582608, -1.551583845779544959E-16 ) ) ;
#877 = VECTOR ( 'NONE', #704, 1000.000000000000000 ) ;
#878 = FACE_OUTER_BOUND ( 'NONE', #3223, .T. ) ;
#879 = CARTESIAN_POINT ( 'NONE',  ( 3.099999999999999645, -5.299999999999999822, -2.387316227335408492 ) ) ;
#880 = AXIS2_PLACEMENT_3D ( 'NONE', #3270, #2203, #3183 ) ;
#881 = LINE ( 'NONE', #511, #3419 ) ;
#882 = CARTESIAN_POINT ( 'NONE',  ( -3.400000000000000355, -5.299999999999999822, -2.599999999999999645 ) ) ;
#883 = EDGE_CURVE ( 'NONE', #1059, #492, #2761, .T. ) ;
#884 = DIRECTION ( 'NONE',  ( 1.734723475976806601E-16, 0.0000000000000000000, -1.000000000000000000 ) ) ;
#885 = EDGE_LOOP ( 'NONE', ( #2136, #2489, #720, #834 ) ) ;
#886 = VERTEX_POINT ( 'NONE', #949 ) ;
#887 = VERTEX_POINT ( 'NONE', #2542 ) ;
#888 = MANIFOLD_SOLID_BREP ( 'Mirror2[2]', #3413 ) ;
#889 = DIRECTION ( 'NONE',  ( 1.734723475976806601E-16, 0.0000000000000000000, -1.000000000000000000 ) ) ;
#890 = ORIENTED_EDGE ( 'NONE', *, *, #1902, .T. ) ;
#891 = CARTESIAN_POINT ( 'NONE',  ( 2.700000000000000178, -1.800000000000000044, -3.000000000000000000 ) ) ;
#892 = CIRCLE ( 'NONE', #411, 0.3000000000000003775 ) ;
#893 = VECTOR ( 'NONE', #3439, 1000.000000000000114 ) ;
#894 = EDGE_LOOP ( 'NONE', ( #82, #690, #252, #2869 ) ) ;
#895 = ORIENTED_EDGE ( 'NONE', *, *, #3239, .T. ) ;
#896 = EDGE_LOOP ( 'NONE', ( #3003, #2736, #2910, #3391 ) ) ;
#897 = CARTESIAN_POINT ( 'NONE',  ( 3.949999999999999734, -3.600000000000000089, -2.600000000000000533 ) ) ;
#898 = APPLICATION_CONTEXT ( 'configuration controlled 3d designs of mechanical parts and assemblies' ) ;
#899 = ORIENTED_EDGE ( 'NONE', *, *, #1429, .F. ) ;
#900 = CARTESIAN_POINT ( 'NONE',  ( 2.599999999999999645, -0.4000000000000000222, -2.600000000000000533 ) ) ;
#901 = DIRECTION ( 'NONE',  ( 1.000000000000000000, 0.0000000000000000000, 0.0000000000000000000 ) ) ;
#902 = ADVANCED_FACE ( 'NONE', ( #2226 ), #3281, .F. ) ;
#903 = ADVANCED_FACE ( 'NONE', ( #3160 ), #3426, .F. ) ;
#904 = LINE ( 'NONE', #1951, #1413 ) ;
#905 = DIRECTION ( 'NONE',  ( -1.734723475976806601E-16, 0.0000000000000000000, -1.000000000000000000 ) ) ;
#906 = ORIENTED_EDGE ( 'NONE', *, *, #1057, .F. ) ;
#907 = CIRCLE ( 'NONE', #2304, 0.2500000000000006661 ) ;
#908 = VECTOR ( 'NONE', #2889, 1000.000000000000000 ) ;
#909 = DIRECTION ( 'NONE',  ( 2.585973076299239643E-15, -1.000000000000000000, 0.0000000000000000000 ) ) ;
#910 = VERTEX_POINT ( 'NONE', #3094 ) ;
#911 = DIRECTION ( 'NONE',  ( 2.201838368789589771E-15, -0.8829475928589276545, -0.4694715627858891405 ) ) ;
#912 = ORIENTED_EDGE ( 'NONE', *, *, #967, .T. ) ;
#913 = VECTOR ( 'NONE', #2047, 1000.000000000000000 ) ;
#914 = VECTOR ( 'NONE', #543, 1000.000000000000000 ) ;
#915 = CARTESIAN_POINT ( 'NONE',  ( 3.000000000000000000, -0.8000000000000001554, -2.600000000000000533 ) ) ;
#916 = DIRECTION ( 'NONE',  ( 0.0000000000000000000, 0.0000000000000000000, -1.000000000000000000 ) ) ;
#917 = B_SPLINE_CURVE_WITH_KNOTS ( 'NONE', 3,
 ( #668, #653, #644, #635, #631, #617, #614, #605, #602, #601, #579, #577, #573, #566 ),
 .UNSPECIFIED., .F., .F.,
 ( 4, 2, 2, 2, 2, 2, 4 ),
 ( 0.001067800603929041584, 0.001245752549194013544, 0.001334728521826498981, 0.001423704494458984636, 0.001512680467091470074, 0.001601656439723955511, 0.001779608384988927254 ),
 .UNSPECIFIED. ) ;
#918 = ORIENTED_EDGE ( 'NONE', *, *, #2483, .T. ) ;
#919 = EDGE_LOOP ( 'NONE', ( #3044, #2820, #2262, #1177 ) ) ;
#920 = DIRECTION ( 'NONE',  ( 0.0000000000000000000, 1.000000000000000000, -0.0000000000000000000 ) ) ;
#921 = LINE ( 'NONE', #3265, #340 ) ;
#922 = DIRECTION ( 'NONE',  ( 1.000000000000000000, 0.0000000000000000000, 0.0000000000000000000 ) ) ;
#923 = CC_DESIGN_PERSON_AND_ORGANIZATION_ASSIGNMENT ( #2695, #2692, ( #3494 ) ) ;
#924 = AXIS2_PLACEMENT_3D ( 'NONE', #3319, #3313, #3309 ) ;
#925 = DIRECTION ( 'NONE',  ( 0.0000000000000000000, 0.0000000000000000000, -1.000000000000000000 ) ) ;
#926 = CARTESIAN_POINT ( 'NONE',  ( 3.399999999999999467, -5.299999999999999822, -2.600000000000000533 ) ) ;
#927 = DIRECTION ( 'NONE',  ( 1.734723475976802558E-15, 0.0000000000000000000, 1.000000000000000000 ) ) ;
#928 = CARTESIAN_POINT ( 'NONE',  ( 2.700000000000000178, 1.800000000000000044, -2.449999999999998401 ) ) ;
#929 = ADVANCED_FACE ( 'NONE', ( #1815 ), #2016, .T. ) ;
#930 = ADVANCED_FACE ( 'NONE', ( #870 ), #2537, .T. ) ;
#931 = DIRECTION ( 'NONE',  ( -1.000000000000000000, -0.0000000000000000000, 1.734723475976806601E-16 ) ) ;
#932 = CARTESIAN_POINT ( 'NONE',  ( 3.099999999999999645, -4.629179606750061460, 2.600000000000000533 ) ) ;
#933 = CARTESIAN_POINT ( 'NONE',  ( -3.100000000000000977, -0.8000000000000001554, -2.599999999999999645 ) ) ;
#934 = DIRECTION ( 'NONE',  ( 1.000000000000000000, 1.355252715606878570E-16, 0.0000000000000000000 ) ) ;
#935 = DIRECTION ( 'NONE',  ( 1.734723475976806601E-16, 0.0000000000000000000, 1.000000000000000000 ) ) ;
#936 = CYLINDRICAL_SURFACE ( 'NONE', #2096, 0.1000000000000002554 ) ;
#937 = ADVANCED_FACE ( 'NONE', ( #666 ), #3389, .F. ) ;
#938 = LINE ( 'NONE', #2878, #326 ) ;
#939 = ORIENTED_EDGE ( 'NONE', *, *, #428, .T. ) ;
#940 = ORIENTED_EDGE ( 'NONE', *, *, #1136, .F. ) ;
#941 = EDGE_LOOP ( 'NONE', ( #2936, #1725 ) ) ;
#942 = CARTESIAN_POINT ( 'NONE',  ( -3.000000000000000888, -0.8000000000000001554, -2.599999999999999645 ) ) ;
#943 = CIRCLE ( 'NONE', #369, 0.4000000000000001887 ) ;
#944 = DIRECTION ( 'NONE',  ( 4.898078547630452717E-16, 1.000000000000000000, -0.0000000000000000000 ) ) ;
#945 = FACE_OUTER_BOUND ( 'NONE', #641, .T. ) ;
#946 = ORIENTED_EDGE ( 'NONE', *, *, #310, .F. ) ;
#947 = ORIENTED_EDGE ( 'NONE', *, *, #883, .T. ) ;
#948 = CARTESIAN_POINT ( 'NONE',  ( 3.100000000000000533, -0.8000000000000001554, -1.900000000000000133 ) ) ;
#949 = CARTESIAN_POINT ( 'NONE',  ( 0.0000000000000000000, 3.199999999999999734, 1.250000000000000000 ) ) ;
#950 = EDGE_CURVE ( 'NONE', #2740, #444, #360, .T. ) ;
#951 = VECTOR ( 'NONE', #1079, 1000.000000000000000 ) ;
#952 = ORIENTED_EDGE ( 'NONE', *, *, #2681, .F. ) ;
#953 = DIRECTION ( 'NONE',  ( -0.0000000000000000000, -1.000000000000000000, -0.0000000000000000000 ) ) ;
#954 = CIRCLE ( 'NONE', #530, 1.750000000000000000 ) ;
#955 = CARTESIAN_POINT ( 'NONE',  ( -3.400000000000000355, -4.899999999999996803, 2.599999999999999645 ) ) ;
#956 = EDGE_CURVE ( 'NONE', #555, #3261, #14, .T. ) ;
#957 = VECTOR ( 'NONE', #1942, 1000.000000000000227 ) ;
#958 = AXIS2_PLACEMENT_3D ( 'NONE', #2187, #493, #2475 ) ;
#959 = DIRECTION ( 'NONE',  ( 0.0000000000000000000, 1.000000000000000000, 0.0000000000000000000 ) ) ;
#960 = DIRECTION ( 'NONE',  ( -0.0000000000000000000, -0.0000000000000000000, 1.000000000000000000 ) ) ;
#961 = CARTESIAN_POINT ( 'NONE',  ( -2.700000000000000178, 1.899999999999999689, 2.699999999999998845 ) ) ;
#962 = DIRECTION ( 'NONE',  ( 1.734723475976806601E-16, -0.0000000000000000000, 1.000000000000000000 ) ) ;
#963 = CARTESIAN_POINT ( 'NONE',  ( 2.700000000000000178, 1.800000000000000044, -2.699999999999999734 ) ) ;
#964 = LINE ( 'NONE', #3277, #3137 ) ;
#965 = LINE ( 'NONE', #823, #1926 ) ;
#966 = CARTESIAN_POINT ( 'NONE',  ( -2.700000000000000178, 1.899999999999999689, 2.949999999999999289 ) ) ;
#967 = EDGE_CURVE ( 'NONE', #1167, #2671, #532, .T. ) ;
#968 = ORIENTED_EDGE ( 'NONE', *, *, #343, .F. ) ;
#969 = ORIENTED_EDGE ( 'NONE', *, *, #1121, .F. ) ;
#970 = AXIS2_PLACEMENT_3D ( 'NONE', #810, #2133, #28 ) ;
#971 = VECTOR ( 'NONE', #2106, 1000.000000000000000 ) ;
#972 = AXIS2_PLACEMENT_3D ( 'NONE', #2357, #853, #119 ) ;
#973 = VECTOR ( 'NONE', #2470, 1000.000000000000114 ) ;
#974 = ADVANCED_FACE ( 'NONE', ( #2339 ), #225, .F. ) ;
#975 = VECTOR ( 'NONE', #773, 1000.000000000000000 ) ;
#976 = LINE ( 'NONE', #948, #112 ) ;
#977 = EDGE_LOOP ( 'NONE', ( #287, #864, #2840, #1289 ) ) ;
#978 = DIRECTION ( 'NONE',  ( 1.734723475976802558E-15, 0.0000000000000000000, 1.000000000000000000 ) ) ;
#979 = CARTESIAN_POINT ( 'NONE',  ( 2.700000000000000178, 2.100000000000000089, -2.699999999999998845 ) ) ;
#980 = CARTESIAN_POINT ( 'NONE',  ( 2.700000000000000178, -1.800000000000000044, -3.000000000000000000 ) ) ;
#981 = EDGE_LOOP ( 'NONE', ( #1963, #2758, #1101, #1322 ) ) ;
#982 = LINE ( 'NONE', #1589, #2446 ) ;
#983 = ORIENTED_EDGE ( 'NONE', *, *, #1024, .F. ) ;
#984 = ORIENTED_EDGE ( 'NONE', *, *, #3158, .T. ) ;
#985 = EDGE_CURVE ( 'NONE', #2330, #2656, #1229, .T. ) ;
#986 = DIRECTION ( 'NONE',  ( -0.4472135954999584273, -0.8944271909999156334, 0.0000000000000000000 ) ) ;
#987 = EDGE_CURVE ( 'NONE', #3325, #1032, #1349, .T. ) ;
#988 = ORIENTED_EDGE ( 'NONE', *, *, #313, .F. ) ;
#989 = EDGE_LOOP ( 'NONE', ( #1492, #620, #1669, #2976 ) ) ;
#990 = DIRECTION ( 'NONE',  ( 0.0000000000000000000, 0.0000000000000000000, -1.000000000000000000 ) ) ;
#991 = DIRECTION ( 'NONE',  ( -0.0000000000000000000, -1.000000000000000000, -0.0000000000000000000 ) ) ;
#992 = CARTESIAN_POINT ( 'NONE',  ( -3.000000000000000888, -4.899999999999996803, -2.599999999999999645 ) ) ;
#993 = EDGE_LOOP ( 'NONE', ( #3315, #952, #1172, #615 ) ) ;
#994 = EDGE_LOOP ( 'NONE', ( #3271, #1866, #179, #2431, #267, #1184, #42, #174, #728, #190, #3259, #2904, #1119, #2854 ) ) ;
#995 = ADVANCED_FACE ( 'NONE', ( #3058 ), #2988, .F. ) ;
#996 = EDGE_CURVE ( 'NONE', #1999, #1911, #892, .T. ) ;
#997 = CARTESIAN_POINT ( 'NONE',  ( -2.699999999999998845, 1.800000000000000044, 2.700000000000001066 ) ) ;
#998 = AXIS2_PLACEMENT_3D ( 'NONE', #2641, #3026, #463 ) ;
#999 = ORIENTED_EDGE ( 'NONE', *, *, #721, .F. ) ;
#1000 = ORIENTED_EDGE ( 'NONE', *, *, #2786, .T. ) ;
#1001 = AXIS2_PLACEMENT_3D ( 'NONE', #2728, #1356, #1453 ) ;
#1002 = DIRECTION ( 'NONE',  ( 0.0000000000000000000, 0.0000000000000000000, 1.000000000000000000 ) ) ;
#1003 = DIRECTION ( 'NONE',  ( 1.000000000000000000, -0.0000000000000000000, 1.224646799147353207E-16 ) ) ;
#1005 = ORIENTED_EDGE ( 'NONE', *, *, #3429, .F. ) ;
#1004 = VECTOR ( 'NONE', #2633, 1000.000000000000000 ) ;
#1006 = DIRECTION ( 'NONE',  ( 1.734723475976806601E-16, 0.0000000000000000000, -1.000000000000000000 ) ) ;
#1007 = FACE_OUTER_BOUND ( 'NONE', #768, .T. ) ;
#1008 = LINE ( 'NONE', #186, #2199 ) ;
#1009 = CARTESIAN_POINT ( 'NONE',  ( 3.000000000000000000, -0.7000000000000000666, 2.600000000000000533 ) ) ;
#1010 = ORIENTED_EDGE ( 'NONE', *, *, #1789, .F. ) ;
#1011 = FACE_BOUND ( 'NONE', #3097, .T. ) ;
#1012 = VERTEX_POINT ( 'NONE', #192 ) ;
#1013 = CARTESIAN_POINT ( 'NONE',  ( -3.400000000000000355, -5.299999999999999822, -2.112683772664591508 ) ) ;
#1014 = EDGE_LOOP ( 'NONE', ( #1212, #1116, #1334, #271 ) ) ;
#1015 = CARTESIAN_POINT ( 'NONE',  ( 3.949999999999999734, -3.600000000000000089, 2.600000000000000533 ) ) ;
#1016 = ORIENTED_EDGE ( 'NONE', *, *, #761, .F. ) ;
#1017 = CARTESIAN_POINT ( 'NONE',  ( 3.099999999999999645, -2.570820393249936497, 1.900000000000000133 ) ) ;
#1018 = FACE_OUTER_BOUND ( 'NONE', #1113, .T. ) ;
#1019 = AXIS2_PLACEMENT_3D ( 'NONE', #2643, #570, #2398 ) ;
#1020 = CYLINDRICAL_SURFACE ( 'NONE', #3450, 0.2999999999999999334 ) ;
#1021 = CARTESIAN_POINT ( 'NONE',  ( -2.700000000000000178, 1.899999999999999689, 2.699999999999998845 ) ) ;
#1022 = ORIENTED_EDGE ( 'NONE', *, *, #3339, .T. ) ;
#1023 = DIRECTION ( 'NONE',  ( 1.734723475976806601E-16, -0.0000000000000000000, 1.000000000000000000 ) ) ;
#1024 = EDGE_CURVE ( 'NONE', #1624, #1032, #496, .T. ) ;
#1025 = EDGE_CURVE ( 'NONE', #568, #1316, #1802, .T. ) ;
#1026 = EDGE_CURVE ( 'NONE', #471, #478, #612, .T. ) ;
#1027 = CARTESIAN_POINT ( 'NONE',  ( -3.000000000000000888, -0.6999999999999997335, 2.599999999999999645 ) ) ;
#1028 = DIRECTION ( 'NONE',  ( 0.4472135954999585938, -0.8944271909999155223, 0.0000000000000000000 ) ) ;
#1029 = ORIENTED_EDGE ( 'NONE', *, *, #1429, .T. ) ;
#1030 = LINE ( 'NONE', #882, #2170 ) ;
#1031 = CARTESIAN_POINT ( 'NONE',  ( -2.700000000000000178, 1.899999999999999689, -2.949999999999999289 ) ) ;
#1032 = VERTEX_POINT ( 'NONE', #645 ) ;
#1033 = LINE ( 'NONE', #891, #1103 ) ;
#1034 = CARTESIAN_POINT ( 'NONE',  ( 3.100000000000000533, -0.8000000000000001554, 2.600000000000000533 ) ) ;
#1035 = CARTESIAN_POINT ( 'NONE',  ( 3.099999999999999645, -5.299999999999999822, -2.112683772664592396 ) ) ;
#1036 = LINE ( 'NONE', #2225, #2311 ) ;
#1037 = PLANE ( 'NONE',  #735 ) ;
#1038 = DIRECTION ( 'NONE',  ( -1.000000000000000000, 0.0000000000000000000, 2.409338161078898687E-16 ) ) ;
#1039 = CARTESIAN_POINT ( 'NONE',  ( -2.700000000000000178, 1.899999999999999689, -2.699999999999998845 ) ) ;
#1040 = FACE_OUTER_BOUND ( 'NONE', #3496, .T. ) ;
#1041 = CARTESIAN_POINT ( 'NONE',  ( -3.400000000000000355, -2.500000000000000000, 2.599999999999999645 ) ) ;
#1042 = EDGE_CURVE ( 'NONE', #2057, #1663, #3063, .T. ) ;
#1043 = CARTESIAN_POINT ( 'NONE',  ( -2.700000000000000178, 1.899999999999999689, -2.699999999999998845 ) ) ;
#1044 = ORIENTED_EDGE ( 'NONE', *, *, #1350, .T. ) ;
#1045 = VERTEX_POINT ( 'NONE', #2154 ) ;
#1046 = EDGE_CURVE ( 'NONE', #585, #98, #2259, .T. ) ;
#1047 = AXIS2_PLACEMENT_3D ( 'NONE', #3052, #920, #507 ) ;
#1048 = EDGE_LOOP ( 'NONE', ( #799, #1226, #1745, #1099 ) ) ;
#1049 = DIRECTION ( 'NONE',  ( 1.000000000000000000, 0.0000000000000000000, -1.734723475976806601E-16 ) ) ;
#1050 = DIRECTION ( 'NONE',  ( 8.144033412682009393E-17, -0.8829475928589278766, 0.4694715627858889739 ) ) ;
#1051 = ORIENTED_EDGE ( 'NONE', *, *, #1138, .T. ) ;
#1052 = VERTEX_POINT ( 'NONE', #125 ) ;
#1053 = CARTESIAN_POINT ( 'NONE',  ( 2.700000000000000178, 1.800000000000000044, 3.000000000000000000 ) ) ;
#1054 = ORIENTED_EDGE ( 'NONE', *, *, #2345, .T. ) ;
#1055 = EDGE_CURVE ( 'NONE', #177, #736, #3114, .T. ) ;
#1056 = CARTESIAN_POINT ( 'NONE',  ( 2.143131898507868297E-16, 3.199999999999999734, 1.750000000000000000 ) ) ;
#1057 = EDGE_CURVE ( 'NONE', #1052, #2644, #3218, .T. ) ;
#1058 = CARTESIAN_POINT ( 'NONE',  ( 3.100000000000000533, -0.8000000000000001554, -2.600000000000000533 ) ) ;
#1059 = VERTEX_POINT ( 'NONE', #1151 ) ;
#1060 = CARTESIAN_POINT ( 'NONE',  ( -3.000000000000000888, -0.8000000000000001554, -1.899999999999999245 ) ) ;
#1061 = VECTOR ( 'NONE', #2083, 1000.000000000000000 ) ;
#1062 = EDGE_LOOP ( 'NONE', ( #104, #1100, #1392, #3359 ) ) ;
#1063 = DIRECTION ( 'NONE',  ( 0.0000000000000000000, -1.000000000000000000, 0.0000000000000000000 ) ) ;
#1064 = DIRECTION ( 'NONE',  ( 1.000000000000000000, 1.355252715606878570E-16, 0.0000000000000000000 ) ) ;
#1065 = VERTEX_POINT ( 'NONE', #875 ) ;
#1066 = VERTEX_POINT ( 'NONE', #1035 ) ;
#1067 = CARTESIAN_POINT ( 'NONE',  ( 2.637551003012414963, 2.084135548892076084, -2.817171406940486733 ) ) ;
#1068 = ORIENTED_EDGE ( 'NONE', *, *, #1026, .T. ) ;
#1069 = VECTOR ( 'NONE', #1937, 1000.000000000000000 ) ;
#1070 = AXIS2_PLACEMENT_3D ( 'NONE', #2038, #676, #279 ) ;
#1071 = AXIS2_PLACEMENT_3D ( 'NONE', #1746, #569, #2071 ) ;
#1072 = PLANE ( 'NONE',  #847 ) ;
#1073 = CYLINDRICAL_SURFACE ( 'NONE', #3030, 0.2500000000000006661 ) ;
#1074 = LINE ( 'NONE', #662, #336 ) ;
#1075 = EDGE_CURVE ( 'NONE', #1777, #2775, #554, .T. ) ;
#1076 = EDGE_CURVE ( 'NONE', #315, #736, #2200, .T. ) ;
#1077 = ADVANCED_FACE ( 'NONE', ( #2223 ), #1037, .F. ) ;
#1078 = TOROIDAL_SURFACE ( 'NONE', #958, 0.05000000000000042605, 0.2000000000000000111 ) ;
#1079 = DIRECTION ( 'NONE',  ( 0.0000000000000000000, 1.000000000000000000, 0.0000000000000000000 ) ) ;
#1080 = CARTESIAN_POINT ( 'NONE',  ( 3.614589803375030996, -3.599999999999999201, -1.900000000000000133 ) ) ;
#1081 = CIRCLE ( 'NONE', #2273, 0.2500000000000006661 ) ;
#1082 = LINE ( 'NONE', #1404, #2871 ) ;
#1083 = ORIENTED_EDGE ( 'NONE', *, *, #468, .T. ) ;
#1084 = DIRECTION ( 'NONE',  ( -5.102127870520020982E-16, 1.000000000000000000, 0.0000000000000000000 ) ) ;
#1085 = VERTEX_POINT ( 'NONE', #3037 ) ;
#1086 = FACE_OUTER_BOUND ( 'NONE', #3286, .T. ) ;
#1087 = DIRECTION ( 'NONE',  ( 1.734723475976806601E-16, -0.0000000000000000000, 1.000000000000000000 ) ) ;
#1088 = LINE ( 'NONE', #213, #524 ) ;
#1089 = AXIS2_PLACEMENT_3D ( 'NONE', #784, #2237, #934 ) ;
#1090 = VECTOR ( 'NONE', #1732, 1000.000000000000000 ) ;
#1091 = CARTESIAN_POINT ( 'NONE',  ( -2.637551003012414963, 1.899999999999999689, -3.000000000000000000 ) ) ;
#1092 = ADVANCED_FACE ( 'NONE', ( #2785 ), #3161, .F. ) ;
#1093 = ADVANCED_FACE ( 'NONE', ( #1240 ), #102, .F. ) ;
#1094 = DIRECTION ( 'NONE',  ( 0.0000000000000000000, 0.0000000000000000000, -1.000000000000000000 ) ) ;
#1095 = VERTEX_POINT ( 'NONE', #1157 ) ;
#1096 = LINE ( 'NONE', #1761, #973 ) ;
#1097 = DIRECTION ( 'NONE',  ( -0.4472135954999587604, -0.8944271909999154113, 0.0000000000000000000 ) ) ;
#1098 = CARTESIAN_POINT ( 'NONE',  ( -2.700000000000000178, 1.899999999999999689, -2.449999999999998401 ) ) ;
#1099 = ORIENTED_EDGE ( 'NONE', *, *, #2919, .F. ) ;
#1100 = ORIENTED_EDGE ( 'NONE', *, *, #3491, .F. ) ;
#1101 = ORIENTED_EDGE ( 'NONE', *, *, #3054, .T. ) ;
#1102 = AXIS2_PLACEMENT_3D ( 'NONE', #2120, #3076, #2394 ) ;
#1103 = VECTOR ( 'NONE', #1038, 1000.000000000000000 ) ;
#1104 = DIRECTION ( 'NONE',  ( -0.8944271909999155223, 0.4472135954999588159, 1.551583845779544959E-16 ) ) ;
#1105 = CARTESIAN_POINT ( 'NONE',  ( 3.949999999999999734, -3.600000000000000089, -2.600000000000000533 ) ) ;
#1106 = EDGE_LOOP ( 'NONE', ( #622, #168, #1956, #564 ) ) ;
#1107 = EDGE_LOOP ( 'NONE', ( #103, #180, #1005, #1896 ) ) ;
#1108 = PLANE ( 'NONE',  #1617 ) ;
#1109 = ORIENTED_EDGE ( 'NONE', *, *, #1826, .T. ) ;
#1110 = LINE ( 'NONE', #900, #2281 ) ;
#1111 = AXIS2_PLACEMENT_3D ( 'NONE', #2819, #1613, #1849 ) ;
#1112 = AXIS2_PLACEMENT_3D ( 'NONE', #1043, #187, #1374 ) ;
#1113 = EDGE_LOOP ( 'NONE', ( #3152, #3385, #3147, #3395 ) ) ;
#1114 = LINE ( 'NONE', #3069, #3126 ) ;
#1115 = CARTESIAN_POINT ( 'NONE',  ( 2.599999999999999645, -0.6999999999999999556, -1.900000000000000133 ) ) ;
#1116 = ORIENTED_EDGE ( 'NONE', *, *, #1730, .F. ) ;
#1117 = MANIFOLD_SOLID_BREP ( 'Cut-Extrude1', #2713 ) ;
#1118 = EDGE_CURVE ( 'NONE', #1609, #2642, #546, .T. ) ;
#1119 = ORIENTED_EDGE ( 'NONE', *, *, #3090, .T. ) ;
#1120 = VERTEX_POINT ( 'NONE', #1164 ) ;
#1121 = EDGE_CURVE ( 'NONE', #3407, #328, #2788, .T. ) ;
#1122 = ADVANCED_FACE ( 'NONE', ( #551 ), #1380, .T. ) ;
#1123 = LINE ( 'NONE', #2791, #3373 ) ;
#1124 = LINE ( 'NONE', #2548, #957 ) ;
#1125 = VECTOR ( 'NONE', #3331, 1000.000000000000000 ) ;
#1126 = ORIENTED_EDGE ( 'NONE', *, *, #2611, .T. ) ;
#1127 = LINE ( 'NONE', #2308, #1467 ) ;
#1128 = ORIENTED_EDGE ( 'NONE', *, *, #3249, .F. ) ;
#1129 = DIRECTION ( 'NONE',  ( -0.0000000000000000000, -1.000000000000000000, -0.0000000000000000000 ) ) ;
#1130 = CARTESIAN_POINT ( 'NONE',  ( -3.400000000000000355, -2.500000000000000000, -2.599999999999999645 ) ) ;
#1131 = CIRCLE ( 'NONE', #1047, 0.2500000000000006661 ) ;
#1132 = EDGE_LOOP ( 'NONE', ( #616, #2557, #2534, #505, #2931, #508 ) ) ;
#1133 = CARTESIAN_POINT ( 'NONE',  ( 3.099999999999999645, -4.899999999999996803, -2.600000000000000533 ) ) ;
#1134 = DIRECTION ( 'NONE',  ( -1.734723475976806601E-16, 0.0000000000000000000, 1.000000000000000000 ) ) ;
#1135 = VERTEX_POINT ( 'NONE', #1390 ) ;
#1136 = EDGE_CURVE ( 'NONE', #2464, #1609, #1885, .T. ) ;
#1137 = EDGE_CURVE ( 'NONE', #2029, #3125, #3011, .T. ) ;
#1138 = EDGE_CURVE ( 'NONE', #568, #2433, #595, .T. ) ;
#1139 = CARTESIAN_POINT ( 'NONE',  ( -3.400000000000001243, -0.8000000000000001554, -2.599999999999999645 ) ) ;
#1140 = EDGE_LOOP ( 'NONE', ( #426, #185, #3298, #2905, #1387, #1441, #3486, #1509 ) ) ;
#1141 = VECTOR ( 'NONE', #772, 1000.000000000000114 ) ;
#1142 = CIRCLE ( 'NONE', #1512, 0.2500000000000006661 ) ;
#1143 = AXIS2_PLACEMENT_3D ( 'NONE', #3081, #2112, #2979 ) ;
#1144 = FACE_OUTER_BOUND ( 'NONE', #989, .T. ) ;
#1145 = DIRECTION ( 'NONE',  ( 0.8944271909999147452, 0.4472135954999602037, 1.551583845779543480E-16 ) ) ;
#1146 = CIRCLE ( 'NONE', #1959, 0.1000000000000002554 ) ;
#1147 = ORIENTED_EDGE ( 'NONE', *, *, #567, .T. ) ;
#1148 = LINE ( 'NONE', #3012, #479 ) ;
#1149 = DIRECTION ( 'NONE',  ( -1.000000000000000000, 0.0000000000000000000, -1.734723475976806601E-16 ) ) ;
#1150 = PLANE ( 'NONE',  #2360 ) ;
#1151 = CARTESIAN_POINT ( 'NONE',  ( 3.399999999999999467, -2.500000000000000000, 2.600000000000000533 ) ) ;
#1152 = ORIENTED_EDGE ( 'NONE', *, *, #1076, .F. ) ;
#1153 = AXIS2_PLACEMENT_3D ( 'NONE', #3503, #2479, #3057 ) ;
#1154 = ORIENTED_EDGE ( 'NONE', *, *, #474, .F. ) ;
#1155 = CARTESIAN_POINT ( 'NONE',  ( 2.700000000000000178, 1.899999999999999689, -2.699999999999998845 ) ) ;
#1156 = EDGE_CURVE ( 'NONE', #257, #1095, #1769, .T. ) ;
#1157 = CARTESIAN_POINT ( 'NONE',  ( 0.0000000000000000000, 1.800000000000000044, -1.750000000000000000 ) ) ;
#1158 = EDGE_CURVE ( 'NONE', #2241, #1166, #563, .T. ) ;
#1159 = ORIENTED_EDGE ( 'NONE', *, *, #405, .F. ) ;
#1160 = VECTOR ( 'NONE', #3246, 1000.000000000000000 ) ;
#1161 = EDGE_LOOP ( 'NONE', ( #623, #298, #2478, #51, #1611, #1851 ) ) ;
#1162 = ORIENTED_EDGE ( 'NONE', *, *, #1628, .T. ) ;
#1163 = ORIENTED_EDGE ( 'NONE', *, *, #872, .F. ) ;
#1164 = CARTESIAN_POINT ( 'NONE',  ( -2.999999999999999112, -1.800000000000000044, 2.700000000000001066 ) ) ;
#1165 = ORIENTED_EDGE ( 'NONE', *, *, #3007, .F. ) ;
#1166 = VERTEX_POINT ( 'NONE', #1903 ) ;
#1167 = VERTEX_POINT ( 'NONE', #2550 ) ;
#1168 = LINE ( 'NONE', #84, #396 ) ;
#1169 = AXIS2_PLACEMENT_3D ( 'NONE', #226, #224, #214 ) ;
#1170 = FACE_OUTER_BOUND ( 'NONE', #1107, .T. ) ;
#1171 = CARTESIAN_POINT ( 'NONE',  ( 2.700000000000000178, 1.800000000000000044, 2.699999999999998845 ) ) ;
#1172 = ORIENTED_EDGE ( 'NONE', *, *, #3293, .T. ) ;
#1173 = CARTESIAN_POINT ( 'NONE',  ( -2.637551003012415407, 2.071240716755016642, -2.555621596853510535 ) ) ;
#1174 = CARTESIAN_POINT ( 'NONE',  ( -3.400000000000000355, -4.699999999999997513, -2.599999999999999645 ) ) ;
#1175 = DIRECTION ( 'NONE',  ( 1.734723475976806601E-16, 0.0000000000000000000, -1.000000000000000000 ) ) ;
#1176 = DIRECTION ( 'NONE',  ( 1.734723475976806601E-16, -0.0000000000000000000, 1.000000000000000000 ) ) ;
#1177 = ORIENTED_EDGE ( 'NONE', *, *, #367, .F. ) ;
#1178 = ORIENTED_EDGE ( 'NONE', *, *, #1649, .F. ) ;
#1179 = ADVANCED_FACE ( 'NONE', ( #3344 ), #2615, .T. ) ;
#1180 = PLANE ( 'NONE',  #2861 ) ;
#1181 = CARTESIAN_POINT ( 'NONE',  ( -3.000000000000000888, -0.3999999999999999667, -2.599999999999999645 ) ) ;
#1182 = DIRECTION ( 'NONE',  ( 1.734723475976806601E-16, -0.0000000000000000000, 1.000000000000000000 ) ) ;
#1183 = DIRECTION ( 'NONE',  ( 0.8944271909999148562, -0.4472135954999600926, 1.551583845779543480E-16 ) ) ;
#1184 = ORIENTED_EDGE ( 'NONE', *, *, #79, .T. ) ;
#1185 = CARTESIAN_POINT ( 'NONE',  ( -3.000000000000000888, -0.8000000000000001554, 2.599999999999999645 ) ) ;
#1186 = VECTOR ( 'NONE', #127, 1000.000000000000000 ) ;
#1187 = AXIS2_PLACEMENT_3D ( 'NONE', #559, #1705, #401 ) ;
#1188 = CARTESIAN_POINT ( 'NONE',  ( -2.762448996987585836, 2.099583286130045412, 2.669526596244397254 ) ) ;
#1189 = EDGE_CURVE ( 'NONE', #2635, #1777, #2608, .T. ) ;
#1190 = CARTESIAN_POINT ( 'NONE',  ( -2.700000000000000178, 2.100000000000000089, 2.699999999999998845 ) ) ;
#1191 = ORIENTED_EDGE ( 'NONE', *, *, #2518, .F. ) ;
#1192 = EDGE_CURVE ( 'NONE', #585, #98, #263, .T. ) ;
#1193 = LINE ( 'NONE', #1181, #2582 ) ;
#1194 = ORIENTED_EDGE ( 'NONE', *, *, #230, .F. ) ;
#1195 = ORIENTED_EDGE ( 'NONE', *, *, #1628, .F. ) ;
#1196 = CARTESIAN_POINT ( 'NONE',  ( 3.000000000000000000, -0.3999999999999999667, -1.900000000000000133 ) ) ;
#1197 = ADVANCED_FACE ( 'NONE', ( #2162 ), #2152, .F. ) ;
#1198 = ADVANCED_FACE ( 'NONE', ( #2492 ), #1225, .F. ) ;
#1199 = DIRECTION ( 'NONE',  ( -0.4472135954999582053, 0.8944271909999156334, 0.0000000000000000000 ) ) ;
#1200 = DIRECTION ( 'NONE',  ( 8.144033412682009393E-17, 0.8829475928589278766, -0.4694715627858889739 ) ) ;
#1201 = CARTESIAN_POINT ( 'NONE',  ( 2.637551003012414963, 2.098551690761753630, 2.758808444472551358 ) ) ;
#1202 = ORIENTED_EDGE ( 'NONE', *, *, #883, .F. ) ;
#1203 = VECTOR ( 'NONE', #1200, 1000.000000000000000 ) ;
#1204 = CARTESIAN_POINT ( 'NONE',  ( 2.762448996987585392, 2.071748216696299938, 2.556509393195813828 ) ) ;
#1205 = DIRECTION ( 'NONE',  ( 1.000000000000000000, 0.0000000000000000000, 0.0000000000000000000 ) ) ;
#1206 = DIRECTION ( 'NONE',  ( -1.734723475976806601E-16, 0.0000000000000000000, 1.000000000000000000 ) ) ;
#1207 = CARTESIAN_POINT ( 'NONE',  ( -2.700000000000000178, 1.899999999999999689, 2.449999999999998401 ) ) ;
#1208 = EDGE_CURVE ( 'NONE', #1343, #1553, #320, .T. ) ;
#1209 = CARTESIAN_POINT ( 'NONE',  ( -3.100000000000000533, -2.570820393249936942, -2.599999999999999645 ) ) ;
#1210 = DIRECTION ( 'NONE',  ( -0.0000000000000000000, -1.000000000000000000, -0.0000000000000000000 ) ) ;
#1211 = PLANE ( 'NONE',  #1742 ) ;
#1212 = ORIENTED_EDGE ( 'NONE', *, *, #1514, .T. ) ;
#1213 = ORIENTED_EDGE ( 'NONE', *, *, #2944, .T. ) ;
#1214 = CIRCLE ( 'NONE', #1169, 0.2500000000000006661 ) ;
#1215 = ORIENTED_EDGE ( 'NONE', *, *, #128, .T. ) ;
#1216 = DIRECTION ( 'NONE',  ( -5.102127870520020982E-16, -1.000000000000000000, -0.0000000000000000000 ) ) ;
#1217 = ORIENTED_EDGE ( 'NONE', *, *, #310, .T. ) ;
#1218 = ORIENTED_EDGE ( 'NONE', *, *, #491, .F. ) ;
#1219 = DIRECTION ( 'NONE',  ( 1.734723475976806601E-16, 0.0000000000000000000, -1.000000000000000000 ) ) ;
#1220 = ORIENTED_EDGE ( 'NONE', *, *, #639, .T. ) ;
#1221 = EDGE_CURVE ( 'NONE', #2794, #2679, #26, .T. ) ;
#1222 = CARTESIAN_POINT ( 'NONE',  ( 3.400000000000000355, -0.8000000000000001554, 2.600000000000000533 ) ) ;
#1223 = ADVANCED_FACE ( 'NONE', ( #2821 ), #1645, .F. ) ;
#1224 = EDGE_CURVE ( 'NONE', #2912, #1135, #674, .T. ) ;
#1225 = PLANE ( 'NONE',  #972 ) ;
#1226 = ORIENTED_EDGE ( 'NONE', *, *, #1357, .T. ) ;
#1227 = LINE ( 'NONE', #1222, #2274 ) ;
#1228 = ORIENTED_EDGE ( 'NONE', *, *, #2992, .F. ) ;
#1229 = CIRCLE ( 'NONE', #2852, 0.1000000000000002554 ) ;
#1230 = VERTEX_POINT ( 'NONE', #2870 ) ;
#1231 = VECTOR ( 'NONE', #2830, 1000.000000000000000 ) ;
#1232 = CARTESIAN_POINT ( 'NONE',  ( -2.762448996987585392, 2.098551690761753630, -2.641191555527446333 ) ) ;
#1233 = ADVANCED_FACE ( 'NONE', ( #2333 ), #936, .F. ) ;
#1234 = APPROVAL_PERSON_ORGANIZATION ( #2726, #1832, #2718 ) ;
#1235 = CIRCLE ( 'NONE', #1102, 0.1000000000000002554 ) ;
#1236 = CARTESIAN_POINT ( 'NONE',  ( 2.599999999999999645, -0.6999999999999999556, 2.600000000000000533 ) ) ;
#1237 = ORIENTED_EDGE ( 'NONE', *, *, #2547, .F. ) ;
#1238 = DIRECTION ( 'NONE',  ( 1.734723475976806601E-16, 0.0000000000000000000, -1.000000000000000000 ) ) ;
#1239 = CARTESIAN_POINT ( 'NONE',  ( 2.700000000000000622, 1.800000000000000044, 2.700000000000000622 ) ) ;
#1240 = FACE_OUTER_BOUND ( 'NONE', #3186, .T. ) ;
#1241 = ADVANCED_FACE ( 'NONE', ( #762 ), #1615, .F. ) ;
#1242 = ORIENTED_EDGE ( 'NONE', *, *, #3143, .T. ) ;
#1243 = LINE ( 'NONE', #1460, #770 ) ;
#1244 = CARTESIAN_POINT ( 'NONE',  ( 2.599999999999999645, -0.4000000000000000222, 2.600000000000000533 ) ) ;
#1245 = ORIENTED_EDGE ( 'NONE', *, *, #3305, .F. ) ;
#1246 = ORIENTED_EDGE ( 'NONE', *, *, #1075, .T. ) ;
#1247 = VECTOR ( 'NONE', #437, 1000.000000000000227 ) ;
#1248 = LINE ( 'NONE', #420, #2432 ) ;
#1249 = ORIENTED_EDGE ( 'NONE', *, *, #128, .F. ) ;
#1250 = DIRECTION ( 'NONE',  ( 1.000000000000000000, 1.355252715606878570E-16, 0.0000000000000000000 ) ) ;
#1251 = CC_DESIGN_DATE_AND_TIME_ASSIGNMENT ( #2590, #2586, ( #642 ) ) ;
#1252 = DIRECTION ( 'NONE',  ( 0.0000000000000000000, 0.0000000000000000000, 1.000000000000000000 ) ) ;
#1253 = AXIS2_PLACEMENT_3D ( 'NONE', #624, #3326, #1295 ) ;
#1254 = VECTOR ( 'NONE', #3482, 1000.000000000000000 ) ;
#1255 = CARTESIAN_POINT ( 'NONE',  ( -2.600000000000000533, -0.4000000000000000222, 1.899999999999999245 ) ) ;
#1256 = DIRECTION ( 'NONE',  ( 1.040834085586081417E-14, 0.0000000000000000000, -1.000000000000000000 ) ) ;
#1257 = EDGE_CURVE ( 'NONE', #2661, #328, #1521, .T. ) ;
#1258 = DIRECTION ( 'NONE',  ( 0.0000000000000000000, 1.000000000000000000, -0.0000000000000000000 ) ) ;
#1259 = DIRECTION ( 'NONE',  ( -0.0000000000000000000, -1.000000000000000000, -0.0000000000000000000 ) ) ;
#1260 = CARTESIAN_POINT ( 'NONE',  ( 3.000000000000000000, -4.899999999999996803, 2.600000000000000533 ) ) ;
#1261 = CARTESIAN_POINT ( 'NONE',  ( 3.949999999999999734, -3.600000000000000089, -1.900000000000000577 ) ) ;
#1262 = LINE ( 'NONE', #1260, #2238 ) ;
#1263 = CIRCLE ( 'NONE', #350, 0.2500000000000006661 ) ;
#1264 = EDGE_CURVE ( 'NONE', #2129, #2381, #3420, .T. ) ;
#1265 = CARTESIAN_POINT ( 'NONE',  ( -3.400000000000000355, -4.699999999999997513, -2.599999999999999645 ) ) ;
#1266 = EDGE_CURVE ( 'NONE', #2538, #2191, #2921, .T. ) ;
#1267 = DIRECTION ( 'NONE',  ( -0.4472135954999602037, 0.8944271909999147452, 3.526326922226240134E-16 ) ) ;
#1268 = ORIENTED_EDGE ( 'NONE', *, *, #474, .T. ) ;
#1269 = DIRECTION ( 'NONE',  ( 0.0000000000000000000, -0.0000000000000000000, -1.000000000000000000 ) ) ;
#1270 = CARTESIAN_POINT ( 'NONE',  ( 3.399999999999999467, -5.299999999999999822, 2.112683772664592396 ) ) ;
#1271 = DIRECTION ( 'NONE',  ( 4.898078547630453703E-16, 1.000000000000000000, 0.0000000000000000000 ) ) ;
#1272 = CARTESIAN_POINT ( 'NONE',  ( 2.700000000000000178, 1.899999999999999689, 2.699999999999998845 ) ) ;
#1273 = ORIENTED_EDGE ( 'NONE', *, *, #2169, .F. ) ;
#1274 = AXIS2_PLACEMENT_3D ( 'NONE', #3327, #2850, #1985 ) ;
#1275 = EDGE_CURVE ( 'NONE', #2320, #2221, #3500, .T. ) ;
#1276 = LINE ( 'NONE', #1518, #1568 ) ;
#1277 = AXIS2_PLACEMENT_3D ( 'NONE', #1039, #2822, #1827 ) ;
#1278 = EDGE_LOOP ( 'NONE', ( #1154, #2441, #2014, #2907, #2883, #1394 ) ) ;
#1279 = ORIENTED_EDGE ( 'NONE', *, *, #1221, .F. ) ;
#1280 = CARTESIAN_POINT ( 'NONE',  ( 2.637551003012414963, 1.899999999999999689, -2.942074622328000988 ) ) ;
#1281 = EDGE_CURVE ( 'NONE', #844, #1307, #828, .T. ) ;
#1282 = FACE_BOUND ( 'NONE', #1881, .T. ) ;
#1283 = DIRECTION ( 'NONE',  ( 4.898078547630451731E-16, -1.000000000000000000, 0.0000000000000000000 ) ) ;
#1284 = VERTEX_POINT ( 'NONE', #248 ) ;
#1285 = LINE ( 'NONE', #2516, #696 ) ;
#1286 = DIRECTION ( 'NONE',  ( -0.0000000000000000000, -1.000000000000000000, -0.0000000000000000000 ) ) ;
#1287 = LOCAL_TIME ( 13, 11, 32.00000000000000000, #2600 ) ;
#1288 = DIRECTION ( 'NONE',  ( -1.000000000000000000, -4.898078547630451731E-16, -1.734723475976806601E-16 ) ) ;
#1289 = ORIENTED_EDGE ( 'NONE', *, *, #837, .T. ) ;
#1290 = DIRECTION ( 'NONE',  ( -1.000000000000000000, 2.710505431213757141E-16, 0.0000000000000000000 ) ) ;
#1291 = EDGE_CURVE ( 'NONE', #910, #1684, #829, .T. ) ;
#1292 = ORIENTED_EDGE ( 'NONE', *, *, #639, .F. ) ;
#1293 = AXIS2_PLACEMENT_3D ( 'NONE', #2048, #3452, #283 ) ;
#1294 = DIRECTION ( 'NONE',  ( 0.0000000000000000000, 1.000000000000000000, 0.0000000000000000000 ) ) ;
#1295 = DIRECTION ( 'NONE',  ( -1.000000000000000000, 0.0000000000000000000, 0.0000000000000000000 ) ) ;
#1296 = VECTOR ( 'NONE', #3462, 1000.000000000000000 ) ;
#1297 = LINE ( 'NONE', #3505, #3454 ) ;
#1298 = CARTESIAN_POINT ( 'NONE',  ( 3.099999999999999645, -2.570820393249936497, -2.600000000000000533 ) ) ;
#1299 = CARTESIAN_POINT ( 'NONE',  ( -3.100000000000000977, -0.8000000000000001554, 2.599999999999999645 ) ) ;
#1300 = PLANE ( 'NONE',  #3459 ) ;
#1301 = VECTOR ( 'NONE', #242, 1000.000000000000000 ) ;
#1302 = VECTOR ( 'NONE', #1064, 1000.000000000000000 ) ;
#1303 = VECTOR ( 'NONE', #3354, 1000.000000000000000 ) ;
#1304 = AXIS2_PLACEMENT_3D ( 'NONE', #2168, #422, #935 ) ;
#1305 = DIRECTION ( 'NONE',  ( 1.000000000000000000, 5.102127870520020982E-16, -1.734723475976806601E-16 ) ) ;
#1306 = LINE ( 'NONE', #2925, #2064 ) ;
#1307 = VERTEX_POINT ( 'NONE', #966 ) ;
#1308 = LINE ( 'NONE', #2224, #2932 ) ;
#1309 = FACE_OUTER_BOUND ( 'NONE', #896, .T. ) ;
#1310 = CARTESIAN_POINT ( 'NONE',  ( -3.000000000000000888, -0.8000000000000001554, -2.599999999999999645 ) ) ;
#1311 = EDGE_LOOP ( 'NONE', ( #2033, #1737, #3236, #1683 ) ) ;
#1312 = CARTESIAN_POINT ( 'NONE',  ( 3.400000000000000355, -0.8000000000000001554, -2.600000000000000533 ) ) ;
#1313 = CC_DESIGN_APPROVAL ( #1832, ( #3494 ) ) ;
#1314 = LINE ( 'NONE', #2847, #908 ) ;
#1315 = ORIENTED_EDGE ( 'NONE', *, *, #2893, .T. ) ;
#1316 = VERTEX_POINT ( 'NONE', #1474 ) ;
#1317 = LINE ( 'NONE', #3155, #3260 ) ;
#1318 = ORIENTED_EDGE ( 'NONE', *, *, #2326, .T. ) ;
#1319 = FACE_OUTER_BOUND ( 'NONE', #457, .T. ) ;
#1320 = ADVANCED_FACE ( 'NONE', ( #1816 ), #3472, .F. ) ;
#1321 = ORIENTED_EDGE ( 'NONE', *, *, #3007, .T. ) ;
#1322 = ORIENTED_EDGE ( 'NONE', *, *, #1329, .T. ) ;
#1323 = ORIENTED_EDGE ( 'NONE', *, *, #276, .T. ) ;
#1324 = EDGE_LOOP ( 'NONE', ( #2818, #2055, #70, #1416 ) ) ;
#1325 = CARTESIAN_POINT ( 'NONE',  ( 3.614589803375030996, -3.599999999999999201, -2.600000000000000533 ) ) ;
#1326 = LINE ( 'NONE', #621, #1588 ) ;
#1327 = ORIENTED_EDGE ( 'NONE', *, *, #433, .T. ) ;
#1328 = EDGE_LOOP ( 'NONE', ( #3393, #3168, #1430, #1044 ) ) ;
#1329 = EDGE_CURVE ( 'NONE', #1690, #1065, #3197, .T. ) ;
#1330 = EDGE_LOOP ( 'NONE', ( #1776, #3049, #2488, #2074, #233, #107, #1960, #3355, #307, #78, #2148, #1929, #2494, #2895 ) ) ;
#1331 = AXIS2_PLACEMENT_3D ( 'NONE', #1171, #742, #1420 ) ;
#1332 = DIRECTION ( 'NONE',  ( 1.000000000000000000, 0.0000000000000000000, 0.0000000000000000000 ) ) ;
#1333 = DIRECTION ( 'NONE',  ( -1.734723475976806601E-16, 0.0000000000000000000, -1.000000000000000000 ) ) ;
#1334 = ORIENTED_EDGE ( 'NONE', *, *, #1137, .F. ) ;
#1335 = EDGE_LOOP ( 'NONE', ( #1159, #1975, #2683, #521 ) ) ;
#1336 = CARTESIAN_POINT ( 'NONE',  ( -3.100000000000000533, -2.570820393249936942, -1.899999999999999245 ) ) ;
#1337 = CARTESIAN_POINT ( 'NONE',  ( -2.700000000000000178, 1.800000000000000044, -2.699999999999998845 ) ) ;
#1338 = ORIENTED_EDGE ( 'NONE', *, *, #739, .T. ) ;
#1339 = PLANE ( 'NONE',  #2963 ) ;
#1340 = DIRECTION ( 'NONE',  ( 1.734723475976806601E-16, 0.0000000000000000000, -1.000000000000000000 ) ) ;
#1341 = AXIS2_PLACEMENT_3D ( 'NONE', #2690, #2572, #1656 ) ;
#1342 = DIRECTION ( 'NONE',  ( 0.0000000000000000000, 1.000000000000000000, -0.0000000000000000000 ) ) ;
#1343 = VERTEX_POINT ( 'NONE', #751 ) ;
#1344 = EDGE_CURVE ( 'NONE', #3411, #467, #3418, .T. ) ;
#1345 = LINE ( 'NONE', #47, #2266 ) ;
#1346 = EDGE_LOOP ( 'NONE', ( #2127, #745 ) ) ;
#1347 = CARTESIAN_POINT ( 'NONE',  ( -2.999999999999999556, -1.800000000000000044, -2.699999999999998845 ) ) ;
#1348 = AXIS2_PLACEMENT_3D ( 'NONE', #723, #485, #2079 ) ;
#1349 = LINE ( 'NONE', #586, #3341 ) ;
#1350 = EDGE_CURVE ( 'NONE', #1988, #478, #813, .T. ) ;
#1351 = EDGE_CURVE ( 'NONE', #1230, #3325, #818, .T. ) ;
#1352 = CARTESIAN_POINT ( 'NONE',  ( 3.000000000000000000, -0.8000000000000001554, 2.600000000000000533 ) ) ;
#1353 = CYLINDRICAL_SURFACE ( 'NONE', #2942, 0.4000000000000001887 ) ;
#1354 = EDGE_CURVE ( 'NONE', #2583, #2129, #2087, .T. ) ;
#1355 = DIRECTION ( 'NONE',  ( -0.0000000000000000000, -1.000000000000000000, -0.0000000000000000000 ) ) ;
#1356 = DIRECTION ( 'NONE',  ( -1.734723475976806601E-16, 0.0000000000000000000, -1.000000000000000000 ) ) ;
#1357 = EDGE_CURVE ( 'NONE', #1620, #845, #2706, .T. ) ;
#1358 = CC_DESIGN_APPROVAL ( #1364, ( #3084 ) ) ;
#1359 = AXIS2_PLACEMENT_3D ( 'NONE', #250, #3222, #72 ) ;
#1360 = AXIS2_PLACEMENT_3D ( 'NONE', #2113, #3311, #1250 ) ;
#1361 = CARTESIAN_POINT ( 'NONE',  ( -3.000000000000000888, -0.8000000000000001554, 1.899999999999999245 ) ) ;
#1362 = DIRECTION ( 'NONE',  ( -1.000000000000000000, 5.102127870520020982E-16, 1.734723475976806601E-16 ) ) ;
#1363 = ORIENTED_EDGE ( 'NONE', *, *, #2875, .T. ) ;
#1364 = APPROVAL ( #2659, 'UNSPECIFIED' ) ;
#1365 = DIRECTION ( 'NONE',  ( 1.734723475976806601E-16, -0.0000000000000000000, 1.000000000000000000 ) ) ;
#1366 = DIRECTION ( 'NONE',  ( 0.0000000000000000000, 0.0000000000000000000, -1.000000000000000000 ) ) ;
#1367 = EDGE_LOOP ( 'NONE', ( #3043, #1178, #1494, #108 ) ) ;
#1368 = CARTESIAN_POINT ( 'NONE',  ( -3.400000000000000355, -2.500000000000000000, 2.599999999999999645 ) ) ;
#1369 = CARTESIAN_POINT ( 'NONE',  ( 2.700000000000000178, 1.899999999999999689, -2.699999999999998845 ) ) ;
#1370 = VECTOR ( 'NONE', #1219, 1000.000000000000000 ) ;
#1371 = AXIS2_PLACEMENT_3D ( 'NONE', #74, #1258, #729 ) ;
#1372 = VECTOR ( 'NONE', #3056, 1000.000000000000000 ) ;
#1373 = ORIENTED_EDGE ( 'NONE', *, *, #24, .F. ) ;
#1374 = DIRECTION ( 'NONE',  ( -1.734723475976802558E-15, 0.0000000000000000000, 1.000000000000000000 ) ) ;
#1375 = AXIS2_PLACEMENT_3D ( 'NONE', #1270, #3047, #1423 ) ;
#1376 = VERTEX_POINT ( 'NONE', #2898 ) ;
#1377 = DIRECTION ( 'NONE',  ( -0.4472135954999582053, 0.8944271909999156334, 0.0000000000000000000 ) ) ;
#1378 = B_SPLINE_CURVE_WITH_KNOTS ( 'NONE', 3,
 ( #2508, #2027, #153, #1173, #335, #2623, #3360, #1463, #1708, #215, #518, #481, #384, #2676 ),
 .UNSPECIFIED., .F., .F.,
 ( 4, 2, 2, 2, 2, 2, 4 ),
 ( 0.001067800603929041584, 0.001245752549194013544, 0.001334728521826498981, 0.001423704494458984636, 0.001512680467091470074, 0.001601656439723955511, 0.001779608384988927254 ),
 .UNSPECIFIED. ) ;
#1379 = DIRECTION ( 'NONE',  ( -0.0000000000000000000, -1.000000000000000000, -0.0000000000000000000 ) ) ;
#1380 = CYLINDRICAL_SURFACE ( 'NONE', #656, 0.4000000000000001887 ) ;
#1381 = EDGE_CURVE ( 'NONE', #1166, #444, #1894, .T. ) ;
#1382 = ORIENTED_EDGE ( 'NONE', *, *, #1291, .T. ) ;
#1383 = FACE_OUTER_BOUND ( 'NONE', #2527, .T. ) ;
#1384 = ORIENTED_EDGE ( 'NONE', *, *, #65, .T. ) ;
#1385 = FACE_OUTER_BOUND ( 'NONE', #894, .T. ) ;
#1386 = VECTOR ( 'NONE', #1491, 1000.000000000000000 ) ;
#1387 = ORIENTED_EDGE ( 'NONE', *, *, #294, .F. ) ;
#1388 = ORIENTED_EDGE ( 'NONE', *, *, #2234, .F. ) ;
#1389 = EDGE_CURVE ( 'NONE', #1066, #1506, #1248, .T. ) ;
#1390 = CARTESIAN_POINT ( 'NONE',  ( 3.099999999999999645, -2.570820393249936497, -1.900000000000000133 ) ) ;
#1391 = AXIS2_PLACEMENT_3D ( 'NONE', #2131, #143, #3250 ) ;
#1392 = ORIENTED_EDGE ( 'NONE', *, *, #1550, .T. ) ;
#1393 = DIRECTION ( 'NONE',  ( -0.0000000000000000000, 1.000000000000000000, -0.0000000000000000000 ) ) ;
#1394 = ORIENTED_EDGE ( 'NONE', *, *, #144, .F. ) ;
#1395 = EDGE_LOOP ( 'NONE', ( #1315, #3301, #2962, #2440 ) ) ;
#1396 = DIRECTION ( 'NONE',  ( 1.734723475976806601E-16, -0.0000000000000000000, 1.000000000000000000 ) ) ;
#1397 = VECTOR ( 'NONE', #911, 1000.000000000000114 ) ;
#1398 = ORIENTED_EDGE ( 'NONE', *, *, #3366, .T. ) ;
#1399 = DIRECTION ( 'NONE',  ( 1.734723475976806601E-16, 0.0000000000000000000, -1.000000000000000000 ) ) ;
#1400 = VECTOR ( 'NONE', #2592, 1000.000000000000000 ) ;
#1401 = ORIENTED_EDGE ( 'NONE', *, *, #502, .T. ) ;
#1402 = ORIENTED_EDGE ( 'NONE', *, *, #405, .T. ) ;
#1403 = DIRECTION ( 'NONE',  ( -0.4472135954999588159, -0.8944271909999154113, 3.526326922226245558E-16 ) ) ;
#1404 = CARTESIAN_POINT ( 'NONE',  ( 3.099999999999999645, -2.570820393249936497, 1.900000000000000133 ) ) ;
#1405 = EDGE_LOOP ( 'NONE', ( #1772, #3231 ) ) ;
#1406 = ADVANCED_FACE ( 'NONE', ( #670 ), #395, .F. ) ;
#1407 = DIRECTION ( 'NONE',  ( 1.000000000000000000, 1.355252715606878570E-16, -0.0000000000000000000 ) ) ;
#1408 = ORIENTED_EDGE ( 'NONE', *, *, #1731, .F. ) ;
#1409 = CARTESIAN_POINT ( 'NONE',  ( -3.100000000000000533, -2.570820393249936942, 2.599999999999999645 ) ) ;
#1410 = LINE ( 'NONE', #314, #2327 ) ;
#1411 = DIRECTION ( 'NONE',  ( -0.0000000000000000000, -1.000000000000000000, -0.0000000000000000000 ) ) ;
#1412 = CARTESIAN_POINT ( 'NONE',  ( 3.949999999999999734, -3.600000000000000089, -2.600000000000000533 ) ) ;
#1413 = VECTOR ( 'NONE', #658, 1000.000000000000000 ) ;
#1414 = ADVANCED_FACE ( 'NONE', ( #1591 ), #3254, .F. ) ;
#1415 = DIRECTION ( 'NONE',  ( 8.031127203596329369E-17, 0.0000000000000000000, 1.000000000000000000 ) ) ;
#1416 = ORIENTED_EDGE ( 'NONE', *, *, #1784, .T. ) ;
#1417 = VECTOR ( 'NONE', #1564, 1000.000000000000000 ) ;
#1418 = CARTESIAN_POINT ( 'NONE',  ( -2.999999999999999556, 1.800000000000000044, -2.699999999999998845 ) ) ;
#1419 = LINE ( 'NONE', #1482, #1875 ) ;
#1420 = DIRECTION ( 'NONE',  ( 0.0000000000000000000, 0.0000000000000000000, -1.000000000000000000 ) ) ;
#1421 = AXIS2_PLACEMENT_3D ( 'NONE', #2005, #2002, #1993 ) ;
#1422 = CARTESIAN_POINT ( 'NONE',  ( 2.762448996987585392, 2.299999999999999822, -3.000000000000000000 ) ) ;
#1423 = DIRECTION ( 'NONE',  ( 1.000000000000000000, 0.0000000000000000000, 1.734723475976806601E-16 ) ) ;
#1424 = CARTESIAN_POINT ( 'NONE',  ( 3.000000000000000000, -0.8000000000000001554, -1.900000000000000133 ) ) ;
#1425 = LINE ( 'NONE', #1418, #461 ) ;
#1426 = LINE ( 'NONE', #1666, #562 ) ;
#1427 = CARTESIAN_POINT ( 'NONE',  ( -2.762448996987585392, 1.899999999999999689, -3.000000000000000000 ) ) ;
#1428 = DIRECTION ( 'NONE',  ( -1.000000000000000000, -2.585973076299239643E-15, -1.734723475976806601E-16 ) ) ;
#1429 = EDGE_CURVE ( 'NONE', #1844, #1052, #514, .T. ) ;
#1430 = ORIENTED_EDGE ( 'NONE', *, *, #2787, .F. ) ;
#1431 = VERTEX_POINT ( 'NONE', #826 ) ;
#1432 = LINE ( 'NONE', #2960, #2075 ) ;
#1433 = ORIENTED_EDGE ( 'NONE', *, *, #3273, .T. ) ;
#1434 = ORIENTED_EDGE ( 'NONE', *, *, #2034, .F. ) ;
#1435 = CIRCLE ( 'NONE', #998, 0.2500000000000006661 ) ;
#1436 = DIRECTION ( 'NONE',  ( 0.0000000000000000000, 0.0000000000000000000, 1.000000000000000000 ) ) ;
#1437 = CARTESIAN_POINT ( 'NONE',  ( 1.836970198721029934E-16, 3.199999999999999734, -1.250000000000000000 ) ) ;
#1438 = EDGE_CURVE ( 'NONE', #3443, #1085, #423, .T. ) ;
#1439 = DIRECTION ( 'NONE',  ( 0.0000000000000000000, 1.000000000000000000, 0.0000000000000000000 ) ) ;
#1440 = EDGE_LOOP ( 'NONE', ( #2865, #486, #2877, #371 ) ) ;
#1441 = ORIENTED_EDGE ( 'NONE', *, *, #2721, .F. ) ;
#1442 = EDGE_LOOP ( 'NONE', ( #488, #1010, #701, #538 ) ) ;
#1443 = CARTESIAN_POINT ( 'NONE',  ( 0.0000000000000000000, 2.699999999999999734, 0.0000000000000000000 ) ) ;
#1444 = ORIENTED_EDGE ( 'NONE', *, *, #284, .T. ) ;
#1445 = DIRECTION ( 'NONE',  ( 1.734723475976806601E-16, -0.0000000000000000000, 1.000000000000000000 ) ) ;
#1446 = TOROIDAL_SURFACE ( 'NONE', #100, 0.05000000000000042605, 0.2000000000000000111 ) ;
#1447 = ORIENTED_EDGE ( 'NONE', *, *, #254, .T. ) ;
#1448 = EDGE_CURVE ( 'NONE', #1059, #1515, #964, .T. ) ;
#1449 = DIRECTION ( 'NONE',  ( 1.000000000000000000, 5.102127870520020982E-16, 1.734723475976806601E-16 ) ) ;
#1450 = CARTESIAN_POINT ( 'NONE',  ( -3.000000000000000888, -0.8000000000000001554, 1.899999999999999245 ) ) ;
#1451 = FACE_OUTER_BOUND ( 'NONE', #1727, .T. ) ;
#1452 = CARTESIAN_POINT ( 'NONE',  ( -3.100000000000000533, -4.629179606750062348, 2.599999999999999645 ) ) ;
#1453 = DIRECTION ( 'NONE',  ( 1.000000000000000000, 0.0000000000000000000, 0.0000000000000000000 ) ) ;
#1454 = CARTESIAN_POINT ( 'NONE',  ( 3.000000000000000000, -0.3999999999999999667, -2.600000000000000533 ) ) ;
#1455 = DIRECTION ( 'NONE',  ( 1.734723475976806601E-16, -0.0000000000000000000, -1.000000000000000000 ) ) ;
#1456 = DIRECTION ( 'NONE',  ( 0.0000000000000000000, -0.0000000000000000000, 1.000000000000000000 ) ) ;
#1457 = VERTEX_POINT ( 'NONE', #2546 ) ;
#1458 = ORIENTED_EDGE ( 'NONE', *, *, #1701, .T. ) ;
#1459 = CARTESIAN_POINT ( 'NONE',  ( -3.100000000000000533, -4.629179606750062348, -2.599999999999999645 ) ) ;
#1460 = CARTESIAN_POINT ( 'NONE',  ( -3.400000000000000355, -4.699999999999997513, 2.599999999999999645 ) ) ;
#1461 = DIRECTION ( 'NONE',  ( -1.000000000000000000, 0.0000000000000000000, 0.0000000000000000000 ) ) ;
#1462 = AXIS2_PLACEMENT_3D ( 'NONE', #1720, #1716, #1713 ) ;
#1463 = CARTESIAN_POINT ( 'NONE',  ( -2.637551003012415407, 2.099640145485882847, -2.728544927481353799 ) ) ;
#1464 = ORIENTED_EDGE ( 'NONE', *, *, #1550, .F. ) ;
#1465 = EDGE_CURVE ( 'NONE', #2116, #855, #1419, .T. ) ;
#1466 = CARTESIAN_POINT ( 'NONE',  ( -3.400000000000000355, -4.899999999999996803, -2.599999999999999645 ) ) ;
#1467 = VECTOR ( 'NONE', #1638, 1000.000000000000114 ) ;
#1468 = DIRECTION ( 'NONE',  ( 0.0000000000000000000, 0.0000000000000000000, -1.000000000000000000 ) ) ;
#1469 = CARTESIAN_POINT ( 'NONE',  ( 2.599999999999999645, -0.4000000000000000222, 1.900000000000000133 ) ) ;
#1470 = ORIENTED_EDGE ( 'NONE', *, *, #1438, .F. ) ;
#1471 = CC_DESIGN_APPROVAL ( #196, ( #642 ) ) ;
#1472 = VECTOR ( 'NONE', #2037, 1000.000000000000000 ) ;
#1473 = DIRECTION ( 'NONE',  ( 0.0000000000000000000, 1.000000000000000000, 0.0000000000000000000 ) ) ;
#1474 = CARTESIAN_POINT ( 'NONE',  ( -3.614589803375032329, -3.600000000000000089, 2.599999999999999645 ) ) ;
#1475 = ORIENTED_EDGE ( 'NONE', *, *, #1381, .T. ) ;
#1476 = FACE_OUTER_BOUND ( 'NONE', #1729, .T. ) ;
#1477 = DIRECTION ( 'NONE',  ( 1.734723475976806601E-16, 0.0000000000000000000, -1.000000000000000000 ) ) ;
#1478 = CARTESIAN_POINT ( 'NONE',  ( -3.000000000000000888, -0.8000000000000001554, -1.899999999999999245 ) ) ;
#1479 = LINE ( 'NONE', #398, #494 ) ;
#1480 = ADVANCED_FACE ( 'NONE', ( #1476 ), #874, .F. ) ;
#1481 = AXIS2_PLACEMENT_3D ( 'NONE', #2425, #2420, #2418 ) ;
#1482 = CARTESIAN_POINT ( 'NONE',  ( -3.099999999999998757, -5.299999999999999822, -2.599999999999999645 ) ) ;
#1483 = ORIENTED_EDGE ( 'NONE', *, *, #2591, .T. ) ;
#1484 = LINE ( 'NONE', #1485, #1386 ) ;
#1485 = CARTESIAN_POINT ( 'NONE',  ( 2.700000000000000178, 1.800000000000000044, 3.000000000000000000 ) ) ;
#1486 = CARTESIAN_POINT ( 'NONE',  ( -3.400000000000000355, -4.899999999999996803, 2.599999999999999645 ) ) ;
#1487 = LINE ( 'NONE', #3291, #2913 ) ;
#1488 = ORIENTED_EDGE ( 'NONE', *, *, #3148, .F. ) ;
#1489 = FACE_OUTER_BOUND ( 'NONE', #628, .T. ) ;
#1490 = EDGE_CURVE ( 'NONE', #2462, #2457, #3317, .T. ) ;
#1491 = DIRECTION ( 'NONE',  ( -0.0000000000000000000, -1.000000000000000000, -0.0000000000000000000 ) ) ;
#1492 = ORIENTED_EDGE ( 'NONE', *, *, #1024, .T. ) ;
#1493 = CC_DESIGN_PERSON_AND_ORGANIZATION_ASSIGNMENT ( #2737, #2732, ( #1920 ) ) ;
#1494 = ORIENTED_EDGE ( 'NONE', *, *, #2393, .F. ) ;
#1495 = CARTESIAN_POINT ( 'NONE',  ( 3.099999999999999645, -5.299999999999999822, -2.600000000000000533 ) ) ;
#1496 = ORIENTED_EDGE ( 'NONE', *, *, #671, .T. ) ;
#1497 = CARTESIAN_POINT ( 'NONE',  ( 3.099999999999999645, -4.629179606750061460, 2.600000000000000533 ) ) ;
#1498 = EDGE_LOOP ( 'NONE', ( #1946, #3070, #2379, #2209 ) ) ;
#1499 = AXIS2_PLACEMENT_3D ( 'NONE', #58, #1805, #978 ) ;
#1500 = CARTESIAN_POINT ( 'NONE',  ( -3.950000000000002842, -3.599999999999999201, 1.899999999999999023 ) ) ;
#1501 = DIRECTION ( 'NONE',  ( -5.102127870520020982E-16, 1.000000000000000000, 0.0000000000000000000 ) ) ;
#1502 = AXIS2_PLACEMENT_3D ( 'NONE', #1891, #2564, #2729 ) ;
#1503 = ORIENTED_EDGE ( 'NONE', *, *, #2834, .F. ) ;
#1504 = AXIS2_PLACEMENT_3D ( 'NONE', #3375, #2568, #769 ) ;
#1505 = DIRECTION ( 'NONE',  ( 1.734723475976806601E-16, -0.0000000000000000000, 1.000000000000000000 ) ) ;
#1506 = VERTEX_POINT ( 'NONE', #210 ) ;
#1507 = DIRECTION ( 'NONE',  ( -0.8944271909999155223, -0.4472135954999585938, -1.551583845779544466E-16 ) ) ;
#1508 = ORIENTED_EDGE ( 'NONE', *, *, #136, .F. ) ;
#1509 = ORIENTED_EDGE ( 'NONE', *, *, #1520, .F. ) ;
#1510 = EDGE_LOOP ( 'NONE', ( #2866, #182 ) ) ;
#1511 = LINE ( 'NONE', #533, #159 ) ;
#1512 = AXIS2_PLACEMENT_3D ( 'NONE', #2867, #2349, #1950 ) ;
#1513 = ORIENTED_EDGE ( 'NONE', *, *, #1560, .F. ) ;
#1514 = EDGE_CURVE ( 'NONE', #3255, #2813, #1036, .T. ) ;
#1515 = VERTEX_POINT ( 'NONE', #1015 ) ;
#1516 = DIRECTION ( 'NONE',  ( 1.734723475976806601E-16, -0.0000000000000000000, 1.000000000000000000 ) ) ;
#1517 = ORIENTED_EDGE ( 'NONE', *, *, #264, .T. ) ;
#1518 = CARTESIAN_POINT ( 'NONE',  ( 3.100000000000000533, -0.8000000000000001554, -2.600000000000000533 ) ) ;
#1519 = CARTESIAN_POINT ( 'NONE',  ( 2.599999999999999645, -0.4000000000000000222, -2.600000000000000533 ) ) ;
#1520 = EDGE_CURVE ( 'NONE', #2078, #2740, #904, .T. ) ;
#1521 = CIRCLE ( 'NONE', #1293, 0.2500000000000006661 ) ;
#1522 = DIRECTION ( 'NONE',  ( 1.734723475976806601E-16, -0.0000000000000000000, 1.000000000000000000 ) ) ;
#1523 = DIRECTION ( 'NONE',  ( 1.734723475976806601E-16, 0.0000000000000000000, -1.000000000000000000 ) ) ;
#1524 = ORIENTED_EDGE ( 'NONE', *, *, #1118, .F. ) ;
#1525 = CARTESIAN_POINT ( 'NONE',  ( -3.000000000000000888, -0.3999999999999999667, 2.599999999999999645 ) ) ;
#1526 = DIRECTION ( 'NONE',  ( -1.000000000000000000, 0.0000000000000000000, 1.734723475976806601E-16 ) ) ;
#1527 = EDGE_LOOP ( 'NONE', ( #1373, #1202, #2930, #3139 ) ) ;
#1528 = ADVANCED_FACE ( 'NONE', ( #1282, #2322, #1011, #93, #1652, #3351 ), #96, .F. ) ;
#1529 = EDGE_CURVE ( 'NONE', #776, #2189, #13, .T. ) ;
#1530 = ORIENTED_EDGE ( 'NONE', *, *, #1189, .T. ) ;
#1531 = DIRECTION ( 'NONE',  ( 0.0000000000000000000, 0.0000000000000000000, -1.000000000000000000 ) ) ;
#1532 = VERTEX_POINT ( 'NONE', #2293 ) ;
#1533 = LINE ( 'NONE', #1525, #265 ) ;
#1534 = CARTESIAN_POINT ( 'NONE',  ( 2.637551003012414519, 2.016867263637973196, 2.486560671753288876 ) ) ;
#1535 = CARTESIAN_POINT ( 'NONE',  ( -2.699999999999998845, -1.800000000000000044, 3.000000000000000000 ) ) ;
#1536 = CARTESIAN_POINT ( 'NONE',  ( -3.000000000000000888, -0.3999999999999999667, -2.599999999999999645 ) ) ;
#1537 = ORIENTED_EDGE ( 'NONE', *, *, #79, .F. ) ;
#1538 = CARTESIAN_POINT ( 'NONE',  ( 2.599999999999999645, -0.4000000000000000222, -1.900000000000000133 ) ) ;
#1539 = EDGE_CURVE ( 'NONE', #1991, #2066, #1308, .T. ) ;
#1540 = AXIS2_PLACEMENT_3D ( 'NONE', #3458, #3380, #927 ) ;
#1541 = AXIS2_PLACEMENT_3D ( 'NONE', #574, #2657, #80 ) ;
#1542 = ORIENTED_EDGE ( 'NONE', *, *, #491, .T. ) ;
#1543 = AXIS2_PLACEMENT_3D ( 'NONE', #1858, #2978, #1252 ) ;
#1544 = CARTESIAN_POINT ( 'NONE',  ( 3.099999999999999645, -2.570820393249936497, 2.600000000000000533 ) ) ;
#1545 = VECTOR ( 'NONE', #2823, 1000.000000000000000 ) ;
#1546 = FACE_OUTER_BOUND ( 'NONE', #149, .T. ) ;
#1547 = VERTEX_POINT ( 'NONE', #1874 ) ;
#1548 = ORIENTED_EDGE ( 'NONE', *, *, #967, .F. ) ;
#1549 = EDGE_CURVE ( 'NONE', #3407, #328, #867, .T. ) ;
#1550 = EDGE_CURVE ( 'NONE', #359, #1949, #1123, .T. ) ;
#1551 = ORIENTED_EDGE ( 'NONE', *, *, #1514, .F. ) ;
#1552 = DIRECTION ( 'NONE',  ( 0.0000000000000000000, 0.0000000000000000000, 1.000000000000000000 ) ) ;
#1553 = VERTEX_POINT ( 'NONE', #879 ) ;
#1554 = CIRCLE ( 'NONE', #1112, 0.2500000000000006661 ) ;
#1555 = DIRECTION ( 'NONE',  ( 1.734723475976806601E-16, -0.0000000000000000000, 1.000000000000000000 ) ) ;
#1556 = CARTESIAN_POINT ( 'NONE',  ( 2.762448996987585392, 2.098551690761753630, 2.641191555527446333 ) ) ;
#1557 = CARTESIAN_POINT ( 'NONE',  ( -3.099999999999999645, -4.899999999999996803, 2.599999999999999645 ) ) ;
#1558 = EDGE_CURVE ( 'NONE', #2381, #416, #1082, .T. ) ;
#1559 = CIRCLE ( 'NONE', #489, 0.2500000000000006661 ) ;
#1560 = EDGE_CURVE ( 'NONE', #223, #3252, #2894, .T. ) ;
#1561 = ORIENTED_EDGE ( 'NONE', *, *, #2445, .F. ) ;
#1562 = ORIENTED_EDGE ( 'NONE', *, *, #1784, .F. ) ;
#1563 = VERTEX_POINT ( 'NONE', #35 ) ;
#1564 = DIRECTION ( 'NONE',  ( 1.734723475976806601E-16, -0.0000000000000000000, 1.000000000000000000 ) ) ;
#1565 = ADVANCED_FACE ( 'NONE', ( #1661 ), #3361, .T. ) ;
#1566 = ORIENTED_EDGE ( 'NONE', *, *, #1208, .T. ) ;
#1567 = ADVANCED_FACE ( 'NONE', ( #588 ), #755, .F. ) ;
#1568 = VECTOR ( 'NONE', #2853, 1000.000000000000000 ) ;
#1569 = CYLINDRICAL_SURFACE ( 'NONE', #3398, 0.2500000000000006661 ) ;
#1570 = DIRECTION ( 'NONE',  ( -5.102127870520020982E-16, 1.000000000000000000, 0.0000000000000000000 ) ) ;
#1571 = CARTESIAN_POINT ( 'NONE',  ( 3.100000000000000533, -0.8000000000000001554, -2.600000000000000533 ) ) ;
#1572 = ORIENTED_EDGE ( 'NONE', *, *, #1901, .T. ) ;
#1573 = AXIS2_PLACEMENT_3D ( 'NONE', #2218, #2215, #2214 ) ;
#1574 = ORIENTED_EDGE ( 'NONE', *, *, #2467, .T. ) ;
#1575 = ORIENTED_EDGE ( 'NONE', *, *, #1344, .F. ) ;
#1576 = LOCAL_TIME ( 13, 11, 32.00000000000000000, #2716 ) ;
#1577 = LINE ( 'NONE', #3133, #1943 ) ;
#1578 = CARTESIAN_POINT ( 'NONE',  ( -2.637551003012415407, 2.099583286130045412, 2.730473403755601769 ) ) ;
#1579 = DIRECTION ( 'NONE',  ( -1.531669917389593654E-16, -0.4694715627858889739, 0.8829475928589278766 ) ) ;
#1580 = AXIS2_PLACEMENT_3D ( 'NONE', #482, #565, #3074 ) ;
#1581 = ORIENTED_EDGE ( 'NONE', *, *, #3365, .T. ) ;
#1582 = DIRECTION ( 'NONE',  ( 0.0000000000000000000, 1.000000000000000000, 0.0000000000000000000 ) ) ;
#1583 = CARTESIAN_POINT ( 'NONE',  ( -2.700000000000000178, 1.899999999999999689, 2.699999999999998845 ) ) ;
#1584 = CARTESIAN_POINT ( 'NONE',  ( -3.950000000000002842, -3.599999999999999201, -2.599999999999999201 ) ) ;
#1585 = ORIENTED_EDGE ( 'NONE', *, *, #985, .F. ) ;
#1586 = ADVANCED_FACE ( 'NONE', ( #3173 ), #39, .T. ) ;
#1587 = VERTEX_POINT ( 'NONE', #3237 ) ;
#1588 = VECTOR ( 'NONE', #3204, 1000.000000000000000 ) ;
#1589 = CARTESIAN_POINT ( 'NONE',  ( 3.000000000000000000, -0.3999999999999999667, -2.600000000000000533 ) ) ;
#1590 = VECTOR ( 'NONE', #1900, 1000.000000000000000 ) ;
#1591 = FACE_OUTER_BOUND ( 'NONE', #1106, .T. ) ;
#1592 = VERTEX_POINT ( 'NONE', #1536 ) ;
#1593 = CARTESIAN_POINT ( 'NONE',  ( 2.700000000000000178, 1.800000000000000044, -2.699999999999998845 ) ) ;
#1594 = EDGE_CURVE ( 'NONE', #2973, #1120, #87, .T. ) ;
#1595 = CARTESIAN_POINT ( 'NONE',  ( -2.762448996987586280, 2.099640145485882847, -2.671455072518644336 ) ) ;
#1596 = ADVANCED_FACE ( 'NONE', ( #3353 ), #2769, .T. ) ;
#1597 = DIRECTION ( 'NONE',  ( -0.4472135954999582053, 0.8944271909999156334, 0.0000000000000000000 ) ) ;
#1598 = CARTESIAN_POINT ( 'NONE',  ( -2.762448996987584948, 1.959519484286046831, -2.457925377671996703 ) ) ;
#1599 = AXIS2_PLACEMENT_3D ( 'NONE', #2473, #1522, #2953 ) ;
#1600 = VERTEX_POINT ( 'NONE', #1890 ) ;
#1601 = CARTESIAN_POINT ( 'NONE',  ( 3.000000000000000444, 1.800000000000000044, 2.700000000000000622 ) ) ;
#1602 = CARTESIAN_POINT ( 'NONE',  ( -2.762448996987584948, 2.017711508143452459, -2.487158848354050100 ) ) ;
#1603 = ADVANCED_FACE ( 'NONE', ( #2242 ), #522, .T. ) ;
#1604 = CARTESIAN_POINT ( 'NONE',  ( 2.700000000000000622, -1.800000000000000044, 2.700000000000000622 ) ) ;
#1605 = VERTEX_POINT ( 'NONE', #1031 ) ;
#1606 = DIRECTION ( 'NONE',  ( -5.102127870520020982E-16, -1.000000000000000000, 0.0000000000000000000 ) ) ;
#1607 = CARTESIAN_POINT ( 'NONE',  ( 3.949999999999999734, -3.600000000000000089, 1.900000000000000577 ) ) ;
#1608 = ORIENTED_EDGE ( 'NONE', *, *, #144, .T. ) ;
#1609 = VERTEX_POINT ( 'NONE', #709 ) ;
#1610 = ADVANCED_FACE ( 'NONE', ( #1385 ), #1830, .F. ) ;
#1611 = ORIENTED_EDGE ( 'NONE', *, *, #3305, .T. ) ;
#1612 = FACE_OUTER_BOUND ( 'NONE', #804, .T. ) ;
#1613 = DIRECTION ( 'NONE',  ( 1.734723475976806601E-16, 0.0000000000000000000, -1.000000000000000000 ) ) ;
#1614 = CARTESIAN_POINT ( 'NONE',  ( -3.000000000000000888, -0.6999999999999996225, 2.599999999999999645 ) ) ;
#1615 = PLANE ( 'NONE',  #1984 ) ;
#1616 = AXIS2_PLACEMENT_3D ( 'NONE', #1155, #2235, #67 ) ;
#1617 = AXIS2_PLACEMENT_3D ( 'NONE', #1105, #1104, #1097 ) ;
#1618 = CARTESIAN_POINT ( 'NONE',  ( -3.099999999999999645, -4.899999999999996803, -1.899999999999999245 ) ) ;
#1619 = LOCAL_TIME ( 13, 11, 32.00000000000000000, #2653 ) ;
#1620 = VERTEX_POINT ( 'NONE', #2530 ) ;
#1621 = LINE ( 'NONE', #3089, #2124 ) ;
#1622 = CARTESIAN_POINT ( 'NONE',  ( -3.000000000000000888, -0.8000000000000001554, 2.599999999999999645 ) ) ;
#1623 = CIRCLE ( 'NONE', #1599, 0.1000000000000002554 ) ;
#1624 = VERTEX_POINT ( 'NONE', #1845 ) ;
#1625 = DIRECTION ( 'NONE',  ( 8.031127203596329369E-17, 0.0000000000000000000, 1.000000000000000000 ) ) ;
#1626 = AXIS2_PLACEMENT_3D ( 'NONE', #2208, #1840, #1028 ) ;
#1627 = DIRECTION ( 'NONE',  ( -0.4472135954999588159, -0.8944271909999154113, -3.526326922226245558E-16 ) ) ;
#1628 = EDGE_CURVE ( 'NONE', #1836, #2247, #1345, .T. ) ;
#1629 = EDGE_CURVE ( 'NONE', #855, #1867, #764, .T. ) ;
#1630 = LINE ( 'NONE', #1412, #3050 ) ;
#1631 = ORIENTED_EDGE ( 'NONE', *, *, #466, .T. ) ;
#1632 = AXIS2_PLACEMENT_3D ( 'NONE', #73, #16, #3146 ) ;
#1633 = CARTESIAN_POINT ( 'NONE',  ( -2.762448996987585836, 2.099583286130045412, -2.730473403755601769 ) ) ;
#1634 = VECTOR ( 'NONE', #2282, 1000.000000000000000 ) ;
#1635 = FACE_OUTER_BOUND ( 'NONE', #2202, .T. ) ;
#1636 = CARTESIAN_POINT ( 'NONE',  ( -2.700000000000000178, 1.800000000000000044, 2.699999999999998845 ) ) ;
#1637 = EDGE_CURVE ( 'NONE', #2191, #1457, #582, .T. ) ;
#1638 = DIRECTION ( 'NONE',  ( 8.144033412682011858E-17, -0.8829475928589276545, -0.4694715627858891405 ) ) ;
#1639 = ORIENTED_EDGE ( 'NONE', *, *, #2969, .F. ) ;
#1640 = EDGE_CURVE ( 'NONE', #2775, #2191, #2186, .T. ) ;
#1641 = DIRECTION ( 'NONE',  ( -0.0000000000000000000, -1.000000000000000000, -0.0000000000000000000 ) ) ;
#1642 = ORIENTED_EDGE ( 'NONE', *, *, #2482, .F. ) ;
#1643 = DIRECTION ( 'NONE',  ( 0.4472135954999582053, 0.8944271909999156334, -0.0000000000000000000 ) ) ;
#1644 = ORIENTED_EDGE ( 'NONE', *, *, #1057, .T. ) ;
#1645 = PLANE ( 'NONE',  #390 ) ;
#1646 = DIRECTION ( 'NONE',  ( 0.0000000000000000000, 0.0000000000000000000, 1.000000000000000000 ) ) ;
#1647 = VERTEX_POINT ( 'NONE', #3401 ) ;
#1648 = CARTESIAN_POINT ( 'NONE',  ( -2.762448996987585392, 2.071748216696299938, -2.556509393195813828 ) ) ;
#1649 = EDGE_CURVE ( 'NONE', #2330, #3267, #2767, .T. ) ;
#1650 = CARTESIAN_POINT ( 'NONE',  ( 2.762448996987584948, 2.017711508143452459, 2.487158848354050100 ) ) ;
#1651 = DIRECTION ( 'NONE',  ( 0.0000000000000000000, 1.000000000000000000, 0.0000000000000000000 ) ) ;
#1652 = FACE_BOUND ( 'NONE', #941, .T. ) ;
#1653 = ADVANCED_FACE ( 'NONE', ( #2621 ), #2619, .F. ) ;
#1654 = CARTESIAN_POINT ( 'NONE',  ( 2.762448996987585392, 1.899999999999999689, 2.942074622328000988 ) ) ;
#1655 = ORIENTED_EDGE ( 'NONE', *, *, #2234, .T. ) ;
#1656 = DIRECTION ( 'NONE',  ( 0.0000000000000000000, 0.0000000000000000000, -1.000000000000000000 ) ) ;
#1657 = VECTOR ( 'NONE', #884, 1000.000000000000000 ) ;
#1658 = DIRECTION ( 'NONE',  ( 1.734723475976806601E-16, -0.0000000000000000000, 1.000000000000000000 ) ) ;
#1659 = CARTESIAN_POINT ( 'NONE',  ( 3.000000000000000000, -0.8000000000000001554, 1.900000000000000133 ) ) ;
#1660 = FACE_OUTER_BOUND ( 'NONE', #3096, .T. ) ;
#1661 = FACE_OUTER_BOUND ( 'NONE', #1132, .T. ) ;
#1662 = CARTESIAN_POINT ( 'NONE',  ( -3.000000000000000888, -0.3999999999999999667, 1.899999999999999245 ) ) ;
#1663 = VERTEX_POINT ( 'NONE', #1500 ) ;
#1664 = VECTOR ( 'NONE', #931, 1000.000000000000000 ) ;
#1665 = CARTESIAN_POINT ( 'NONE',  ( -2.700000000000000178, 1.899999999999999689, -2.699999999999998845 ) ) ;
#1666 = CARTESIAN_POINT ( 'NONE',  ( -3.099999999999998757, -5.299999999999999822, -2.387316227335407604 ) ) ;
#1667 = ORIENTED_EDGE ( 'NONE', *, *, #2992, .T. ) ;
#1668 = LINE ( 'NONE', #18, #75 ) ;
#1669 = ORIENTED_EDGE ( 'NONE', *, *, #1351, .F. ) ;
#1670 = PLANE ( 'NONE',  #1626 ) ;
#1671 = VERTEX_POINT ( 'NONE', #3211 ) ;
#1672 = DIRECTION ( 'NONE',  ( 1.000000000000000000, 0.0000000000000000000, 0.0000000000000000000 ) ) ;
#1673 = VECTOR ( 'NONE', #2271, 1000.000000000000000 ) ;
#1674 = CARTESIAN_POINT ( 'NONE',  ( 2.599999999999999645, -0.6999999999999999556, 1.900000000000000133 ) ) ;
#1675 = DIRECTION ( 'NONE',  ( 1.734723475976802558E-15, 0.0000000000000000000, 1.000000000000000000 ) ) ;
#1676 = CARTESIAN_POINT ( 'NONE',  ( 2.700000000000000178, 1.899999999999999689, 2.699999999999998845 ) ) ;
#1677 = VECTOR ( 'NONE', #418, 1000.000000000000000 ) ;
#1678 = APPLICATION_CONTEXT ( 'configuration controlled 3d designs of mechanical parts and assemblies' ) ;
#1679 = DIRECTION ( 'NONE',  ( 2.201838368789589771E-15, -0.8829475928589276545, 0.4694715627858891405 ) ) ;
#1680 = LINE ( 'NONE', #542, #293 ) ;
#1681 = CARTESIAN_POINT ( 'NONE',  ( 3.099999999999999645, -2.570820393249936497, 2.600000000000000533 ) ) ;
#1682 = DIRECTION ( 'NONE',  ( 1.734723475976806601E-16, -0.0000000000000000000, 1.000000000000000000 ) ) ;
#1683 = ORIENTED_EDGE ( 'NONE', *, *, #2926, .T. ) ;
#1684 = VERTEX_POINT ( 'NONE', #3210 ) ;
#1685 = VECTOR ( 'NONE', #528, 1000.000000000000000 ) ;
#1686 = EDGE_CURVE ( 'NONE', #736, #1066, #130, .T. ) ;
#1687 = ORIENTED_EDGE ( 'NONE', *, *, #2719, .F. ) ;
#1688 = CYLINDRICAL_SURFACE ( 'NONE', #41, 0.2500000000000006661 ) ;
#1689 = VERTEX_POINT ( 'NONE', #2685 ) ;
#1690 = VERTEX_POINT ( 'NONE', #1368 ) ;
#1691 = CARTESIAN_POINT ( 'NONE',  ( 2.637551003012414963, 2.084135548892076084, 2.582828593059510958 ) ) ;
#1692 = CARTESIAN_POINT ( 'NONE',  ( 2.700000000000000178, 1.800000000000000044, -3.000000000000000000 ) ) ;
#1693 = DIRECTION ( 'NONE',  ( -0.0000000000000000000, -0.0000000000000000000, 1.000000000000000000 ) ) ;
#1694 = EDGE_CURVE ( 'NONE', #1945, #2245, #589, .T. ) ;
#1695 = VECTOR ( 'NONE', #2257, 1000.000000000000000 ) ;
#1696 = CARTESIAN_POINT ( 'NONE',  ( -3.100000000000000533, -2.570820393249936942, -2.599999999999999645 ) ) ;
#1697 = FACE_OUTER_BOUND ( 'NONE', #2337, .T. ) ;
#1698 = CARTESIAN_POINT ( 'NONE',  ( 3.099999999999999645, -2.570820393249936497, -2.600000000000000533 ) ) ;
#1699 = DIRECTION ( 'NONE',  ( 1.734723475976806601E-16, -0.0000000000000000000, 1.000000000000000000 ) ) ;
#1700 = DIRECTION ( 'NONE',  ( 0.0000000000000000000, -1.000000000000000000, 0.0000000000000000000 ) ) ;
#1701 = EDGE_CURVE ( 'NONE', #2116, #2245, #3320, .T. ) ;
#1702 = FACE_OUTER_BOUND ( 'NONE', #619, .T. ) ;
#1703 = VECTOR ( 'NONE', #1682, 1000.000000000000000 ) ;
#1704 = VECTOR ( 'NONE', #280, 1000.000000000000227 ) ;
#1705 = DIRECTION ( 'NONE',  ( 1.000000000000000000, 0.0000000000000000000, 0.0000000000000000000 ) ) ;
#1706 = CARTESIAN_POINT ( 'NONE',  ( 3.399999999999999467, -2.500000000000000000, -2.600000000000000533 ) ) ;
#1707 = PLANE ( 'NONE',  #3473 ) ;
#1708 = CARTESIAN_POINT ( 'NONE',  ( -2.637551003012414963, 2.098551690761753630, -2.758808444472551358 ) ) ;
#1709 = EDGE_CURVE ( 'NONE', #1532, #3119, #132, .T. ) ;
#1710 = ORIENTED_EDGE ( 'NONE', *, *, #1490, .T. ) ;
#1711 = AXIS2_PLACEMENT_3D ( 'NONE', #60, #54, #53 ) ;
#1712 = DIRECTION ( 'NONE',  ( 1.000000000000000000, 0.0000000000000000000, -1.734723475976806601E-16 ) ) ;
#1713 = DIRECTION ( 'NONE',  ( -1.000000000000000000, -0.0000000000000000000, 1.734723475976806601E-16 ) ) ;
#1714 = DIRECTION ( 'NONE',  ( 0.4472135954999580387, -0.8944271909999157444, 3.526326922226240134E-16 ) ) ;
#1715 = DIRECTION ( 'NONE',  ( -1.734723475976806601E-16, 0.0000000000000000000, -1.000000000000000000 ) ) ;
#1716 = DIRECTION ( 'NONE',  ( -1.531669917389593407E-16, 0.4694715627858892515, -0.8829475928589278766 ) ) ;
#1717 = CARTESIAN_POINT ( 'NONE',  ( -3.950000000000002842, -3.599999999999999201, 2.599999999999999201 ) ) ;
#1718 = ORIENTED_EDGE ( 'NONE', *, *, #1189, .F. ) ;
#1719 = MANIFOLD_SOLID_BREP ( 'Chamfer2', #2328 ) ;
#1720 = CARTESIAN_POINT ( 'NONE',  ( -3.400000000000000355, -5.299999999999999822, -2.112683772664591508 ) ) ;
#1721 = PLANE ( 'NONE',  #1462 ) ;
#1722 = DIRECTION ( 'NONE',  ( 1.734723475976806601E-16, -0.0000000000000000000, 1.000000000000000000 ) ) ;
#1723 = VECTOR ( 'NONE', #256, 1000.000000000000000 ) ;
#1724 = ORIENTED_EDGE ( 'NONE', *, *, #2077, .F. ) ;
#1725 = ORIENTED_EDGE ( 'NONE', *, *, #1156, .F. ) ;
#1726 = LINE ( 'NONE', #81, #321 ) ;
#1727 = EDGE_LOOP ( 'NONE', ( #3464, #8, #2799, #216 ) ) ;
#1728 = VECTOR ( 'NONE', #2220, 1000.000000000000000 ) ;
#1729 = EDGE_LOOP ( 'NONE', ( #3282, #316, #1194, #1775 ) ) ;
#1730 = EDGE_CURVE ( 'NONE', #3125, #2813, #1110, .T. ) ;
#1731 = EDGE_CURVE ( 'NONE', #1971, #257, #2917, .T. ) ;
#1732 = DIRECTION ( 'NONE',  ( 1.000000000000000000, 0.0000000000000000000, 1.734723475976806601E-16 ) ) ;
#1733 = EDGE_CURVE ( 'NONE', #260, #1431, #308, .T. ) ;
#1734 = ORIENTED_EDGE ( 'NONE', *, *, #466, .F. ) ;
#1735 = AXIS2_PLACEMENT_3D ( 'NONE', #408, #766, #3072 ) ;
#1736 = CARTESIAN_POINT ( 'NONE',  ( 3.399999999999999467, -4.699999999999997513, -2.600000000000000533 ) ) ;
#1737 = ORIENTED_EDGE ( 'NONE', *, *, #1138, .F. ) ;
#1738 = EDGE_CURVE ( 'NONE', #1563, #1689, #1435, .T. ) ;
#1739 = CARTESIAN_POINT ( 'NONE',  ( -2.637551003012414963, 2.098361312338044904, 2.760318743618223269 ) ) ;
#1740 = AXIS2_PLACEMENT_3D ( 'NONE', #3476, #2438, #3258 ) ;
#1741 = VERTEX_POINT ( 'NONE', #1034 ) ;
#1742 = AXIS2_PLACEMENT_3D ( 'NONE', #2010, #2026, #218 ) ;
#1743 = FACE_OUTER_BOUND ( 'NONE', #654, .T. ) ;
#1744 = LINE ( 'NONE', #3312, #1545 ) ;
#1745 = ORIENTED_EDGE ( 'NONE', *, *, #2571, .F. ) ;
#1746 = CARTESIAN_POINT ( 'NONE',  ( -3.400000000000000355, -5.299999999999999822, -2.599999999999999645 ) ) ;
#1747 = VECTOR ( 'NONE', #2745, 1000.000000000000227 ) ;
#1748 = FACE_OUTER_BOUND ( 'NONE', #3284, .T. ) ;
#1749 = ORIENTED_EDGE ( 'NONE', *, *, #1869, .F. ) ;
#1750 = DIRECTION ( 'NONE',  ( 0.0000000000000000000, -0.0000000000000000000, -1.000000000000000000 ) ) ;
#1751 = VECTOR ( 'NONE', #1393, 1000.000000000000000 ) ;
#1752 = ORIENTED_EDGE ( 'NONE', *, *, #2034, .T. ) ;
#1753 = ORIENTED_EDGE ( 'NONE', *, *, #3322, .F. ) ;
#1754 = CARTESIAN_POINT ( 'NONE',  ( 3.099999999999999645, -4.629179606750061460, -1.900000000000000133 ) ) ;
#1755 = CARTESIAN_POINT ( 'NONE',  ( -3.100000000000000977, -0.8000000000000001554, -1.899999999999999245 ) ) ;
#1756 = CARTESIAN_POINT ( 'NONE',  ( 2.700000000000000178, 1.899999999999999689, -2.949999999999999289 ) ) ;
#1757 = ORIENTED_EDGE ( 'NONE', *, *, #160, .F. ) ;
#1758 = FACE_OUTER_BOUND ( 'NONE', #1442, .T. ) ;
#1759 = VECTOR ( 'NONE', #2689, 1000.000000000000000 ) ;
#1760 = AXIS2_PLACEMENT_3D ( 'NONE', #1636, #2578, #2111 ) ;
#1761 = CARTESIAN_POINT ( 'NONE',  ( -3.614589803375032329, -3.600000000000000089, -1.899999999999999245 ) ) ;
#1762 = DIRECTION ( 'NONE',  ( 0.0000000000000000000, -1.000000000000000000, 0.0000000000000000000 ) ) ;
#1763 = AXIS2_PLACEMENT_3D ( 'NONE', #379, #191, #2144 ) ;
#1764 = VECTOR ( 'NONE', #2358, 1000.000000000000114 ) ;
#1765 = EDGE_LOOP ( 'NONE', ( #3150, #281, #2469, #3245 ) ) ;
#1766 = DIRECTION ( 'NONE',  ( 1.734723475976806601E-16, 0.0000000000000000000, -1.000000000000000000 ) ) ;
#1767 = DIRECTION ( 'NONE',  ( 0.4472135954999585383, -0.8944271909999155223, 0.0000000000000000000 ) ) ;
#1768 = ORIENTED_EDGE ( 'NONE', *, *, #539, .T. ) ;
#1769 = CIRCLE ( 'NONE', #1391, 1.750000000000000000 ) ;
#1770 = DIRECTION ( 'NONE',  ( 1.000000000000000000, 0.0000000000000000000, -1.734723475976806601E-16 ) ) ;
#1771 = CARTESIAN_POINT ( 'NONE',  ( -2.600000000000000533, -0.4000000000000000222, -2.599999999999999645 ) ) ;
#1772 = ORIENTED_EDGE ( 'NONE', *, *, #37, .T. ) ;
#1773 = CARTESIAN_POINT ( 'NONE',  ( -3.099999999999998757, -5.299999999999998934, -2.112683772664591064 ) ) ;
#1774 = DIRECTION ( 'NONE',  ( 1.000000000000000000, 0.0000000000000000000, 0.0000000000000000000 ) ) ;
#1775 = ORIENTED_EDGE ( 'NONE', *, *, #2023, .T. ) ;
#1776 = ORIENTED_EDGE ( 'NONE', *, *, #2067, .F. ) ;
#1777 = VERTEX_POINT ( 'NONE', #1584 ) ;
#1778 = CARTESIAN_POINT ( 'NONE',  ( 2.637551003012415407, 2.084614063715128029, 2.815973762434186511 ) ) ;
#1779 = LINE ( 'NONE', #1771, #1930 ) ;
#1780 = CARTESIAN_POINT ( 'NONE',  ( 3.000000000000000000, -0.3999999999999999667, 2.600000000000000533 ) ) ;
#1781 = VECTOR ( 'NONE', #1813, 1000.000000000000000 ) ;
#1782 = VECTOR ( 'NONE', #3066, 1000.000000000000000 ) ;
#1783 = ORIENTED_EDGE ( 'NONE', *, *, #640, .T. ) ;
#1784 = EDGE_CURVE ( 'NONE', #832, #887, #2882, .T. ) ;
#1785 = ORIENTED_EDGE ( 'NONE', *, *, #2354, .F. ) ;
#1786 = CIRCLE ( 'NONE', #2377, 0.4000000000000001887 ) ;
#1787 = EDGE_LOOP ( 'NONE', ( #3350, #1964, #1126, #2279 ) ) ;
#1788 = CARTESIAN_POINT ( 'NONE',  ( -2.700000000000000178, 1.899999999999999689, 2.699999999999998845 ) ) ;
#1789 = EDGE_CURVE ( 'NONE', #1515, #2045, #1410, .T. ) ;
#1790 = CLOSED_SHELL ( 'NONE', ( #1870, #523, #2343, #3328, #2406, #2603, #1241, #1610, #2624, #638, #2909, #2145, #2842, #193, #2604, #2240, #3079, #1414 ) ) ;
#1791 = CARTESIAN_POINT ( 'NONE',  ( -3.950000000000002842, -3.599999999999999201, 1.899999999999999023 ) ) ;
#1792 = LINE ( 'NONE', #698, #1004 ) ;
#1793 = CIRCLE ( 'NONE', #1632, 0.2999999999999999334 ) ;
#1794 = FACE_OUTER_BOUND ( 'NONE', #111, .T. ) ;
#1795 = PLANE ( 'NONE',  #1187 ) ;
#1796 = CARTESIAN_POINT ( 'NONE',  ( 0.0000000000000000000, 3.199999999999999734, 0.0000000000000000000 ) ) ;
#1797 = CARTESIAN_POINT ( 'NONE',  ( 3.000000000000000000, -0.7000000000000000666, 2.600000000000000533 ) ) ;
#1798 = CARTESIAN_POINT ( 'NONE',  ( -3.400000000000000355, -2.500000000000000000, -2.599999999999999645 ) ) ;
#1799 = CARTESIAN_POINT ( 'NONE',  ( -3.400000000000001243, -0.8000000000000001554, 1.899999999999999245 ) ) ;
#1800 = ORIENTED_EDGE ( 'NONE', *, *, #2755, .F. ) ;
#1801 = DIRECTION ( 'NONE',  ( 0.0000000000000000000, 0.0000000000000000000, 1.000000000000000000 ) ) ;
#1802 = LINE ( 'NONE', #2715, #2498 ) ;
#1803 = VECTOR ( 'NONE', #1505, 1000.000000000000000 ) ;
#1804 = AXIS2_PLACEMENT_3D ( 'NONE', #319, #3086, #1895 ) ;
#1805 = DIRECTION ( 'NONE',  ( -0.0000000000000000000, -1.000000000000000000, -0.0000000000000000000 ) ) ;
#1806 = DIRECTION ( 'NONE',  ( 0.0000000000000000000, 1.000000000000000000, 0.0000000000000000000 ) ) ;
#1807 = CARTESIAN_POINT ( 'NONE',  ( 2.762448996987585392, 2.084135548892076084, 2.817171406940486733 ) ) ;
#1808 = CARTESIAN_POINT ( 'NONE',  ( -2.762448996987585392, 1.899999999999999689, -2.942074622328000988 ) ) ;
#1809 = CARTESIAN_POINT ( 'NONE',  ( 0.0000000000000000000, 2.699999999999999734, 0.0000000000000000000 ) ) ;
#1810 = ADVANCED_FACE ( 'NONE', ( #3358 ), #2212, .T. ) ;
#1811 = CARTESIAN_POINT ( 'NONE',  ( 0.0000000000000000000, 1.800000000000000044, 0.0000000000000000000 ) ) ;
#1812 = AXIS2_PLACEMENT_3D ( 'NONE', #3036, #3031, #3018 ) ;
#1813 = DIRECTION ( 'NONE',  ( 1.734723475976806601E-16, 0.0000000000000000000, -1.000000000000000000 ) ) ;
#1814 = EDGE_LOOP ( 'NONE', ( #2998, #1109, #1162, #292 ) ) ;
#1815 = FACE_OUTER_BOUND ( 'NONE', #1510, .T. ) ;
#1816 = FACE_OUTER_BOUND ( 'NONE', #1014, .T. ) ;
#1817 = EDGE_CURVE ( 'NONE', #2464, #2300, #907, .T. ) ;
#1818 = DIRECTION ( 'NONE',  ( 0.0000000000000000000, 0.0000000000000000000, -1.000000000000000000 ) ) ;
#1819 = CIRCLE ( 'NONE', #3377, 0.2500000000000006661 ) ;
#1820 = DIRECTION ( 'NONE',  ( 8.144033412682009393E-17, 0.8829475928589278766, 0.4694715627858889739 ) ) ;
#1821 = DIRECTION ( 'NONE',  ( -1.000000000000000000, 0.0000000000000000000, 1.734723475976806601E-16 ) ) ;
#1822 = VECTOR ( 'NONE', #2181, 1000.000000000000000 ) ;
#1823 = DIRECTION ( 'NONE',  ( -0.0000000000000000000, 1.000000000000000000, -0.0000000000000000000 ) ) ;
#1824 = DIRECTION ( 'NONE',  ( 0.0000000000000000000, 1.000000000000000000, -0.0000000000000000000 ) ) ;
#1825 = DIRECTION ( 'NONE',  ( 0.0000000000000000000, -1.000000000000000000, 0.0000000000000000000 ) ) ;
#1826 = EDGE_CURVE ( 'NONE', #3252, #1836, #2428, .T. ) ;
#1827 = DIRECTION ( 'NONE',  ( 1.040834085586081417E-14, 0.0000000000000000000, 1.000000000000000000 ) ) ;
#1828 = CARTESIAN_POINT ( 'NONE',  ( 2.762448996987586280, 2.099640145485882847, 2.671455072518644336 ) ) ;
#1829 = EDGE_LOOP ( 'NONE', ( #1508, #3060, #259, #947 ) ) ;
#1830 = PLANE ( 'NONE',  #1740 ) ;
#1831 = ORIENTED_EDGE ( 'NONE', *, *, #1972, .T. ) ;
#1832 = APPROVAL ( #2725, 'UNSPECIFIED' ) ;
#1833 = AXIS2_PLACEMENT_3D ( 'NONE', #3512, #2774, #1857 ) ;
#1834 = EDGE_LOOP ( 'NONE', ( #300, #2292, #2552, #3169 ) ) ;
#1835 = CARTESIAN_POINT ( 'NONE',  ( -2.762448996987585392, 1.899999999999999689, -3.000000000000000000 ) ) ;
#1836 = VERTEX_POINT ( 'NONE', #955 ) ;
#1837 = CARTESIAN_POINT ( 'NONE',  ( 2.700000000000000178, 2.100000000000000089, 2.449999999999998401 ) ) ;
#1838 = AXIS2_PLACEMENT_3D ( 'NONE', #1665, #1651, #1646 ) ;
#1839 = ORIENTED_EDGE ( 'NONE', *, *, #3143, .F. ) ;
#1840 = DIRECTION ( 'NONE',  ( -0.8944271909999155223, -0.4472135954999585938, 1.551583845779544466E-16 ) ) ;
#1841 = VERTEX_POINT ( 'NONE', #2312 ) ;
#1842 = LINE ( 'NONE', #126, #71 ) ;
#1843 = DIRECTION ( 'NONE',  ( 1.734723475976806601E-16, 0.0000000000000000000, -1.000000000000000000 ) ) ;
#1844 = VERTEX_POINT ( 'NONE', #2400 ) ;
#1845 = CARTESIAN_POINT ( 'NONE',  ( 3.949999999999999734, -3.600000000000000089, -1.900000000000000577 ) ) ;
#1846 = CARTESIAN_POINT ( 'NONE',  ( 3.000000000000000000, -0.8000000000000001554, -2.600000000000000533 ) ) ;
#1847 = EDGE_CURVE ( 'NONE', #2303, #1547, #2374, .T. ) ;
#1848 = EDGE_CURVE ( 'NONE', #1553, #1066, #2192, .T. ) ;
#1849 = DIRECTION ( 'NONE',  ( 1.000000000000000000, 0.0000000000000000000, 1.734723475976806601E-16 ) ) ;
#1850 = CARTESIAN_POINT ( 'NONE',  ( -3.100000000000000533, -4.629179606750062348, 2.599999999999999645 ) ) ;
#1851 = ORIENTED_EDGE ( 'NONE', *, *, #1291, .F. ) ;
#1852 = CARTESIAN_POINT ( 'NONE',  ( -2.700000000000000178, 1.899999999999999689, 2.699999999999998845 ) ) ;
#1853 = PRODUCT_RELATED_PRODUCT_CATEGORY ( 'detail', '', ( #1920 ) ) ;
#1854 = ORIENTED_EDGE ( 'NONE', *, *, #3406, .F. ) ;
#1855 = CARTESIAN_POINT ( 'NONE',  ( -2.600000000000000533, -0.6999999999999996225, -1.899999999999999245 ) ) ;
#1856 = CARTESIAN_POINT ( 'NONE',  ( -2.762448996987585392, 2.016867263637973196, 2.486560671753288876 ) ) ;
#1857 = DIRECTION ( 'NONE',  ( 0.0000000000000000000, -0.0000000000000000000, -1.000000000000000000 ) ) ;
#1858 = CARTESIAN_POINT ( 'NONE',  ( 2.700000000000000178, 1.899999999999999689, -2.699999999999998845 ) ) ;
#1859 = EDGE_CURVE ( 'NONE', #2747, #1284, #2102, .T. ) ;
#1860 = TOROIDAL_SURFACE ( 'NONE', #2559, 0.05000000000000042605, 0.2000000000000000111 ) ;
#1861 = EDGE_CURVE ( 'NONE', #2457, #568, #2052, .T. ) ;
#1862 = EDGE_LOOP ( 'NONE', ( #1982, #1054, #2873, #2073, #2270, #2032 ) ) ;
#1863 = DIRECTION ( 'NONE',  ( 0.0000000000000000000, 0.0000000000000000000, -1.000000000000000000 ) ) ;
#1864 = DIRECTION ( 'NONE',  ( 0.0000000000000000000, 1.000000000000000000, 0.0000000000000000000 ) ) ;
#1865 = DIRECTION ( 'NONE',  ( -0.0000000000000000000, -1.000000000000000000, -0.0000000000000000000 ) ) ;
#1866 = ORIENTED_EDGE ( 'NONE', *, *, #1264, .T. ) ;
#1867 = VERTEX_POINT ( 'NONE', #1013 ) ;
#1868 = ORIENTED_EDGE ( 'NONE', *, *, #1350, .F. ) ;
#1869 = EDGE_CURVE ( 'NONE', #1689, #1563, #692, .T. ) ;
#1870 = ADVANCED_FACE ( 'NONE', ( #3025 ), #860, .F. ) ;
#1871 = ORIENTED_EDGE ( 'NONE', *, *, #2286, .F. ) ;
#1872 = AXIS2_PLACEMENT_3D ( 'NONE', #824, #1770, #1715 ) ;
#1873 = B_SPLINE_CURVE_WITH_KNOTS ( 'NONE', 3,
 ( #55, #3349, #1534, #2587, #1691, #2316, #3307, #375, #1201, #1778, #2901, #2371, #2717, #337 ),
 .UNSPECIFIED., .F., .F.,
 ( 4, 2, 2, 2, 2, 2, 4 ),
 ( 0.001067800603929041584, 0.001245752549194013544, 0.001334728521826498981, 0.001423704494458984636, 0.001512680467091470074, 0.001601656439723955511, 0.001779608384988927254 ),
 .UNSPECIFIED. ) ;
#1874 = CARTESIAN_POINT ( 'NONE',  ( 3.400000000000000355, -0.8000000000000001554, 1.900000000000000133 ) ) ;
#1875 = VECTOR ( 'NONE', #2319, 1000.000000000000000 ) ;
#1876 = AXIS2_PLACEMENT_3D ( 'NONE', #2461, #221, #2532 ) ;
#1877 = DIRECTION ( 'NONE',  ( -1.000000000000000000, -0.0000000000000000000, -0.0000000000000000000 ) ) ;
#1878 = DIRECTION ( 'NONE',  ( 1.000000000000000000, 0.0000000000000000000, -1.734723475976806601E-16 ) ) ;
#1879 = EDGE_CURVE ( 'NONE', #3508, #31, #2284, .T. ) ;
#1880 = DIRECTION ( 'NONE',  ( 0.0000000000000000000, 0.0000000000000000000, -1.000000000000000000 ) ) ;
#1881 = EDGE_LOOP ( 'NONE', ( #1524, #3423 ) ) ;
#1882 = VECTOR ( 'NONE', #1063, 1000.000000000000000 ) ;
#1883 = DIRECTION ( 'NONE',  ( -0.4472135954999584273, -0.8944271909999156334, 0.0000000000000000000 ) ) ;
#1884 = CARTESIAN_POINT ( 'NONE',  ( -3.000000000000000888, -0.6999999999999996225, -1.899999999999999245 ) ) ;
#1885 = LINE ( 'NONE', #1837, #914 ) ;
#1886 = LINE ( 'NONE', #3123, #3104 ) ;
#1887 = CARTESIAN_POINT ( 'NONE',  ( -3.400000000000000355, -4.899999999999996803, 1.899999999999999245 ) ) ;
#1888 = DIRECTION ( 'NONE',  ( 1.734723475976806601E-16, -0.0000000000000000000, 1.000000000000000000 ) ) ;
#1889 = DIRECTION ( 'NONE',  ( 0.0000000000000000000, 0.0000000000000000000, 1.000000000000000000 ) ) ;
#1890 = CARTESIAN_POINT ( 'NONE',  ( -3.099999999999998757, -5.299999999999999822, 2.112683772664591508 ) ) ;
#1891 = CARTESIAN_POINT ( 'NONE',  ( -3.400000000000000355, -5.299999999999999822, 2.599999999999999645 ) ) ;
#1892 = AXIS2_PLACEMENT_3D ( 'NONE', #2510, #1977, #2065 ) ;
#1893 = ORIENTED_EDGE ( 'NONE', *, *, #1709, .F. ) ;
#1894 = LINE ( 'NONE', #1601, #2044 ) ;
#1895 = DIRECTION ( 'NONE',  ( 0.0000000000000000000, 0.0000000000000000000, 1.000000000000000000 ) ) ;
#1896 = ORIENTED_EDGE ( 'NONE', *, *, #409, .T. ) ;
#1897 = LINE ( 'NONE', #1884, #2914 ) ;
#1898 = LINE ( 'NONE', #1899, #2021 ) ;
#1899 = CARTESIAN_POINT ( 'NONE',  ( 3.000000000000000444, 1.800000000000000044, -2.699999999999999734 ) ) ;
#1900 = DIRECTION ( 'NONE',  ( 1.734723475976806601E-16, 0.0000000000000000000, -1.000000000000000000 ) ) ;
#1901 = EDGE_CURVE ( 'NONE', #1620, #1095, #1668, .T. ) ;
#1902 = EDGE_CURVE ( 'NONE', #1045, #2661, #580, .T. ) ;
#1903 = CARTESIAN_POINT ( 'NONE',  ( 3.000000000000000444, 1.800000000000000044, 2.700000000000000622 ) ) ;
#1904 = AXIS2_PLACEMENT_3D ( 'NONE', #2694, #1023, #3009 ) ;
#1905 = DIRECTION ( 'NONE',  ( -8.031127203596329369E-17, -0.0000000000000000000, -1.000000000000000000 ) ) ;
#1906 = CARTESIAN_POINT ( 'NONE',  ( 2.700000000000000178, 1.800000000000000044, 2.699999999999998845 ) ) ;
#1907 = DIRECTION ( 'NONE',  ( 0.8944271909999157444, 0.4472135954999582608, 1.551583845779544959E-16 ) ) ;
#1908 = B_SPLINE_CURVE_WITH_KNOTS ( 'NONE', 3,
 ( #3102, #2945, #1856, #2837, #3016, #2243, #1188, #323, #2723, #3444, #272, #2053, #32, #138 ),
 .UNSPECIFIED., .F., .F.,
 ( 4, 2, 2, 2, 2, 2, 4 ),
 ( 0.001067800603929041584, 0.001245752549194013544, 0.001334728521826498981, 0.001423704494458984636, 0.001512680467091470074, 0.001601656439723955511, 0.001779608384988927254 ),
 .UNSPECIFIED. ) ;
#1909 = ORIENTED_EDGE ( 'NONE', *, *, #1738, .F. ) ;
#1910 = LINE ( 'NONE', #1571, #3103 ) ;
#1911 = VERTEX_POINT ( 'NONE', #1994 ) ;
#1912 = VECTOR ( 'NONE', #3362, 1000.000000000000000 ) ;
#1913 = ADVANCED_FACE ( 'NONE', ( #2147 ), #2987, .F. ) ;
#1914 = DIRECTION ( 'NONE',  ( 8.031127203596329369E-17, 0.0000000000000000000, 1.000000000000000000 ) ) ;
#1915 = ADVANCED_FACE ( 'NONE', ( #2558 ), #2341, .T. ) ;
#1916 = DIRECTION ( 'NONE',  ( -1.734723475976806601E-16, 0.0000000000000000000, -1.000000000000000000 ) ) ;
#1917 = CARTESIAN_POINT ( 'NONE',  ( -3.400000000000000355, -2.500000000000000000, -2.599999999999999645 ) ) ;
#1918 = ORIENTED_EDGE ( 'NONE', *, *, #2902, .T. ) ;
#1919 = AXIS2_PLACEMENT_3D ( 'NONE', #1185, #2285, #531 ) ;
#1920 = PRODUCT ( 'TL1105CF160Q', 'TL1105CF160Q', '', ( #2744 ) ) ;
#1921 = LINE ( 'NONE', #2336, #501 ) ;
#1922 = EDGE_CURVE ( 'NONE', #2660, #148, #1680, .T. ) ;
#1923 = ORIENTED_EDGE ( 'NONE', *, *, #294, .T. ) ;
#1924 = FACE_OUTER_BOUND ( 'NONE', #2613, .T. ) ;
#1925 = CC_DESIGN_PERSON_AND_ORGANIZATION_ASSIGNMENT ( #2607, #2601, ( #642 ) ) ;
#1926 = VECTOR ( 'NONE', #1679, 1000.000000000000114 ) ;
#1927 = PLANE ( 'NONE',  #1070 ) ;
#1928 = CLOSED_SHELL ( 'NONE', ( #3457, #2885, #2981, #553, #746, #219, #348, #1077, #1197, #3506, #1320, #109, #1915, #995, #856, #681, #560, #3517 ) ) ;
#1929 = ORIENTED_EDGE ( 'NONE', *, *, #2611, .F. ) ;
#1930 = VECTOR ( 'NONE', #1762, 1000.000000000000000 ) ;
#1931 = AXIS2_PLACEMENT_3D ( 'NONE', #3221, #3216, #3214 ) ;
#1932 = VECTOR ( 'NONE', #2350, 1000.000000000000000 ) ;
#1933 = PLANE ( 'NONE',  #1375 ) ;
#1934 = ORIENTED_EDGE ( 'NONE', *, *, #3397, .F. ) ;
#1935 = DIRECTION ( 'NONE',  ( 1.734723475976806601E-16, 0.0000000000000000000, -1.000000000000000000 ) ) ;
#1936 = CARTESIAN_POINT ( 'NONE',  ( -3.100000000000000977, -0.8000000000000001554, 2.599999999999999645 ) ) ;
#1937 = DIRECTION ( 'NONE',  ( -1.000000000000000000, 0.0000000000000000000, 1.734723475976806601E-16 ) ) ;
#1938 = DIRECTION ( 'NONE',  ( -0.4472135954999582053, 0.8944271909999156334, 0.0000000000000000000 ) ) ;
#1939 = EDGE_CURVE ( 'NONE', #1647, #2368, #1910, .T. ) ;
#1940 = CYLINDRICAL_SURFACE ( 'NONE', #2054, 0.2500000000000006661 ) ;
#1941 = LINE ( 'NONE', #1944, #2920 ) ;
#1942 = DIRECTION ( 'NONE',  ( 0.4472135954999580387, -0.8944271909999157444, 3.526326922226240134E-16 ) ) ;
#1943 = VECTOR ( 'NONE', #1129, 1000.000000000000000 ) ;
#1944 = CARTESIAN_POINT ( 'NONE',  ( -3.950000000000002842, -3.599999999999999201, -2.599999999999999201 ) ) ;
#1945 = VERTEX_POINT ( 'NONE', #2784 ) ;
#1946 = ORIENTED_EDGE ( 'NONE', *, *, #269, .F. ) ;
#1947 = LINE ( 'NONE', #1936, #268 ) ;
#1948 = DIRECTION ( 'NONE',  ( 1.734723475976806601E-16, -0.0000000000000000000, 1.000000000000000000 ) ) ;
#1949 = VERTEX_POINT ( 'NONE', #3055 ) ;
#1950 = DIRECTION ( 'NONE',  ( 0.0000000000000000000, 0.0000000000000000000, 1.000000000000000000 ) ) ;
#1951 = CARTESIAN_POINT ( 'NONE',  ( 2.700000000000000178, -1.800000000000000044, 3.000000000000000000 ) ) ;
#1952 = VECTOR ( 'NONE', #1992, 1000.000000000000000 ) ;
#1953 = DIRECTION ( 'NONE',  ( -0.4472135954999602037, 0.8944271909999147452, 0.0000000000000000000 ) ) ;
#1954 = DIRECTION ( 'NONE',  ( 1.734723475976806601E-16, -0.0000000000000000000, 1.000000000000000000 ) ) ;
#1955 = ADVANCED_FACE ( 'NONE', ( #1794 ), #142, .F. ) ;
#1956 = ORIENTED_EDGE ( 'NONE', *, *, #2277, .T. ) ;
#1957 = EDGE_CURVE ( 'NONE', #46, #887, #2493, .T. ) ;
#1958 = ORIENTED_EDGE ( 'NONE', *, *, #2077, .T. ) ;
#1959 = AXIS2_PLACEMENT_3D ( 'NONE', #677, #2359, #2952 ) ;
#1960 = ORIENTED_EDGE ( 'NONE', *, *, #1275, .F. ) ;
#1961 = CARTESIAN_POINT ( 'NONE',  ( 2.762448996987584948, 1.958502381641454626, 2.942074622328251898 ) ) ;
#1962 = EDGE_CURVE ( 'NONE', #1012, #2165, #255, .T. ) ;
#1963 = ORIENTED_EDGE ( 'NONE', *, *, #2485, .F. ) ;
#1964 = ORIENTED_EDGE ( 'NONE', *, *, #1354, .F. ) ;
#1965 = EDGE_LOOP ( 'NONE', ( #3244, #1338, #1655, #2436 ) ) ;
#1966 = AXIS2_PLACEMENT_3D ( 'NONE', #1692, #3299, #3480 ) ;
#1967 = AXIS2_PLACEMENT_3D ( 'NONE', #10, #1579, #712 ) ;
#1968 = CARTESIAN_POINT ( 'NONE',  ( -3.614589803375032329, -3.600000000000000089, -1.899999999999999245 ) ) ;
#1969 = VERTEX_POINT ( 'NONE', #3262 ) ;
#1970 = CARTESIAN_POINT ( 'NONE',  ( -3.400000000000001243, -0.8000000000000001554, 2.599999999999999645 ) ) ;
#1971 = VERTEX_POINT ( 'NONE', #2770 ) ;
#1972 = EDGE_CURVE ( 'NONE', #1945, #2119, #1306, .T. ) ;
#1973 = VECTOR ( 'NONE', #3, 1000.000000000000227 ) ;
#1974 = VECTOR ( 'NONE', #9, 1000.000000000000000 ) ;
#1975 = ORIENTED_EDGE ( 'NONE', *, *, #1329, .F. ) ;
#1976 = ORIENTED_EDGE ( 'NONE', *, *, #269, .T. ) ;
#1977 = DIRECTION ( 'NONE',  ( -1.734723475976806601E-16, 0.0000000000000000000, 1.000000000000000000 ) ) ;
#1978 = ORIENTED_EDGE ( 'NONE', *, *, #230, .T. ) ;
#1979 = VECTOR ( 'NONE', #2035, 1000.000000000000000 ) ;
#1980 = CARTESIAN_POINT ( 'NONE',  ( -3.000000000000000000, 1.800000000000000044, -2.699999999999998845 ) ) ;
#1981 = CARTESIAN_POINT ( 'NONE',  ( 2.637551003012414963, 2.299999999999999822, -3.000000000000000000 ) ) ;
#1982 = ORIENTED_EDGE ( 'NONE', *, *, #1281, .T. ) ;
#1983 = CARTESIAN_POINT ( 'NONE',  ( -2.999999999999999112, 1.800000000000000044, 2.700000000000001066 ) ) ;
#1984 = AXIS2_PLACEMENT_3D ( 'NONE', #1681, #1907, #1377 ) ;
#1985 = DIRECTION ( 'NONE',  ( -1.000000000000000000, 0.0000000000000000000, -1.734723475976806601E-16 ) ) ;
#1986 = ORIENTED_EDGE ( 'NONE', *, *, #502, .F. ) ;
#1987 = EDGE_CURVE ( 'NONE', #1376, #2264, #515, .T. ) ;
#1988 = VERTEX_POINT ( 'NONE', #2452 ) ;
#1989 = CARTESIAN_POINT ( 'NONE',  ( -3.400000000000000355, -2.500000000000000000, -2.599999999999999645 ) ) ;
#1990 = EDGE_CURVE ( 'NONE', #2221, #682, #695, .T. ) ;
#1991 = VERTEX_POINT ( 'NONE', #2817 ) ;
#1992 = DIRECTION ( 'NONE',  ( -5.102127870520020982E-16, 1.000000000000000000, -0.0000000000000000000 ) ) ;
#1993 = DIRECTION ( 'NONE',  ( 1.734723475976802558E-15, 0.0000000000000000000, 1.000000000000000000 ) ) ;
#1994 = CARTESIAN_POINT ( 'NONE',  ( 2.700000000000000178, 1.800000000000000044, -3.000000000000000000 ) ) ;
#1995 = ORIENTED_EDGE ( 'NONE', *, *, #181, .T. ) ;
#1996 = DIRECTION ( 'NONE',  ( 4.898078547630451731E-16, -1.000000000000000000, 0.0000000000000000000 ) ) ;
#1997 = CARTESIAN_POINT ( 'NONE',  ( 3.399999999999999467, -2.500000000000000000, 2.600000000000000533 ) ) ;
#1998 = CARTESIAN_POINT ( 'NONE',  ( -3.100000000000000977, -0.8000000000000001554, 2.599999999999999645 ) ) ;
#1999 = VERTEX_POINT ( 'NONE', #534 ) ;
#2000 = LINE ( 'NONE', #2382, #648 ) ;
#2001 = AXIS2_PLACEMENT_3D ( 'NONE', #3061, #3059, #3042 ) ;
#2002 = DIRECTION ( 'NONE',  ( -0.0000000000000000000, -1.000000000000000000, -0.0000000000000000000 ) ) ;
#2003 = PLANE ( 'NONE',  #2951 ) ;
#2004 = ORIENTED_EDGE ( 'NONE', *, *, #1275, .T. ) ;
#2005 = CARTESIAN_POINT ( 'NONE',  ( 2.700000000000000178, 1.899999999999999689, 2.699999999999998845 ) ) ;
#2006 = ORIENTED_EDGE ( 'NONE', *, *, #3088, .T. ) ;
#2007 = VECTOR ( 'NONE', #960, 1000.000000000000000 ) ;
#2008 = DIRECTION ( 'NONE',  ( 0.4472135954999600371, 0.8944271909999148562, 3.526326922226239148E-16 ) ) ;
#2009 = VECTOR ( 'NONE', #2174, 1000.000000000000227 ) ;
#2010 = CARTESIAN_POINT ( 'NONE',  ( 3.399999999999999467, -5.299999999999999822, -2.112683772664592396 ) ) ;
#2011 = ORIENTED_EDGE ( 'NONE', *, *, #1156, .T. ) ;
#2012 = CIRCLE ( 'NONE', #1277, 0.2500000000000006661 ) ;
#2013 = PERSON ( 'UNSPECIFIED', 'UNSPECIFIED', 'UNSPECIFIED', ('UNSPECIFIED'), ('UNSPECIFIED'), ('UNSPECIFIED') ) ;
#2014 = ORIENTED_EDGE ( 'NONE', *, *, #2346, .F. ) ;
#2015 = LINE ( 'NONE', #2166, #1125 ) ;
#2016 = TOROIDAL_SURFACE ( 'NONE', #1143, 0.05000000000000042605, 0.2000000000000000111 ) ;
#2017 = CARTESIAN_POINT ( 'NONE',  ( -3.000000000000000888, -0.6999999999999996225, 1.899999999999999245 ) ) ;
#2018 = FACE_OUTER_BOUND ( 'NONE', #1862, .T. ) ;
#2019 = ORIENTED_EDGE ( 'NONE', *, *, #1158, .T. ) ;
#2020 = CARTESIAN_POINT ( 'NONE',  ( -3.000000000000000888, -0.3999999999999999667, 2.599999999999999645 ) ) ;
#2021 = VECTOR ( 'NONE', #1905, 1000.000000000000000 ) ;
#2022 = ORIENTED_EDGE ( 'NONE', *, *, #404, .T. ) ;
#2023 = EDGE_CURVE ( 'NONE', #31, #2116, #1426, .T. ) ;
#2024 = VECTOR ( 'NONE', #1555, 1000.000000000000000 ) ;
#2025 = AXIS2_PLACEMENT_3D ( 'NONE', #477, #1672, #1818 ) ;
#2026 = DIRECTION ( 'NONE',  ( 1.531669917389593654E-16, -0.4694715627858889739, 0.8829475928589278766 ) ) ;
#2027 = CARTESIAN_POINT ( 'NONE',  ( -2.637551003012414075, 1.958502381641454626, -2.457925377671744460 ) ) ;
#2028 = ORIENTED_EDGE ( 'NONE', *, *, #1902, .F. ) ;
#2029 = VERTEX_POINT ( 'NONE', #3178 ) ;
#2030 = AXIS2_PLACEMENT_3D ( 'NONE', #2803, #2801, #2793 ) ;
#2031 = ORIENTED_EDGE ( 'NONE', *, *, #229, .F. ) ;
#2032 = ORIENTED_EDGE ( 'NONE', *, *, #313, .T. ) ;
#2033 = ORIENTED_EDGE ( 'NONE', *, *, #3088, .F. ) ;
#2034 = EDGE_CURVE ( 'NONE', #121, #464, #1263, .T. ) ;
#2035 = DIRECTION ( 'NONE',  ( -0.0000000000000000000, -1.000000000000000000, -0.0000000000000000000 ) ) ;
#2036 = DIRECTION ( 'NONE',  ( -0.0000000000000000000, 1.000000000000000000, -0.0000000000000000000 ) ) ;
#2037 = DIRECTION ( 'NONE',  ( -1.000000000000000000, 0.0000000000000000000, -1.734723475976806601E-16 ) ) ;
#2038 = CARTESIAN_POINT ( 'NONE',  ( -3.100000000000000533, -2.570820393249936942, -2.599999999999999645 ) ) ;
#2039 = VECTOR ( 'NONE', #1699, 1000.000000000000000 ) ;
#2040 = CARTESIAN_POINT ( 'NONE',  ( 2.637551003012414963, 2.098551690761753630, -2.641191555527446333 ) ) ;
#2041 = ADVANCED_FACE ( 'NONE', ( #727 ), #2782, .T. ) ;
#2042 = EDGE_LOOP ( 'NONE', ( #282, #968 ) ) ;
#2043 = ORIENTED_EDGE ( 'NONE', *, *, #721, .T. ) ;
#2044 = VECTOR ( 'NONE', #3498, 1000.000000000000000 ) ;
#2045 = VERTEX_POINT ( 'NONE', #2386 ) ;
#2046 = ORIENTED_EDGE ( 'NONE', *, *, #3412, .F. ) ;
#2047 = DIRECTION ( 'NONE',  ( -5.102127870520020982E-16, 1.000000000000000000, -0.0000000000000000000 ) ) ;
#2048 = CARTESIAN_POINT ( 'NONE',  ( 2.700000000000000178, 1.899999999999999689, 2.699999999999998845 ) ) ;
#2049 = LINE ( 'NONE', #2246, #2280 ) ;
#2050 = CARTESIAN_POINT ( 'NONE',  ( 2.637551003012414963, 1.899999999999999689, 2.457925377671996703 ) ) ;
#2051 = DIRECTION ( 'NONE',  ( -8.144033412682009393E-17, -0.8829475928589278766, -0.4694715627858889739 ) ) ;
#2052 = LINE ( 'NONE', #1998, #116 ) ;
#2053 = CARTESIAN_POINT ( 'NONE',  ( -2.762448996987584948, 2.017711508143452459, 2.912841151645946258 ) ) ;
#2054 = AXIS2_PLACEMENT_3D ( 'NONE', #2269, #3029, #714 ) ;
#2055 = ORIENTED_EDGE ( 'NONE', *, *, #2617, .F. ) ;
#2056 = PLANE ( 'NONE',  #356 ) ;
#2057 = VERTEX_POINT ( 'NONE', #1717 ) ;
#2058 = LINE ( 'NONE', #2063, #603 ) ;
#2059 = LINE ( 'NONE', #1614, #3132 ) ;
#2060 = EDGE_CURVE ( 'NONE', #2272, #2644, #1285, .T. ) ;
#2061 = CARTESIAN_POINT ( 'NONE',  ( 3.399999999999999467, -4.699999999999997513, 2.600000000000000533 ) ) ;
#2062 = ORIENTED_EDGE ( 'NONE', *, *, #1351, .T. ) ;
#2063 = CARTESIAN_POINT ( 'NONE',  ( -3.400000000000001243, -0.8000000000000001554, 2.599999999999999645 ) ) ;
#2064 = VECTOR ( 'NONE', #154, 1000.000000000000000 ) ;
#2065 = DIRECTION ( 'NONE',  ( -1.000000000000000000, 0.0000000000000000000, -1.734723475976806601E-16 ) ) ;
#2066 = VERTEX_POINT ( 'NONE', #758 ) ;
#2067 = EDGE_CURVE ( 'NONE', #694, #3119, #842, .T. ) ;
#2068 = DIRECTION ( 'NONE',  ( 1.734723475976806601E-16, 0.0000000000000000000, -1.000000000000000000 ) ) ;
#2069 = ORIENTED_EDGE ( 'NONE', *, *, #3371, .T. ) ;
#2070 = CC_DESIGN_PERSON_AND_ORGANIZATION_ASSIGNMENT ( #2636, #2634, ( #3084 ) ) ;
#2071 = DIRECTION ( 'NONE',  ( 0.0000000000000000000, -0.0000000000000000000, 1.000000000000000000 ) ) ;
#2072 = VECTOR ( 'NONE', #1641, 1000.000000000000000 ) ;
#2073 = ORIENTED_EDGE ( 'NONE', *, *, #2993, .T. ) ;
#2074 = ORIENTED_EDGE ( 'NONE', *, *, #2868, .F. ) ;
#2075 = VECTOR ( 'NONE', #986, 1000.000000000000000 ) ;
#2076 = AXIS2_PLACEMENT_3D ( 'NONE', #2776, #2773, #2766 ) ;
#2077 = EDGE_CURVE ( 'NONE', #2395, #1052, #232, .T. ) ;
#2078 = VERTEX_POINT ( 'NONE', #1535 ) ;
#2079 = DIRECTION ( 'NONE',  ( -1.000000000000000000, 0.0000000000000000000, 0.0000000000000000000 ) ) ;
#2080 = LOCAL_TIME ( 13, 11, 32.00000000000000000, #2684 ) ;
#2081 = CARTESIAN_POINT ( 'NONE',  ( -2.762448996987585392, 1.899999999999999689, -3.000000000000000000 ) ) ;
#2082 = CARTESIAN_POINT ( 'NONE',  ( 3.399999999999999467, -2.500000000000000000, 1.900000000000000133 ) ) ;
#2083 = DIRECTION ( 'NONE',  ( 0.0000000000000000000, -1.000000000000000000, 0.0000000000000000000 ) ) ;
#2084 = CARTESIAN_POINT ( 'NONE',  ( 3.399999999999999467, -4.899999999999996803, 1.900000000000000133 ) ) ;
#2085 = DIRECTION ( 'NONE',  ( 0.0000000000000000000, 0.0000000000000000000, 1.000000000000000000 ) ) ;
#2086 = EDGE_CURVE ( 'NONE', #1376, #786, #819, .T. ) ;
#2087 = LINE ( 'NONE', #1497, #2513 ) ;
#2088 = EDGE_CURVE ( 'NONE', #3325, #1587, #2733, .T. ) ;
#2089 = VERTEX_POINT ( 'NONE', #1098 ) ;
#2090 = CARTESIAN_POINT ( 'NONE',  ( -2.600000000000000533, -0.4000000000000000222, -2.599999999999999645 ) ) ;
#2091 = EDGE_LOOP ( 'NONE', ( #1165, #1608, #2872, #442, #1327, #3087 ) ) ;
#2092 = CIRCLE ( 'NONE', #1541, 0.3000000000000003775 ) ;
#2093 = PLANE ( 'NONE',  #206 ) ;
#2094 = CARTESIAN_POINT ( 'NONE',  ( -2.600000000000000533, -0.4000000000000000222, 2.599999999999999645 ) ) ;
#2095 = EDGE_CURVE ( 'NONE', #599, #1671, #3378, .T. ) ;
#2096 = AXIS2_PLACEMENT_3D ( 'NONE', #1622, #2512, #382 ) ;
#2097 = CARTESIAN_POINT ( 'NONE',  ( -3.100000000000000977, -0.8000000000000001554, 2.599999999999999645 ) ) ;
#2098 = CARTESIAN_POINT ( 'NONE',  ( 3.399999999999999467, -5.299999999999999822, -2.112683772664592396 ) ) ;
#2099 = ORIENTED_EDGE ( 'NONE', *, *, #284, .F. ) ;
#2100 = CIRCLE ( 'NONE', #1711, 0.4000000000000001887 ) ;
#2101 = ADVANCED_FACE ( 'NONE', ( #1170 ), #1670, .F. ) ;
#2102 = CIRCLE ( 'NONE', #2844, 0.2999999999999999334 ) ;
#2103 = VERTEX_POINT ( 'NONE', #3215 ) ;
#2104 = FACE_OUTER_BOUND ( 'NONE', #977, .T. ) ;
#2105 = CARTESIAN_POINT ( 'NONE',  ( 3.000000000000000444, 1.800000000000000044, -2.699999999999999734 ) ) ;
#2106 = DIRECTION ( 'NONE',  ( -1.000000000000000000, 2.710505431213757141E-16, 0.0000000000000000000 ) ) ;
#2107 = ADVANCED_FACE ( 'NONE', ( #1451 ), #15, .F. ) ;
#2108 = VERTEX_POINT ( 'NONE', #2324 ) ;
#2109 = LINE ( 'NONE', #3303, #2472 ) ;
#2110 = DIRECTION ( 'NONE',  ( 1.000000000000000000, 0.0000000000000000000, 0.0000000000000000000 ) ) ;
#2111 = DIRECTION ( 'NONE',  ( 0.0000000000000000000, 0.0000000000000000000, -1.000000000000000000 ) ) ;
#2112 = DIRECTION ( 'NONE',  ( 0.0000000000000000000, 1.000000000000000000, 0.0000000000000000000 ) ) ;
#2113 = CARTESIAN_POINT ( 'NONE',  ( 3.000000000000000000, -0.3999999999999999667, -2.600000000000000533 ) ) ;
#2114 = CARTESIAN_POINT ( 'NONE',  ( 2.700000000000000178, -1.800000000000000044, 3.000000000000000000 ) ) ;
#2115 = DIRECTION ( 'NONE',  ( -0.0000000000000000000, -1.000000000000000000, -0.0000000000000000000 ) ) ;
#2116 = VERTEX_POINT ( 'NONE', #800 ) ;
#2117 = EDGE_CURVE ( 'NONE', #2486, #416, #1479, .T. ) ;
#2118 = PLANE ( 'NONE',  #1892 ) ;
#2119 = VERTEX_POINT ( 'NONE', #2396 ) ;
#2120 = CARTESIAN_POINT ( 'NONE',  ( 3.000000000000000000, -0.8000000000000001554, 2.600000000000000533 ) ) ;
#2121 = CARTESIAN_POINT ( 'NONE',  ( 2.700000000000000178, 2.100000000000000089, 2.699999999999998845 ) ) ;
#2122 = ORIENTED_EDGE ( 'NONE', *, *, #1962, .F. ) ;
#2123 = VECTOR ( 'NONE', #2310, 1000.000000000000000 ) ;
#2124 = VECTOR ( 'NONE', #1049, 1000.000000000000000 ) ;
#2125 = ORIENTED_EDGE ( 'NONE', *, *, #243, .T. ) ;
#2126 = EDGE_CURVE ( 'NONE', #1316, #2296, #1842, .T. ) ;
#2127 = ORIENTED_EDGE ( 'NONE', *, *, #1192, .T. ) ;
#2128 = CARTESIAN_POINT ( 'NONE',  ( -3.400000000000000355, -4.699999999999997513, 2.599999999999999645 ) ) ;
#2129 = VERTEX_POINT ( 'NONE', #2416 ) ;
#2130 = ORIENTED_EDGE ( 'NONE', *, *, #2399, .F. ) ;
#2131 = CARTESIAN_POINT ( 'NONE',  ( 0.0000000000000000000, 1.800000000000000044, 0.0000000000000000000 ) ) ;
#2132 = CIRCLE ( 'NONE', #821, 0.2500000000000006661 ) ;
#2133 = DIRECTION ( 'NONE',  ( -0.0000000000000000000, 1.000000000000000000, -0.0000000000000000000 ) ) ;
#2134 = DIRECTION ( 'NONE',  ( -1.734723475976802558E-15, 0.0000000000000000000, 1.000000000000000000 ) ) ;
#2135 = EDGE_CURVE ( 'NONE', #467, #3411, #2943, .T. ) ;
#2136 = ORIENTED_EDGE ( 'NONE', *, *, #3365, .F. ) ;
#2137 = CIRCLE ( 'NONE', #48, 1.250000000000000000 ) ;
#2138 = EDGE_LOOP ( 'NONE', ( #1548, #3448, #228, #1513, #1213, #2554 ) ) ;
#2139 = CARTESIAN_POINT ( 'NONE',  ( 3.399999999999999467, -5.299999999999999822, -2.112683772664592396 ) ) ;
#2140 = CARTESIAN_POINT ( 'NONE',  ( -3.400000000000001243, -0.8000000000000001554, -2.599999999999999645 ) ) ;
#2141 = ORIENTED_EDGE ( 'NONE', *, *, #2719, .T. ) ;
#2142 = CARTESIAN_POINT ( 'NONE',  ( 2.637551003012414963, 2.071748216696299938, -2.556509393195813828 ) ) ;
#2143 = DIRECTION ( 'NONE',  ( -1.000000000000000000, 0.0000000000000000000, -1.734723475976806601E-16 ) ) ;
#2144 = DIRECTION ( 'NONE',  ( -0.4472135954999602037, 0.8944271909999147452, 0.0000000000000000000 ) ) ;
#2145 = ADVANCED_FACE ( 'NONE', ( #2179 ), #2520, .F. ) ;
#2146 = CARTESIAN_POINT ( 'NONE',  ( -2.699999999999998845, 1.800000000000000044, 3.000000000000000000 ) ) ;
#2147 = FACE_OUTER_BOUND ( 'NONE', #349, .T. ) ;
#2148 = ORIENTED_EDGE ( 'NONE', *, *, #3293, .F. ) ;
#2149 = VECTOR ( 'NONE', #2307, 1000.000000000000000 ) ;
#2150 = VERTEX_POINT ( 'NONE', #980 ) ;
#2151 = ADVANCED_FACE ( 'NONE', ( #83 ), #1150, .T. ) ;
#2152 = CYLINDRICAL_SURFACE ( 'NONE', #334, 0.1000000000000002554 ) ;
#2153 = CARTESIAN_POINT ( 'NONE',  ( 2.700000000000000178, 1.800000000000000044, -2.699999999999998845 ) ) ;
#2154 = CARTESIAN_POINT ( 'NONE',  ( 2.637551003012414963, 1.899999999999999689, 2.942074622328000988 ) ) ;
#2155 = DIRECTION ( 'NONE',  ( -8.031127203596329369E-17, -0.0000000000000000000, -1.000000000000000000 ) ) ;
#2156 = EDGE_LOOP ( 'NONE', ( #2651, #733, #2011, #2855 ) ) ;
#2157 = LINE ( 'NONE', #3499, #3336 ) ;
#2158 = CARTESIAN_POINT ( 'NONE',  ( 3.000000000000000444, -1.800000000000000044, -2.699999999999999734 ) ) ;
#2159 = LINE ( 'NONE', #2158, #2504 ) ;
#2160 = DIRECTION ( 'NONE',  ( -0.0000000000000000000, 1.000000000000000000, -0.0000000000000000000 ) ) ;
#2161 = ORIENTED_EDGE ( 'NONE', *, *, #2969, .T. ) ;
#2162 = FACE_OUTER_BOUND ( 'NONE', #792, .T. ) ;
#2163 = ORIENTED_EDGE ( 'NONE', *, *, #1637, .F. ) ;
#2164 = VERTEX_POINT ( 'NONE', #3447 ) ;
#2165 = VERTEX_POINT ( 'NONE', #1754 ) ;
#2166 = CARTESIAN_POINT ( 'NONE',  ( 2.700000000000000178, 1.800000000000000044, -3.000000000000000000 ) ) ;
#2167 = VECTOR ( 'NONE', #706, 1000.000000000000000 ) ;
#2168 = CARTESIAN_POINT ( 'NONE',  ( -2.600000000000000533, -0.4000000000000000222, -2.599999999999999645 ) ) ;
#2169 = EDGE_CURVE ( 'NONE', #2635, #2227, #798, .T. ) ;
#2170 = VECTOR ( 'NONE', #592, 1000.000000000000000 ) ;
#2171 = ADVANCED_FACE ( 'NONE', ( #1635 ), #1569, .T. ) ;
#2172 = ORIENTED_EDGE ( 'NONE', *, *, #716, .T. ) ;
#2173 = ORIENTED_EDGE ( 'NONE', *, *, #803, .F. ) ;
#2174 = DIRECTION ( 'NONE',  ( 0.4472135954999582053, 0.8944271909999156334, -0.0000000000000000000 ) ) ;
#2175 = CARTESIAN_POINT ( 'NONE',  ( -3.400000000000000355, -2.500000000000000000, -1.899999999999999245 ) ) ;
#2176 = CARTESIAN_POINT ( 'NONE',  ( 3.614589803375030996, -3.599999999999999201, -1.900000000000000133 ) ) ;
#2177 = ORIENTED_EDGE ( 'NONE', *, *, #996, .T. ) ;
#2178 = VECTOR ( 'NONE', #3078, 1000.000000000000000 ) ;
#2179 = FACE_OUTER_BOUND ( 'NONE', #1440, .T. ) ;
#2180 = VECTOR ( 'NONE', #581, 1000.000000000000000 ) ;
#2181 = DIRECTION ( 'NONE',  ( 0.0000000000000000000, -1.000000000000000000, 0.0000000000000000000 ) ) ;
#2182 = ORIENTED_EDGE ( 'NONE', *, *, #490, .F. ) ;
#2183 = ORIENTED_EDGE ( 'NONE', *, *, #1137, .T. ) ;
#2184 = AXIS2_PLACEMENT_3D ( 'NONE', #2938, #2934, #2933 ) ;
#2185 = CARTESIAN_POINT ( 'NONE',  ( 3.399999999999999467, -5.299999999999999822, 2.112683772664592396 ) ) ;
#2186 = LINE ( 'NONE', #1989, #1703 ) ;
#2187 = CARTESIAN_POINT ( 'NONE',  ( 2.700000000000000178, 1.899999999999999689, 2.699999999999998845 ) ) ;
#2189 = VERTEX_POINT ( 'NONE', #2502 ) ;
#2188 = FACE_OUTER_BOUND ( 'NONE', #1367, .T. ) ;
#2190 = DIRECTION ( 'NONE',  ( 1.000000000000000000, 1.355252715606878570E-16, 0.0000000000000000000 ) ) ;
#2191 = VERTEX_POINT ( 'NONE', #3013 ) ;
#2192 = LINE ( 'NONE', #1495, #135 ) ;
#2193 = ORIENTED_EDGE ( 'NONE', *, *, #1539, .T. ) ;
#2194 = LINE ( 'NONE', #2176, #2009 ) ;
#2195 = ORIENTED_EDGE ( 'NONE', *, *, #201, .F. ) ;
#2196 = DIRECTION ( 'NONE',  ( 0.0000000000000000000, -1.000000000000000000, 0.0000000000000000000 ) ) ;
#2197 = CIRCLE ( 'NONE', #749, 0.4000000000000001887 ) ;
#2198 = EDGE_CURVE ( 'NONE', #1969, #1684, #172, .T. ) ;
#2199 = VECTOR ( 'NONE', #1294, 1000.000000000000000 ) ;
#2200 = LINE ( 'NONE', #926, #719 ) ;
#2201 = EDGE_CURVE ( 'NONE', #2361, #1671, #45, .T. ) ;
#2202 = EDGE_LOOP ( 'NONE', ( #198, #167, #1318, #940, #1839, #2986 ) ) ;
#2203 = DIRECTION ( 'NONE',  ( -0.8944271909999155223, 0.4472135954999588159, -1.551583845779544959E-16 ) ) ;
#2204 = ORIENTED_EDGE ( 'NONE', *, *, #1847, .T. ) ;
#2205 = AXIS2_PLACEMENT_3D ( 'NONE', #2994, #2886, #2412 ) ;
#2206 = PLANE ( 'NONE',  #710 ) ;
#2207 = CARTESIAN_POINT ( 'NONE',  ( -3.000000000000000888, -0.6999999999999996225, -2.599999999999999645 ) ) ;
#2208 = CARTESIAN_POINT ( 'NONE',  ( -3.614589803375032329, -3.600000000000000089, -2.599999999999999645 ) ) ;
#2209 = ORIENTED_EDGE ( 'NONE', *, *, #3091, .T. ) ;
#2210 = DIRECTION ( 'NONE',  ( -0.0000000000000000000, 1.000000000000000000, 0.0000000000000000000 ) ) ;
#2211 = DIRECTION ( 'NONE',  ( 0.0000000000000000000, -0.0000000000000000000, 1.000000000000000000 ) ) ;
#2212 = CYLINDRICAL_SURFACE ( 'NONE', #2922, 0.3000000000000003775 ) ;
#2213 = ORIENTED_EDGE ( 'NONE', *, *, #1438, .T. ) ;
#2214 = DIRECTION ( 'NONE',  ( 0.0000000000000000000, 0.0000000000000000000, -1.000000000000000000 ) ) ;
#2215 = DIRECTION ( 'NONE',  ( -0.0000000000000000000, -1.000000000000000000, -0.0000000000000000000 ) ) ;
#2216 = ORIENTED_EDGE ( 'NONE', *, *, #302, .F. ) ;
#2217 = EDGE_LOOP ( 'NONE', ( #2923, #1016, #697, #2609 ) ) ;
#2218 = CARTESIAN_POINT ( 'NONE',  ( -2.700000000000000178, 1.800000000000000044, -2.699999999999998845 ) ) ;
#2219 = EDGE_CURVE ( 'NONE', #807, #2433, #246, .T. ) ;
#2220 = DIRECTION ( 'NONE',  ( 1.000000000000000000, -1.355252715606878570E-16, 0.0000000000000000000 ) ) ;
#2221 = VERTEX_POINT ( 'NONE', #353 ) ;
#2222 = CYLINDRICAL_SURFACE ( 'NONE', #1573, 0.2999999999999994893 ) ;
#2223 = FACE_OUTER_BOUND ( 'NONE', #1395, .T. ) ;
#2224 = CARTESIAN_POINT ( 'NONE',  ( -2.637551003012414963, 1.899999999999999689, -3.000000000000000000 ) ) ;
#2225 = CARTESIAN_POINT ( 'NONE',  ( 2.599999999999999645, -0.4000000000000000222, -1.900000000000000133 ) ) ;
#2226 = FACE_OUTER_BOUND ( 'NONE', #3075, .T. ) ;
#2227 = VERTEX_POINT ( 'NONE', #3415 ) ;
#2228 = ORIENTED_EDGE ( 'NONE', *, *, #2198, .T. ) ;
#2229 = DIRECTION ( 'NONE',  ( 0.0000000000000000000, 0.0000000000000000000, -1.000000000000000000 ) ) ;
#2230 = CARTESIAN_POINT ( 'NONE',  ( -3.400000000000000355, -2.500000000000000000, 1.899999999999999245 ) ) ;
#2231 = ORIENTED_EDGE ( 'NONE', *, *, #490, .T. ) ;
#2232 = DIRECTION ( 'NONE',  ( 0.0000000000000000000, 0.0000000000000000000, -1.000000000000000000 ) ) ;
#2233 = EDGE_CURVE ( 'NONE', #1230, #1624, #1630, .T. ) ;
#2234 = EDGE_CURVE ( 'NONE', #1949, #392, #650, .T. ) ;
#2235 = DIRECTION ( 'NONE',  ( -0.0000000000000000000, -1.000000000000000000, -0.0000000000000000000 ) ) ;
#2236 = AXIS2_PLACEMENT_3D ( 'NONE', #113, #110, #105 ) ;
#2237 = DIRECTION ( 'NONE',  ( 1.355252715606878570E-16, -1.000000000000000000, 2.350988701644570911E-32 ) ) ;
#2238 = VECTOR ( 'NONE', #1149, 1000.000000000000000 ) ;
#2239 = CARTESIAN_POINT ( 'NONE',  ( 2.637551003012414519, 1.959519484286046831, -2.457925377671996703 ) ) ;
#2240 = ADVANCED_FACE ( 'NONE', ( #140 ), #2526, .T. ) ;
#2241 = VERTEX_POINT ( 'NONE', #3433 ) ;
#2242 = FACE_OUTER_BOUND ( 'NONE', #2042, .T. ) ;
#2243 = CARTESIAN_POINT ( 'NONE',  ( -2.762448996987585836, 2.098361312338044904, 2.639681256381774421 ) ) ;
#2244 = CARTESIAN_POINT ( 'NONE',  ( -3.100000000000000533, -4.629179606750062348, -2.599999999999999645 ) ) ;
#2245 = VERTEX_POINT ( 'NONE', #2299 ) ;
#2246 = CARTESIAN_POINT ( 'NONE',  ( -3.000000000000000888, -0.3999999999999999667, -2.599999999999999645 ) ) ;
#2247 = VERTEX_POINT ( 'NONE', #2714 ) ;
#2248 = EDGE_CURVE ( 'NONE', #495, #802, #386, .T. ) ;
#2249 = DIRECTION ( 'NONE',  ( 0.0000000000000000000, -0.0000000000000000000, -1.000000000000000000 ) ) ;
#2250 = ORIENTED_EDGE ( 'NONE', *, *, #2088, .F. ) ;
#2251 = FACE_OUTER_BOUND ( 'NONE', #1328, .T. ) ;
#2252 = LINE ( 'NONE', #1139, #2167 ) ;
#2253 = EDGE_CURVE ( 'NONE', #1120, #2078, #1793, .T. ) ;
#2254 = PLANE ( 'NONE',  #363 ) ;
#2255 = CARTESIAN_POINT ( 'NONE',  ( 3.099999999999999645, -4.629179606750061460, -2.600000000000000533 ) ) ;
#2256 = PLANE ( 'NONE',  #1876 ) ;
#2257 = DIRECTION ( 'NONE',  ( -1.000000000000000000, 2.710505431213757141E-16, 0.0000000000000000000 ) ) ;
#2258 = FACE_OUTER_BOUND ( 'NONE', #1834, .T. ) ;
#2259 = LINE ( 'NONE', #2081, #2410 ) ;
#2260 = ADVANCED_FACE ( 'NONE', ( #513 ), #1180, .F. ) ;
#2261 = ORIENTED_EDGE ( 'NONE', *, *, #1208, .F. ) ;
#2262 = ORIENTED_EDGE ( 'NONE', *, *, #1879, .F. ) ;
#2263 = LINE ( 'NONE', #1799, #840 ) ;
#2264 = VERTEX_POINT ( 'NONE', #1980 ) ;
#2265 = ORIENTED_EDGE ( 'NONE', *, *, #2755, .T. ) ;
#2266 = VECTOR ( 'NONE', #2975, 1000.000000000000000 ) ;
#2267 = ORIENTED_EDGE ( 'NONE', *, *, #34, .T. ) ;
#2268 = ORIENTED_EDGE ( 'NONE', *, *, #342, .T. ) ;
#2269 = CARTESIAN_POINT ( 'NONE',  ( -2.700000000000000178, 2.100000000000000089, -2.699999999999998845 ) ) ;
#2270 = ORIENTED_EDGE ( 'NONE', *, *, #2248, .T. ) ;
#2271 = DIRECTION ( 'NONE',  ( 0.0000000000000000000, -1.000000000000000000, 0.0000000000000000000 ) ) ;
#2272 = VERTEX_POINT ( 'NONE', #1706 ) ;
#2273 = AXIS2_PLACEMENT_3D ( 'NONE', #3428, #2698, #1675 ) ;
#2274 = VECTOR ( 'NONE', #1216, 1000.000000000000000 ) ;
#2275 = ORIENTED_EDGE ( 'NONE', *, *, #1686, .F. ) ;
#2276 = PLANE ( 'NONE',  #1919 ) ;
#2277 = EDGE_CURVE ( 'NONE', #2640, #359, #1127, .T. ) ;
#2278 = EDGE_CURVE ( 'NONE', #682, #2291, #525, .T. ) ;
#2279 = ORIENTED_EDGE ( 'NONE', *, *, #2681, .T. ) ;
#2280 = VECTOR ( 'NONE', #2826, 1000.000000000000000 ) ;
#2281 = VECTOR ( 'NONE', #1087, 1000.000000000000000 ) ;
#2282 = DIRECTION ( 'NONE',  ( -1.000000000000000000, 0.0000000000000000000, 1.734723475976806601E-16 ) ) ;
#2283 = PLANE ( 'NONE',  #822 ) ;
#2284 = LINE ( 'NONE', #1466, #406 ) ;
#2285 = DIRECTION ( 'NONE',  ( -1.734723475976806601E-16, 0.0000000000000000000, 1.000000000000000000 ) ) ;
#2286 = EDGE_CURVE ( 'NONE', #1032, #177, #164, .T. ) ;
#2287 = PLANE ( 'NONE',  #2779 ) ;
#2288 = CARTESIAN_POINT ( 'NONE',  ( -3.614589803375032329, -3.600000000000000089, -2.599999999999999645 ) ) ;
#2289 = EDGE_CURVE ( 'NONE', #3278, #3194, #1008, .T. ) ;
#2290 = DIRECTION ( 'NONE',  ( -0.0000000000000000000, 0.0000000000000000000, 1.000000000000000000 ) ) ;
#2291 = VERTEX_POINT ( 'NONE', #3235 ) ;
#2292 = ORIENTED_EDGE ( 'NONE', *, *, #34, .F. ) ;
#2293 = CARTESIAN_POINT ( 'NONE',  ( 3.399999999999999467, -5.299999999999999822, 2.387316227335408492 ) ) ;
#2294 = CARTESIAN_POINT ( 'NONE',  ( -3.000000000000000888, -0.6999999999999997335, -2.599999999999999645 ) ) ;
#2295 = ORIENTED_EDGE ( 'NONE', *, *, #1490, .F. ) ;
#2296 = VERTEX_POINT ( 'NONE', #344 ) ;
#2297 = LINE ( 'NONE', #1698, #1704 ) ;
#2298 = AXIS2_PLACEMENT_3D ( 'NONE', #1443, #1439, #1436 ) ;
#2299 = CARTESIAN_POINT ( 'NONE',  ( -3.099999999999999645, -4.899999999999996803, -2.599999999999999645 ) ) ;
#2300 = VERTEX_POINT ( 'NONE', #2050 ) ;
#2301 = CARTESIAN_POINT ( 'NONE',  ( -3.099999999999999645, -4.899999999999996803, 2.599999999999999645 ) ) ;
#2302 = CARTESIAN_POINT ( 'NONE',  ( 2.700000000000000178, 2.100000000000000089, -2.949999999999999289 ) ) ;
#2303 = VERTEX_POINT ( 'NONE', #627 ) ;
#2304 = AXIS2_PLACEMENT_3D ( 'NONE', #2419, #1473, #178 ) ;
#2305 = CARTESIAN_POINT ( 'NONE',  ( 2.637551003012415407, 2.099583286130045412, -2.730473403755601769 ) ) ;
#2306 = LINE ( 'NONE', #1970, #572 ) ;
#2307 = DIRECTION ( 'NONE',  ( -0.0000000000000000000, 1.000000000000000000, -0.0000000000000000000 ) ) ;
#2308 = CARTESIAN_POINT ( 'NONE',  ( 3.099999999999999645, -4.899999999999996803, 2.600000000000000533 ) ) ;
#2309 = CARTESIAN_POINT ( 'NONE',  ( -3.400000000000001243, -0.8000000000000001554, 2.599999999999999645 ) ) ;
#2310 = DIRECTION ( 'NONE',  ( 1.734723475976806601E-16, 0.0000000000000000000, -1.000000000000000000 ) ) ;
#2311 = VECTOR ( 'NONE', #325, 1000.000000000000000 ) ;
#2312 = CARTESIAN_POINT ( 'NONE',  ( 3.000000000000000000, -0.7000000000000000666, -1.900000000000000133 ) ) ;
#2313 = PLANE ( 'NONE',  #3019 ) ;
#2314 = CARTESIAN_POINT ( 'NONE',  ( 3.614589803375030996, -3.599999999999999201, 2.600000000000000533 ) ) ;
#2315 = DIRECTION ( 'NONE',  ( 1.000000000000000000, 0.0000000000000000000, 1.734723475976806601E-16 ) ) ;
#2316 = CARTESIAN_POINT ( 'NONE',  ( 2.637551003012414963, 2.098361312338044904, 2.639681256381774421 ) ) ;
#2317 = LINE ( 'NONE', #2314, #2123 ) ;
#2318 = ADVANCED_FACE ( 'NONE', ( #3388 ), #2276, .T. ) ;
#2319 = DIRECTION ( 'NONE',  ( 1.734723475976806601E-16, -0.0000000000000000000, 1.000000000000000000 ) ) ;
#2320 = VERTEX_POINT ( 'NONE', #3048 ) ;
#2321 = DIRECTION ( 'NONE',  ( -0.0000000000000000000, -1.000000000000000000, -0.0000000000000000000 ) ) ;
#2322 = FACE_BOUND ( 'NONE', #3207, .T. ) ;
#2323 = ORIENTED_EDGE ( 'NONE', *, *, #1224, .F. ) ;
#2324 = CARTESIAN_POINT ( 'NONE',  ( -2.600000000000000533, -0.6999999999999996225, 1.899999999999999245 ) ) ;
#2325 = CARTESIAN_POINT ( 'NONE',  ( -2.762448996987585392, 2.016867263637973196, -2.913439328246708815 ) ) ;
#2326 = EDGE_CURVE ( 'NONE', #2642, #1609, #1559, .T. ) ;
#2327 = VECTOR ( 'NONE', #3112, 1000.000000000000000 ) ;
#2328 = CLOSED_SHELL ( 'NONE', ( #836, #2101, #2260, #1480, #858, #3248, #299, #613, #2041, #2968, #23, #3338, #3227, #787, #290, #1955, #2802, #1179 ) ) ;
#2329 = ORIENTED_EDGE ( 'NONE', *, *, #590, .T. ) ;
#2330 = VERTEX_POINT ( 'NONE', #2294 ) ;
#2331 = PLANE ( 'NONE',  #1763 ) ;
#2332 = VECTOR ( 'NONE', #2342, 1000.000000000000000 ) ;
#2333 = FACE_OUTER_BOUND ( 'NONE', #2908, .T. ) ;
#2334 = ORIENTED_EDGE ( 'NONE', *, *, #2902, .F. ) ;
#2335 = CARTESIAN_POINT ( 'NONE',  ( 2.700000000000000178, 1.800000000000000044, -2.949999999999999289 ) ) ;
#2336 = CARTESIAN_POINT ( 'NONE',  ( -2.600000000000000533, -0.6999999999999996225, 2.599999999999999645 ) ) ;
#2337 = EDGE_LOOP ( 'NONE', ( #1978, #1323, #3379, #1273, #2182, #170 ) ) ;
#2338 = EDGE_LOOP ( 'NONE', ( #607, #2605, #3098, #2122, #2696, #1566 ) ) ;
#2339 = FACE_OUTER_BOUND ( 'NONE', #535, .T. ) ;
#2340 = ORIENTED_EDGE ( 'NONE', *, *, #2126, .F. ) ;
#2341 = CYLINDRICAL_SURFACE ( 'NONE', #470, 0.4000000000000001887 ) ;
#2342 = DIRECTION ( 'NONE',  ( 1.000000000000000000, -0.0000000000000000000, -0.0000000000000000000 ) ) ;
#2343 = ADVANCED_FACE ( 'NONE', ( #584 ), #207, .F. ) ;
#2344 = EDGE_LOOP ( 'NONE', ( #2355, #2340, #2397, #3226, #2295, #447, #1753, #459, #59, #2880, #3347, #820, #429, #3513 ) ) ;
#2345 = EDGE_CURVE ( 'NONE', #1307, #467, #2132, .T. ) ;
#2346 = EDGE_CURVE ( 'NONE', #1605, #1991, #2924, .T. ) ;
#2347 = EDGE_LOOP ( 'NONE', ( #2161, #517, #1218, #2693 ) ) ;
#2348 = ORIENTED_EDGE ( 'NONE', *, *, #857, .T. ) ;
#2349 = DIRECTION ( 'NONE',  ( -0.0000000000000000000, -1.000000000000000000, -0.0000000000000000000 ) ) ;
#2350 = DIRECTION ( 'NONE',  ( 0.0000000000000000000, 1.000000000000000000, 0.0000000000000000000 ) ) ;
#2351 = EDGE_LOOP ( 'NONE', ( #1433, #3474, #537, #578 ) ) ;
#2352 = CARTESIAN_POINT ( 'NONE',  ( -3.400000000000000355, -4.699999999999997513, 2.599999999999999645 ) ) ;
#2353 = ORIENTED_EDGE ( 'NONE', *, *, #557, .F. ) ;
#2354 = EDGE_CURVE ( 'NONE', #2066, #1991, #1378, .T. ) ;
#2355 = ORIENTED_EDGE ( 'NONE', *, *, #3463, .F. ) ;
#2356 = ORIENTED_EDGE ( 'NONE', *, *, #590, .F. ) ;
#2357 = CARTESIAN_POINT ( 'NONE',  ( 2.762448996987585392, 1.899999999999999689, -3.000000000000000000 ) ) ;
#2358 = DIRECTION ( 'NONE',  ( -8.144033412682011858E-17, 0.8829475928589276545, 0.4694715627858891405 ) ) ;
#2359 = DIRECTION ( 'NONE',  ( 1.734723475976806601E-16, -0.0000000000000000000, 1.000000000000000000 ) ) ;
#2360 = AXIS2_PLACEMENT_3D ( 'NONE', #1796, #3308, #1456 ) ;
#2361 = VERTEX_POINT ( 'NONE', #1209 ) ;
#2362 = EDGE_CURVE ( 'NONE', #1431, #2291, #516, .T. ) ;
#2363 = CARTESIAN_POINT ( 'NONE',  ( -3.400000000000000355, -4.699999999999997513, 2.599999999999999645 ) ) ;
#2364 = VECTOR ( 'NONE', #3399, 1000.000000000000227 ) ;
#2365 = DIRECTION ( 'NONE',  ( 1.000000000000000000, 0.0000000000000000000, -1.734723475976806601E-16 ) ) ;
#2366 = LINE ( 'NONE', #2352, #1932 ) ;
#2367 = DIRECTION ( 'NONE',  ( 1.734723475976806601E-16, -0.0000000000000000000, 1.000000000000000000 ) ) ;
#2368 = VERTEX_POINT ( 'NONE', #2839 ) ;
#2369 = LINE ( 'NONE', #1009, #971 ) ;
#2370 = CARTESIAN_POINT ( 'NONE',  ( -3.100000000000000533, -2.570820393249936942, 1.899999999999999245 ) ) ;
#2371 = CARTESIAN_POINT ( 'NONE',  ( 2.637551003012414963, 2.017711508143452459, 2.912841151645946258 ) ) ;
#2372 = PLANE ( 'NONE',  #1872 ) ;
#2373 = CARTESIAN_POINT ( 'NONE',  ( 2.637551003012414963, 1.899999999999999689, -3.000000000000000000 ) ) ;
#2374 = LINE ( 'NONE', #3333, #2450 ) ;
#2375 = DIRECTION ( 'NONE',  ( 1.734723475976806601E-16, -0.0000000000000000000, 1.000000000000000000 ) ) ;
#2376 = ORIENTED_EDGE ( 'NONE', *, *, #1465, .F. ) ;
#2377 = AXIS2_PLACEMENT_3D ( 'NONE', #643, #2686, #594 ) ;
#2378 = CARTESIAN_POINT ( 'NONE',  ( -3.099999999999999645, -4.899999999999996803, 1.899999999999999245 ) ) ;
#2379 = ORIENTED_EDGE ( 'NONE', *, *, #2126, .T. ) ;
#2380 = DIRECTION ( 'NONE',  ( -0.0000000000000000000, -1.000000000000000000, -0.0000000000000000000 ) ) ;
#2381 = VERTEX_POINT ( 'NONE', #61 ) ;
#2382 = CARTESIAN_POINT ( 'NONE',  ( 3.100000000000000533, -0.8000000000000001554, 2.600000000000000533 ) ) ;
#2383 = DIRECTION ( 'NONE',  ( 1.734723475976806601E-16, -0.0000000000000000000, 1.000000000000000000 ) ) ;
#2384 = VECTOR ( 'NONE', #3295, 1000.000000000000000 ) ;
#2385 = ORIENTED_EDGE ( 'NONE', *, *, #809, .F. ) ;
#2386 = CARTESIAN_POINT ( 'NONE',  ( 3.949999999999999734, -3.600000000000000089, 1.900000000000000577 ) ) ;
#2387 = EDGE_CURVE ( 'NONE', #2602, #2227, #2759, .T. ) ;
#2388 = CARTESIAN_POINT ( 'NONE',  ( 2.700000000000000178, 1.899999999999999689, 2.949999999999999289 ) ) ;
#2389 = CARTESIAN_POINT ( 'NONE',  ( -3.000000000000000888, -0.3999999999999999667, -1.899999999999999245 ) ) ;
#2390 = AXIS2_PLACEMENT_3D ( 'NONE', #2500, #651, #2549 ) ;
#2391 = DIRECTION ( 'NONE',  ( -0.4472135954999602037, 0.8944271909999147452, -3.526326922226240134E-16 ) ) ;
#2392 = ORIENTED_EDGE ( 'NONE', *, *, #3148, .T. ) ;
#2393 = EDGE_CURVE ( 'NONE', #2660, #2330, #1114, .T. ) ;
#2394 = DIRECTION ( 'NONE',  ( 1.000000000000000000, 0.0000000000000000000, 0.0000000000000000000 ) ) ;
#2395 = VERTEX_POINT ( 'NONE', #1196 ) ;
#2396 = CARTESIAN_POINT ( 'NONE',  ( -3.100000000000000533, -4.629179606750062348, -1.899999999999999245 ) ) ;
#2397 = ORIENTED_EDGE ( 'NONE', *, *, #1025, .F. ) ;
#2398 = DIRECTION ( 'NONE',  ( -0.4472135954999584273, -0.8944271909999156334, -0.0000000000000000000 ) ) ;
#2399 = EDGE_CURVE ( 'NONE', #464, #121, #1131, .T. ) ;
#2400 = CARTESIAN_POINT ( 'NONE',  ( 3.400000000000000355, -0.8000000000000001554, -2.600000000000000533 ) ) ;
#2401 = CARTESIAN_POINT ( 'NONE',  ( 3.000000000000000000, -0.7000000000000000666, -2.600000000000000533 ) ) ;
#2402 = CARTESIAN_POINT ( 'NONE',  ( -2.600000000000000533, -0.6999999999999996225, -2.599999999999999645 ) ) ;
#2403 = VERTEX_POINT ( 'NONE', #1080 ) ;
#2404 = DIRECTION ( 'NONE',  ( 0.0000000000000000000, 1.000000000000000000, -0.0000000000000000000 ) ) ;
#2405 = VECTOR ( 'NONE', #2143, 1000.000000000000000 ) ;
#2406 = ADVANCED_FACE ( 'NONE', ( #3404 ), #3489, .F. ) ;
#2407 = CARTESIAN_POINT ( 'NONE',  ( -3.100000000000000977, -0.8000000000000001554, -2.599999999999999645 ) ) ;
#2408 = FACE_OUTER_BOUND ( 'NONE', #2800, .T. ) ;
#2409 =( GEOMETRIC_REPRESENTATION_CONTEXT ( 3 ) GLOBAL_UNCERTAINTY_ASSIGNED_CONTEXT ( ( #3157 ) ) GLOBAL_UNIT_ASSIGNED_CONTEXT ( ( #2849, #2841, #2831 ) ) REPRESENTATION_CONTEXT ( 'NONE', 'WORKASPACE' ) );
#2410 = VECTOR ( 'NONE', #3316, 1000.000000000000000 ) ;
#2411 = VERTEX_POINT ( 'NONE', #2939 ) ;
#2412 = DIRECTION ( 'NONE',  ( -1.000000000000000000, 0.0000000000000000000, 1.734723475976806601E-16 ) ) ;
#2413 = DIRECTION ( 'NONE',  ( -8.144033412682009393E-17, -0.8829475928589278766, 0.4694715627858889739 ) ) ;
#2414 = CARTESIAN_POINT ( 'NONE',  ( -3.950000000000002842, -3.599999999999999201, 2.599999999999999201 ) ) ;
#2415 = ORIENTED_EDGE ( 'NONE', *, *, #1629, .F. ) ;
#2416 = CARTESIAN_POINT ( 'NONE',  ( 3.099999999999999645, -4.629179606750061460, 1.900000000000000133 ) ) ;
#2417 = DIRECTION ( 'NONE',  ( 0.0000000000000000000, -0.0000000000000000000, 1.000000000000000000 ) ) ;
#2418 = DIRECTION ( 'NONE',  ( 0.0000000000000000000, 0.0000000000000000000, -1.000000000000000000 ) ) ;
#2419 = CARTESIAN_POINT ( 'NONE',  ( 2.700000000000000178, 1.899999999999999689, 2.699999999999998845 ) ) ;
#2420 = DIRECTION ( 'NONE',  ( -0.0000000000000000000, -1.000000000000000000, -0.0000000000000000000 ) ) ;
#2421 = DIRECTION ( 'NONE',  ( 0.0000000000000000000, 1.000000000000000000, 0.0000000000000000000 ) ) ;
#2422 = EDGE_LOOP ( 'NONE', ( #2141, #1854, #2777, #550 ) ) ;
#2423 = DIRECTION ( 'NONE',  ( 0.4472135954999600371, 0.8944271909999148562, -3.526326922226239148E-16 ) ) ;
#2424 = EDGE_LOOP ( 'NONE', ( #165, #3342, #1152, #1783, #2250, #558 ) ) ;
#2425 = CARTESIAN_POINT ( 'NONE',  ( 0.0000000000000000000, 3.199999999999999734, 0.0000000000000000000 ) ) ;
#2426 = CYLINDRICAL_SURFACE ( 'NONE', #1481, 1.750000000000000000 ) ;
#2427 = ORIENTED_EDGE ( 'NONE', *, *, #2571, .T. ) ;
#2428 = LINE ( 'NONE', #1486, #1472 ) ;
#2429 = ORIENTED_EDGE ( 'NONE', *, *, #2561, .T. ) ;
#2430 = ORIENTED_EDGE ( 'NONE', *, *, #647, .F. ) ;
#2431 = ORIENTED_EDGE ( 'NONE', *, *, #2551, .T. ) ;
#2432 = VECTOR ( 'NONE', #1820, 1000.000000000000000 ) ;
#2433 = VERTEX_POINT ( 'NONE', #3346 ) ;
#2434 = B_SPLINE_CURVE_WITH_KNOTS ( 'NONE', 3,
 ( #1654, #1961, #472, #499, #1807, #458, #667, #1828, #1556, #2887, #1204, #1650, #2569, #161 ),
 .UNSPECIFIED., .F., .F.,
 ( 4, 2, 2, 2, 2, 2, 4 ),
 ( 0.001067800603929041584, 0.001245752549194013544, 0.001334728521826498981, 0.001423704494458984636, 0.001512680467091470074, 0.001601656439723955511, 0.001779608384988927254 ),
 .UNSPECIFIED. ) ;
#2435 = AXIS2_PLACEMENT_3D ( 'NONE', #1593, #3345, #1366 ) ;
#2436 = ORIENTED_EDGE ( 'NONE', *, *, #2442, .T. ) ;
#2437 = ORIENTED_EDGE ( 'NONE', *, *, #2678, .T. ) ;
#2438 = DIRECTION ( 'NONE',  ( 1.000000000000000000, -4.898078547630453703E-16, 1.734723475976806601E-16 ) ) ;
#2439 = VERTEX_POINT ( 'NONE', #3367 ) ;
#2440 = ORIENTED_EDGE ( 'NONE', *, *, #1224, .T. ) ;
#2441 = ORIENTED_EDGE ( 'NONE', *, *, #1539, .F. ) ;
#2442 = EDGE_CURVE ( 'NONE', #392, #776, #3392, .T. ) ;
#2443 = AXIS2_PLACEMENT_3D ( 'NONE', #693, #959, #1468 ) ;
#2444 = DIRECTION ( 'NONE',  ( -0.0000000000000000000, -1.000000000000000000, -0.0000000000000000000 ) ) ;
#2445 = EDGE_CURVE ( 'NONE', #1506, #2165, #3438, .T. ) ;
#2446 = VECTOR ( 'NONE', #1407, 1000.000000000000000 ) ;
#2447 = CARTESIAN_POINT ( 'NONE',  ( -3.400000000000000355, -5.299999999999999822, -2.387316227335407604 ) ) ;
#2448 = ORIENTED_EDGE ( 'NONE', *, *, #849, .T. ) ;
#2449 = LINE ( 'NONE', #843, #2332 ) ;
#2450 = VECTOR ( 'NONE', #1175, 1000.000000000000000 ) ;
#2451 = ORIENTED_EDGE ( 'NONE', *, *, #3322, .T. ) ;
#2452 = CARTESIAN_POINT ( 'NONE',  ( -2.600000000000000533, -0.4000000000000000222, -2.599999999999999645 ) ) ;
#2453 = FACE_OUTER_BOUND ( 'NONE', #345, .T. ) ;
#2454 = EDGE_CURVE ( 'NONE', #2511, #497, #2058, .T. ) ;
#2455 = ORIENTED_EDGE ( 'NONE', *, *, #2781, .F. ) ;
#2456 = CARTESIAN_POINT ( 'NONE',  ( -2.637551003012415407, 2.099640145485882847, 2.671455072518644336 ) ) ;
#2457 = VERTEX_POINT ( 'NONE', #2097 ) ;
#2458 = CARTESIAN_POINT ( 'NONE',  ( -3.400000000000000355, -4.699999999999997513, -1.899999999999999245 ) ) ;
#2459 = CARTESIAN_POINT ( 'NONE',  ( -3.950000000000002842, -3.599999999999999201, 2.599999999999999201 ) ) ;
#2460 = AXIS2_PLACEMENT_3D ( 'NONE', #2020, #868, #2890 ) ;
#2461 = CARTESIAN_POINT ( 'NONE',  ( 2.762448996987585392, 1.899999999999999689, -3.000000000000000000 ) ) ;
#2462 = VERTEX_POINT ( 'NONE', #3368 ) ;
#2463 = LINE ( 'NONE', #2752, #1634 ) ;
#2464 = VERTEX_POINT ( 'NONE', #3068 ) ;
#2465 = AXIS2_PLACEMENT_3D ( 'NONE', #2884, #2688, #633 ) ;
#2466 = DIRECTION ( 'NONE',  ( 2.585973076299239643E-15, -1.000000000000000000, 0.0000000000000000000 ) ) ;
#2467 = EDGE_CURVE ( 'NONE', #1012, #2626, #789, .T. ) ;
#2468 = ADVANCED_FACE ( 'NONE', ( #3170 ), #1073, .T. ) ;
#2469 = ORIENTED_EDGE ( 'NONE', *, *, #3110, .F. ) ;
#2470 = DIRECTION ( 'NONE',  ( 0.4472135954999585383, -0.8944271909999155223, 0.0000000000000000000 ) ) ;
#2471 = FACE_OUTER_BOUND ( 'NONE', #2156, .T. ) ;
#2472 = VECTOR ( 'NONE', #2673, 1000.000000000000114 ) ;
#2473 = CARTESIAN_POINT ( 'NONE',  ( 3.000000000000000000, -0.8000000000000001554, -2.600000000000000533 ) ) ;
#2474 = EDGE_CURVE ( 'NONE', #2620, #1085, #131, .T. ) ;
#2475 = DIRECTION ( 'NONE',  ( 0.0000000000000000000, 0.0000000000000000000, 1.000000000000000000 ) ) ;
#2476 = ORIENTED_EDGE ( 'NONE', *, *, #1549, .T. ) ;
#2477 = CARTESIAN_POINT ( 'NONE',  ( 3.399999999999999467, -2.500000000000000000, -1.900000000000000133 ) ) ;
#2478 = ORIENTED_EDGE ( 'NONE', *, *, #849, .F. ) ;
#2479 = DIRECTION ( 'NONE',  ( 0.0000000000000000000, 1.000000000000000000, 0.0000000000000000000 ) ) ;
#2480 = ORIENTED_EDGE ( 'NONE', *, *, #567, .F. ) ;
#2481 = CARTESIAN_POINT ( 'NONE',  ( 2.700000000000000178, 1.800000000000000044, 2.949999999999999289 ) ) ;
#2482 = EDGE_CURVE ( 'NONE', #1844, #2272, #2797, .T. ) ;
#2483 = EDGE_CURVE ( 'NONE', #2361, #17, #1432, .T. ) ;
#2484 = CARTESIAN_POINT ( 'NONE',  ( 2.599999999999999645, -0.4000000000000000222, -2.600000000000000533 ) ) ;
#2485 = EDGE_CURVE ( 'NONE', #1663, #1065, #2545, .T. ) ;
#2486 = VERTEX_POINT ( 'NONE', #1544 ) ;
#2487 = AXIS2_PLACEMENT_3D ( 'NONE', #747, #2380, #2232 ) ;
#2488 = ORIENTED_EDGE ( 'NONE', *, *, #1448, .F. ) ;
#2489 = ORIENTED_EDGE ( 'NONE', *, *, #2454, .F. ) ;
#2490 = EDGE_LOOP ( 'NONE', ( #203, #239, #3435, #1574, #2022, #561, #665, #2856, #2183, #1217, #1918, #3417, #1542, #2062 ) ) ;
#2491 = CARTESIAN_POINT ( 'NONE',  ( 3.099999999999999645, -4.899999999999996803, 2.600000000000000533 ) ) ;
#2492 = FACE_OUTER_BOUND ( 'NONE', #1161, .T. ) ;
#2493 = CIRCLE ( 'NONE', #1359, 0.1000000000000002554 ) ;
#2494 = ORIENTED_EDGE ( 'NONE', *, *, #3431, .F. ) ;
#2495 = LINE ( 'NONE', #724, #443 ) ;
#2496 = DIRECTION ( 'NONE',  ( -0.4472135954999584273, -0.8944271909999156334, -0.0000000000000000000 ) ) ;
#2497 = DIRECTION ( 'NONE',  ( -1.000000000000000000, -2.585973076299239643E-15, 1.734723475976806601E-16 ) ) ;
#2498 = VECTOR ( 'NONE', #2496, 1000.000000000000000 ) ;
#2499 = EDGE_LOOP ( 'NONE', ( #890, #2783, #288, #1242, #3192, #1768 ) ) ;
#2500 = CARTESIAN_POINT ( 'NONE',  ( -2.762448996987585392, 2.299999999999999822, -3.000000000000000000 ) ) ;
#2501 = PLANE ( 'NONE',  #99 ) ;
#2502 = CARTESIAN_POINT ( 'NONE',  ( 3.399999999999999467, -5.299999999999999822, 2.112683772664592396 ) ) ;
#2503 = CARTESIAN_POINT ( 'NONE',  ( -3.400000000000000355, -4.699999999999997513, -2.599999999999999645 ) ) ;
#2504 = VECTOR ( 'NONE', #2155, 1000.000000000000000 ) ;
#2505 = EDGE_CURVE ( 'NONE', #3119, #2640, #1262, .T. ) ;
#2506 = MANIFOLD_SOLID_BREP ( 'Chamfer1', #1928 ) ;
#2507 = EDGE_CURVE ( 'NONE', #2247, #618, #576, .T. ) ;
#2508 = CARTESIAN_POINT ( 'NONE',  ( -2.637551003012414963, 1.899999999999999689, -2.457925377671996703 ) ) ;
#2509 = ORIENTED_EDGE ( 'NONE', *, *, #2970, .F. ) ;
#2510 = CARTESIAN_POINT ( 'NONE',  ( -3.000000000000000888, -0.8000000000000001554, 1.899999999999999245 ) ) ;
#2511 = VERTEX_POINT ( 'NONE', #3495 ) ;
#2512 = DIRECTION ( 'NONE',  ( 1.734723475976806601E-16, 0.0000000000000000000, -1.000000000000000000 ) ) ;
#2513 = VECTOR ( 'NONE', #1238, 1000.000000000000000 ) ;
#2514 = DIRECTION ( 'NONE',  ( 0.0000000000000000000, 0.0000000000000000000, -1.000000000000000000 ) ) ;
#2515 = DIRECTION ( 'NONE',  ( 0.0000000000000000000, 1.000000000000000000, 0.0000000000000000000 ) ) ;
#2516 = CARTESIAN_POINT ( 'NONE',  ( 3.399999999999999467, -2.500000000000000000, -2.600000000000000533 ) ) ;
#2517 = ORIENTED_EDGE ( 'NONE', *, *, #3239, .F. ) ;
#2518 = EDGE_CURVE ( 'NONE', #2661, #2642, #3477, .T. ) ;
#2519 = DIRECTION ( 'NONE',  ( -0.0000000000000000000, -1.000000000000000000, -0.0000000000000000000 ) ) ;
#2520 = PLANE ( 'NONE',  #1089 ) ;
#2521 = VECTOR ( 'NONE', #3242, 1000.000000000000000 ) ;
#2522 = AXIS2_PLACEMENT_3D ( 'NONE', #295, #289, #286 ) ;
#2523 = CARTESIAN_POINT ( 'NONE',  ( -2.700000000000000178, 2.100000000000000089, -2.949999999999999289 ) ) ;
#2524 = CARTESIAN_POINT ( 'NONE',  ( 3.399999999999999467, -5.299999999999999822, -2.387316227335408492 ) ) ;
#2525 = CARTESIAN_POINT ( 'NONE',  ( 2.700000000000000178, 2.100000000000000089, -2.699999999999998845 ) ) ;
#2526 = PLANE ( 'NONE',  #1111 ) ;
#2527 = EDGE_LOOP ( 'NONE', ( #2598, #3136, #705, #2204 ) ) ;
#2528 = AXIS2_PLACEMENT_3D ( 'NONE', #3005, #3001, #2991 ) ;
#2529 = CARTESIAN_POINT ( 'NONE',  ( -3.400000000000000355, -4.699999999999997513, -2.599999999999999645 ) ) ;
#2530 = CARTESIAN_POINT ( 'NONE',  ( 0.0000000000000000000, 2.699999999999999734, -1.750000000000000000 ) ) ;
#2531 = CARTESIAN_POINT ( 'NONE',  ( 3.614589803375030996, -3.599999999999999201, 1.900000000000000133 ) ) ;
#2532 = DIRECTION ( 'NONE',  ( 0.0000000000000000000, 0.0000000000000000000, -1.000000000000000000 ) ) ;
#2533 = DIRECTION ( 'NONE',  ( -0.0000000000000000000, -1.000000000000000000, -0.0000000000000000000 ) ) ;
#2534 = ORIENTED_EDGE ( 'NONE', *, *, #302, .T. ) ;
#2535 = VERTEX_POINT ( 'NONE', #3441 ) ;
#2536 = CARTESIAN_POINT ( 'NONE',  ( -2.700000000000000178, 1.899999999999999689, -2.699999999999998845 ) ) ;
#2537 = PLANE ( 'NONE',  #1967 ) ;
#2538 = VERTEX_POINT ( 'NONE', #3337 ) ;
#2539 = CYLINDRICAL_SURFACE ( 'NONE', #3040, 0.2500000000000006661 ) ;
#2540 = VECTOR ( 'NONE', #2562, 1000.000000000000000 ) ;
#2541 = FACE_OUTER_BOUND ( 'NONE', #3436, .T. ) ;
#2542 = CARTESIAN_POINT ( 'NONE',  ( 3.000000000000000000, -0.7000000000000000666, 1.900000000000000133 ) ) ;
#2543 = CARTESIAN_POINT ( 'NONE',  ( -2.637551003012414963, 2.017711508143452459, 2.487158848354050100 ) ) ;
#2544 = ORIENTED_EDGE ( 'NONE', *, *, #2483, .F. ) ;
#2545 = LINE ( 'NONE', #2230, #2581 ) ;
#2546 = CARTESIAN_POINT ( 'NONE',  ( -3.400000000000001243, -0.8000000000000001554, -1.899999999999999245 ) ) ;
#2547 = EDGE_CURVE ( 'NONE', #774, #2029, #3314, .T. ) ;
#2548 = CARTESIAN_POINT ( 'NONE',  ( 3.399999999999999467, -2.500000000000000000, 1.900000000000000133 ) ) ;
#2549 = DIRECTION ( 'NONE',  ( -0.0000000000000000000, 0.0000000000000000000, 1.000000000000000000 ) ) ;
#2550 = CARTESIAN_POINT ( 'NONE',  ( -3.100000000000000533, -4.629179606750062348, 1.899999999999999245 ) ) ;
#2551 = EDGE_CURVE ( 'NONE', #416, #46, #3276, .T. ) ;
#2552 = ORIENTED_EDGE ( 'NONE', *, *, #1987, .F. ) ;
#2553 = CARTESIAN_POINT ( 'NONE',  ( 2.143131898507868297E-16, 1.800000000000000044, 1.750000000000000000 ) ) ;
#2554 = ORIENTED_EDGE ( 'NONE', *, *, #342, .F. ) ;
#2555 = EDGE_LOOP ( 'NONE', ( #548, #1447 ) ) ;
#2556 = SHAPE_DEFINITION_REPRESENTATION ( #2940, #2669 ) ;
#2557 = ORIENTED_EDGE ( 'NONE', *, *, #1281, .F. ) ;
#2558 = FACE_OUTER_BOUND ( 'NONE', #2843, .T. ) ;
#2559 = AXIS2_PLACEMENT_3D ( 'NONE', #1583, #1582, #1552 ) ;
#2560 = CIRCLE ( 'NONE', #760, 0.2500000000000006661 ) ;
#2561 = EDGE_CURVE ( 'NONE', #1969, #2794, #3092, .T. ) ;
#2562 = DIRECTION ( 'NONE',  ( 1.734723475976806601E-16, -0.0000000000000000000, 1.000000000000000000 ) ) ;
#2563 = APPROVAL_DATE_TIME ( #2567, #196 ) ;
#2564 = DIRECTION ( 'NONE',  ( 0.0000000000000000000, 1.000000000000000000, 0.0000000000000000000 ) ) ;
#2565 = VECTOR ( 'NONE', #830, 1000.000000000000000 ) ;
#2566 = AXIS2_PLACEMENT_3D ( 'NONE', #933, #270, #2792 ) ;
#2567 = DATE_AND_TIME ( #2573, #2999 ) ;
#2568 = DIRECTION ( 'NONE',  ( -1.000000000000000000, 5.102127870520020982E-16, -1.734723475976806601E-16 ) ) ;
#2569 = CARTESIAN_POINT ( 'NONE',  ( 2.762448996987584948, 1.959519484286046831, 2.457925377671996703 ) ) ;
#2570 = EDGE_CURVE ( 'NONE', #1506, #177, #3164, .T. ) ;
#2571 = EDGE_CURVE ( 'NONE', #886, #845, #2137, .T. ) ;
#2572 = DIRECTION ( 'NONE',  ( -0.0000000000000000000, -1.000000000000000000, -0.0000000000000000000 ) ) ;
#2573 = CALENDAR_DATE ( 2021, 23, 3 ) ;
#2574 = ORIENTED_EDGE ( 'NONE', *, *, #2095, .T. ) ;
#2575 = COORDINATED_UNIVERSAL_TIME_OFFSET ( 5, 30, .AHEAD. ) ;
#2576 = CARTESIAN_POINT ( 'NONE',  ( -3.000000000000000888, -0.6999999999999997335, -1.899999999999999245 ) ) ;
#2577 = APPROVAL_ROLE ( '' ) ;
#2578 = DIRECTION ( 'NONE',  ( 0.0000000000000000000, 1.000000000000000000, -0.0000000000000000000 ) ) ;
#2579 = CARTESIAN_POINT ( 'NONE',  ( -2.700000000000000178, -1.800000000000000044, -2.999999999999998668 ) ) ;
#2580 = APPROVAL_STATUS ( 'not_yet_approved' ) ;
#2581 = VECTOR ( 'NONE', #2008, 1000.000000000000000 ) ;
#2582 = VECTOR ( 'NONE', #1176, 1000.000000000000000 ) ;
#2583 = VERTEX_POINT ( 'NONE', #3073 ) ;
#2584 = FACE_OUTER_BOUND ( 'NONE', #2972, .T. ) ;
#2585 = PERSON_AND_ORGANIZATION ( #2013, #862 ) ;
#2586 = DATE_TIME_ROLE ( 'classification_date' ) ;
#2587 = CARTESIAN_POINT ( 'NONE',  ( 2.637551003012415407, 2.071240716755016642, 2.555621596853510535 ) ) ;
#2588 = ORIENTED_EDGE ( 'NONE', *, *, #2219, .T. ) ;
#2589 = CARTESIAN_POINT ( 'NONE',  ( 3.614589803375030996, -3.599999999999999201, -2.600000000000000533 ) ) ;
#2590 = DATE_AND_TIME ( #2597, #1287 ) ;
#2591 = EDGE_CURVE ( 'NONE', #1971, #1620, #89, .T. ) ;
#2592 = DIRECTION ( 'NONE',  ( 1.734723475976806601E-16, 0.0000000000000000000, -1.000000000000000000 ) ) ;
#2593 = ADVANCED_FACE ( 'NONE', ( #3004 ), #2957, .F. ) ;
#2594 = AXIS2_PLACEMENT_3D ( 'NONE', #1809, #1259, #2085 ) ;
#2595 = CARTESIAN_POINT ( 'NONE',  ( -3.400000000000000355, -5.299999999999999822, 2.112683772664591508 ) ) ;
#2596 = LINE ( 'NONE', #680, #1677 ) ;
#2597 = CALENDAR_DATE ( 2021, 23, 3 ) ;
#2598 = ORIENTED_EDGE ( 'NONE', *, *, #11, .F. ) ;
#2599 = DIRECTION ( 'NONE',  ( 8.144033412682011858E-17, 0.8829475928589276545, -0.4694715627858891405 ) ) ;
#2600 = COORDINATED_UNIVERSAL_TIME_OFFSET ( 5, 30, .AHEAD. ) ;
#2601 = PERSON_AND_ORGANIZATION_ROLE ( 'classification_officer' ) ;
#2602 = VERTEX_POINT ( 'NONE', #2906 ) ;
#2603 = ADVANCED_FACE ( 'NONE', ( #2903 ), #2864, .F. ) ;
#2604 = ADVANCED_FACE ( 'NONE', ( #2857 ), #2807, .F. ) ;
#2605 = ORIENTED_EDGE ( 'NONE', *, *, #1389, .T. ) ;
#2606 = DIRECTION ( 'NONE',  ( 1.000000000000000000, 0.0000000000000000000, 0.0000000000000000000 ) ) ;
#2607 = PERSON_AND_ORGANIZATION ( #2013, #862 ) ;
#2608 = LINE ( 'NONE', #649, #62 ) ;
#2609 = ORIENTED_EDGE ( 'NONE', *, *, #1640, .T. ) ;
#2610 = DIRECTION ( 'NONE',  ( 1.734723475976806601E-16, 0.0000000000000000000, -1.000000000000000000 ) ) ;
#2611 = EDGE_CURVE ( 'NONE', #2583, #40, #2757, .T. ) ;
#2612 = CARTESIAN_POINT ( 'NONE',  ( 3.000000000000000000, -0.8000000000000001554, 2.600000000000000533 ) ) ;
#2613 = EDGE_LOOP ( 'NONE', ( #2959, #610, #2451, #1083 ) ) ;
#2614 = DIRECTION ( 'NONE',  ( 0.0000000000000000000, 1.000000000000000000, -0.0000000000000000000 ) ) ;
#2615 = PLANE ( 'NONE',  #147 ) ;
#2616 = SECURITY_CLASSIFICATION_LEVEL ( 'unclassified' ) ;
#2617 = EDGE_CURVE ( 'NONE', #1741, #46, #2710, .T. ) ;
#2618 = PERSON_AND_ORGANIZATION_ROLE ( 'design_supplier' ) ;
#2619 = PLANE ( 'NONE',  #1966 ) ;
#2620 = VERTEX_POINT ( 'NONE', #2666 ) ;
#2621 = FACE_OUTER_BOUND ( 'NONE', #1765, .T. ) ;
#2622 = CARTESIAN_POINT ( 'NONE',  ( -3.000000000000000888, -0.3999999999999999667, -1.899999999999999245 ) ) ;
#2623 = CARTESIAN_POINT ( 'NONE',  ( -2.637551003012414963, 2.098361312338044904, -2.639681256381774421 ) ) ;
#2624 = ADVANCED_FACE ( 'NONE', ( #2665 ), #2630, .F. ) ;
#2625 = CYLINDRICAL_SURFACE ( 'NONE', #2808, 0.2500000000000006661 ) ;
#2626 = VERTEX_POINT ( 'NONE', #2589 ) ;
#2627 = CARTESIAN_POINT ( 'NONE',  ( -2.762448996987585392, 1.899999999999999689, -2.457925377671996703 ) ) ;
#2628 = PERSON_AND_ORGANIZATION ( #2013, #862 ) ;
#2629 = DIRECTION ( 'NONE',  ( -1.000000000000000000, -0.0000000000000000000, -0.0000000000000000000 ) ) ;
#2630 = CYLINDRICAL_SURFACE ( 'NONE', #3208, 0.1000000000000002554 ) ;
#2631 = DIRECTION ( 'NONE',  ( 1.000000000000000000, 0.0000000000000000000, -1.734723475976806601E-16 ) ) ;
#2632 = ADVANCED_FACE ( 'NONE', ( #2584 ), #2539, .T. ) ;
#2633 = DIRECTION ( 'NONE',  ( 4.898078547630451731E-16, -1.000000000000000000, 0.0000000000000000000 ) ) ;
#2634 = PERSON_AND_ORGANIZATION_ROLE ( 'creator' ) ;
#2635 = VERTEX_POINT ( 'NONE', #2503 ) ;
#2636 = PERSON_AND_ORGANIZATION ( #2013, #862 ) ;
#2637 = EDGE_LOOP ( 'NONE', ( #1644, #309, #1642, #1029 ) ) ;
#2638 = LINE ( 'NONE', #1773, #1397 ) ;
#2639 = APPROVAL_DATE_TIME ( #2646, #1364 ) ;
#2640 = VERTEX_POINT ( 'NONE', #2491 ) ;
#2641 = CARTESIAN_POINT ( 'NONE',  ( -2.700000000000000178, 1.800000000000000044, 2.699999999999998845 ) ) ;
#2642 = VERTEX_POINT ( 'NONE', #2481 ) ;
#2643 = CARTESIAN_POINT ( 'NONE',  ( -3.100000000000000533, -2.570820393249936942, 2.599999999999999645 ) ) ;
#2644 = VERTEX_POINT ( 'NONE', #2477 ) ;
#2645 = FACE_OUTER_BOUND ( 'NONE', #1829, .T. ) ;
#2646 = DATE_AND_TIME ( #2650, #1619 ) ;
#2647 = CARTESIAN_POINT ( 'NONE',  ( -3.400000000000001243, -0.8000000000000001554, -2.599999999999999645 ) ) ;
#2648 = DIRECTION ( 'NONE',  ( 0.8944271909999157444, 0.4472135954999582608, -1.551583845779544959E-16 ) ) ;
#2649 = ADVANCED_FACE ( 'NONE', ( #2471 ), #2426, .T. ) ;
#2650 = CALENDAR_DATE ( 2021, 23, 3 ) ;
#2651 = ORIENTED_EDGE ( 'NONE', *, *, #376, .T. ) ;
#2652 = DIRECTION ( 'NONE',  ( -1.000000000000000000, 0.0000000000000000000, 8.031127203596329369E-17 ) ) ;
#2653 = COORDINATED_UNIVERSAL_TIME_OFFSET ( 5, 30, .AHEAD. ) ;
#2654 = APPROVAL_ROLE ( '' ) ;
#2655 = ORIENTED_EDGE ( 'NONE', *, *, #2345, .F. ) ;
#2656 = VERTEX_POINT ( 'NONE', #2407 ) ;
#2657 = DIRECTION ( 'NONE',  ( 0.0000000000000000000, 1.000000000000000000, -0.0000000000000000000 ) ) ;
#2658 = ORIENTED_EDGE ( 'NONE', *, *, #1738, .T. ) ;
#2659 = APPROVAL_STATUS ( 'not_yet_approved' ) ;
#2660 = VERTEX_POINT ( 'NONE', #2402 ) ;
#2661 = VERTEX_POINT ( 'NONE', #2388 ) ;
#2662 = EDGE_LOOP ( 'NONE', ( #162, #969 ) ) ;
#2663 = PERSON_AND_ORGANIZATION ( #2013, #862 ) ;
#2664 = ORIENTED_EDGE ( 'NONE', *, *, #229, .T. ) ;
#2665 = FACE_OUTER_BOUND ( 'NONE', #1324, .T. ) ;
#2666 = CARTESIAN_POINT ( 'NONE',  ( -2.600000000000000533, -0.4000000000000000222, 2.599999999999999645 ) ) ;
#2667 = DATE_TIME_ROLE ( 'creation_date' ) ;
#2668 = CIRCLE ( 'NONE', #754, 0.1000000000000002554 ) ;
#2669 = ADVANCED_BREP_SHAPE_REPRESENTATION ( 'TL1105CF160Q', ( #1117, #1719, #2506, #713, #888, #2076 ), #2409 ) ;
#2670 = DIRECTION ( 'NONE',  ( 0.0000000000000000000, 1.000000000000000000, -0.0000000000000000000 ) ) ;
#2671 = VERTEX_POINT ( 'NONE', #2378 ) ;
#2672 = DATE_AND_TIME ( #2675, #2080 ) ;
#2673 = DIRECTION ( 'NONE',  ( -8.144033412682011858E-17, 0.8829475928589276545, -0.4694715627858891405 ) ) ;
#2674 = DIRECTION ( 'NONE',  ( 0.4472135954999600371, 0.8944271909999148562, 3.526326922226239148E-16 ) ) ;
#2675 = CALENDAR_DATE ( 2021, 23, 3 ) ;
#2676 = CARTESIAN_POINT ( 'NONE',  ( -2.637551003012414963, 1.899999999999999689, -2.942074622328000988 ) ) ;
#2677 = ORIENTED_EDGE ( 'NONE', *, *, #2277, .F. ) ;
#2678 = EDGE_CURVE ( 'NONE', #1836, #2739, #2366, .T. ) ;
#2679 = VERTEX_POINT ( 'NONE', #2335 ) ;
#2680 = ORIENTED_EDGE ( 'NONE', *, *, #3241, .T. ) ;
#2681 = EDGE_CURVE ( 'NONE', #40, #2381, #2317, .T. ) ;
#2682 = DIRECTION ( 'NONE',  ( 1.734723475976806601E-16, -0.0000000000000000000, 1.000000000000000000 ) ) ;
#2683 = ORIENTED_EDGE ( 'NONE', *, *, #3111, .T. ) ;
#2684 = COORDINATED_UNIVERSAL_TIME_OFFSET ( 5, 30, .AHEAD. ) ;
#2685 = CARTESIAN_POINT ( 'NONE',  ( -2.700000000000000178, 1.800000000000000044, 2.449999999999998401 ) ) ;
#2686 = DIRECTION ( 'NONE',  ( 1.734723475976806601E-16, -0.0000000000000000000, -1.000000000000000000 ) ) ;
#2687 = AXIS2_PLACEMENT_3D ( 'NONE', #831, #825, #815 ) ;
#2688 = DIRECTION ( 'NONE',  ( 0.0000000000000000000, 1.000000000000000000, 0.0000000000000000000 ) ) ;
#2689 = DIRECTION ( 'NONE',  ( -0.0000000000000000000, -0.0000000000000000000, 1.000000000000000000 ) ) ;
#2690 = CARTESIAN_POINT ( 'NONE',  ( 0.0000000000000000000, 3.199999999999999734, 0.0000000000000000000 ) ) ;
#2691 = DIRECTION ( 'NONE',  ( 0.0000000000000000000, 1.000000000000000000, 0.0000000000000000000 ) ) ;
#2692 = PERSON_AND_ORGANIZATION_ROLE ( 'creator' ) ;
#2693 = ORIENTED_EDGE ( 'NONE', *, *, #2060, .T. ) ;
#2694 = CARTESIAN_POINT ( 'NONE',  ( -3.000000000000000888, -0.8000000000000001554, -2.599999999999999645 ) ) ;
#2695 = PERSON_AND_ORGANIZATION ( #2013, #862 ) ;
#2696 = ORIENTED_EDGE ( 'NONE', *, *, #209, .F. ) ;
#2697 = ADVANCED_FACE ( 'NONE', ( #2258 ), #2222, .T. ) ;
#2698 = DIRECTION ( 'NONE',  ( -0.0000000000000000000, -1.000000000000000000, -0.0000000000000000000 ) ) ;
#2699 = APPROVAL_DATE_TIME ( #2705, #1832 ) ;
#2700 = CIRCLE ( 'NONE', #2982, 1.250000000000000000 ) ;
#2702 = ORIENTED_EDGE ( 'NONE', *, *, #2928, .F. ) ;
#2701 = CARTESIAN_POINT ( 'NONE',  ( -3.100000000000000977, -0.8000000000000001554, -2.599999999999999645 ) ) ;
#2703 = CARTESIAN_POINT ( 'NONE',  ( 3.399999999999999467, -4.899999999999996803, -1.900000000000000133 ) ) ;
#2704 = DIRECTION ( 'NONE',  ( 1.734723475976806601E-16, 0.0000000000000000000, -1.000000000000000000 ) ) ;
#2705 = DATE_AND_TIME ( #2711, #1576 ) ;
#2706 = CIRCLE ( 'NONE', #869, 0.5000000000000000000 ) ;
#2707 = CARTESIAN_POINT ( 'NONE',  ( 3.100000000000000533, -0.8000000000000001554, 2.600000000000000533 ) ) ;
#2708 = ORIENTED_EDGE ( 'NONE', *, *, #796, .T. ) ;
#2709 = CARTESIAN_POINT ( 'NONE',  ( 3.399999999999999467, -4.699999999999997513, 1.900000000000000133 ) ) ;
#2710 = LINE ( 'NONE', #2707, #2937 ) ;
#2711 = CALENDAR_DATE ( 2021, 23, 3 ) ;
#2712 = ORIENTED_EDGE ( 'NONE', *, *, #647, .T. ) ;
#2713 = CLOSED_SHELL ( 'NONE', ( #2171, #208, #2468, #722, #1596, #2649, #545, #175, #483, #2804, #2888, #2107, #1586, #937, #1810, #1653, #2697, #3490, #1528, #440, #311, #2151, #2827, #38, #2632, #1565, #3304, #929, #1603, #2812, #3372, #1092, #1406, #88, #903, #57, #974, #1913, #1198, #3015, #575, #848, #3478 ) ) ;
#2714 = CARTESIAN_POINT ( 'NONE',  ( -3.400000000000000355, -5.299999999999999822, 2.387316227335407604 ) ) ;
#2715 = CARTESIAN_POINT ( 'NONE',  ( -3.100000000000000533, -2.570820393249936942, 2.599999999999999645 ) ) ;
#2716 = COORDINATED_UNIVERSAL_TIME_OFFSET ( 5, 30, .AHEAD. ) ;
#2717 = CARTESIAN_POINT ( 'NONE',  ( 2.637551003012414519, 1.959519484286046831, 2.942074622328000100 ) ) ;
#2718 = APPROVAL_ROLE ( '' ) ;
#2719 = EDGE_CURVE ( 'NONE', #2165, #2403, #2194, .T. ) ;
#2720 = CARTESIAN_POINT ( 'NONE',  ( 2.637551003012415407, 2.099640145485882847, -2.671455072518644336 ) ) ;
#2721 = EDGE_CURVE ( 'NONE', #444, #2535, #2159, .T. ) ;
#2722 = DIRECTION ( 'NONE',  ( 1.734723475976806601E-16, -0.0000000000000000000, -1.000000000000000000 ) ) ;
#2723 = CARTESIAN_POINT ( 'NONE',  ( -2.762448996987585392, 2.098551690761753630, 2.758808444472551358 ) ) ;
#2724 = ORIENTED_EDGE ( 'NONE', *, *, #809, .T. ) ;
#2725 = APPROVAL_STATUS ( 'not_yet_approved' ) ;
#2726 = PERSON_AND_ORGANIZATION ( #2013, #862 ) ;
#2727 = ORIENTED_EDGE ( 'NONE', *, *, #1733, .F. ) ;
#2728 = CARTESIAN_POINT ( 'NONE',  ( 3.000000000000000000, -0.8000000000000001554, -1.900000000000000133 ) ) ;
#2729 = DIRECTION ( 'NONE',  ( 0.0000000000000000000, 0.0000000000000000000, -1.000000000000000000 ) ) ;
#2730 = FACE_OUTER_BOUND ( 'NONE', #1311, .T. ) ;
#2731 = APPLICATION_PROTOCOL_DEFINITION ( 'international standard', 'config_control_design', 1994, #898 ) ;
#2732 = PERSON_AND_ORGANIZATION_ROLE ( 'design_owner' ) ;
#2733 = LINE ( 'NONE', #1736, #1822 ) ;
#2734 = DIRECTION ( 'NONE',  ( 1.000000000000000000, 0.0000000000000000000, 0.0000000000000000000 ) ) ;
#2735 = DIRECTION ( 'NONE',  ( -2.364719037043230279E-15, 0.8829475928589278766, 0.4694715627858889739 ) ) ;
#2736 = ORIENTED_EDGE ( 'NONE', *, *, #1640, .F. ) ;
#2737 = PERSON_AND_ORGANIZATION ( #2013, #862 ) ;
#2738 = CARTESIAN_POINT ( 'NONE',  ( 2.637551003012414519, 2.016867263637973196, -2.913439328246708815 ) ) ;
#2739 = VERTEX_POINT ( 'NONE', #2128 ) ;
#2740 = VERTEX_POINT ( 'NONE', #2114 ) ;
#2741 = EDGE_CURVE ( 'NONE', #1045, #2300, #509, .T. ) ;
#2742 = PLANE ( 'NONE',  #2566 ) ;
#2743 = VECTOR ( 'NONE', #962, 1000.000000000000000 ) ;
#2744 = MECHANICAL_CONTEXT ( 'NONE', #1678, 'mechanical' ) ;
#2745 = DIRECTION ( 'NONE',  ( 0.4472135954999582053, 0.8944271909999156334, 0.0000000000000000000 ) ) ;
#2746 = APPLICATION_PROTOCOL_DEFINITION ( 'international standard', 'config_control_design', 1994, #1678 ) ;
#2747 = VERTEX_POINT ( 'NONE', #1983 ) ;
#2748 = CARTESIAN_POINT ( 'NONE',  ( 2.762448996987585392, 1.899999999999999689, -3.000000000000000000 ) ) ;
#2749 = CARTESIAN_POINT ( 'NONE',  ( 3.000000000000000000, -0.8000000000000001554, -2.600000000000000533 ) ) ;
#2750 = VECTOR ( 'NONE', #1766, 1000.000000000000000 ) ;
#2751 = VERTEX_POINT ( 'NONE', #1968 ) ;
#2752 = CARTESIAN_POINT ( 'NONE',  ( 3.000000000000000000, -4.899999999999996803, -2.600000000000000533 ) ) ;
#2753 = ORIENTED_EDGE ( 'NONE', *, *, #2741, .T. ) ;
#2754 = ORIENTED_EDGE ( 'NONE', *, *, #2219, .F. ) ;
#2755 = EDGE_CURVE ( 'NONE', #2457, #807, #1947, .T. ) ;
#2756 = CARTESIAN_POINT ( 'NONE',  ( 3.614589803375030996, -3.599999999999999201, 2.600000000000000533 ) ) ;
#2757 = LINE ( 'NONE', #2756, #1747 ) ;
#2758 = ORIENTED_EDGE ( 'NONE', *, *, #1042, .F. ) ;
#2759 = LINE ( 'NONE', #2458, #752 ) ;
#2760 = AXIS2_PLACEMENT_3D ( 'NONE', #1852, #3000, #3437 ) ;
#2761 = LINE ( 'NONE', #1997, #3201 ) ;
#2762 = DIRECTION ( 'NONE',  ( 1.000000000000000000, 0.0000000000000000000, -1.734723475976806601E-16 ) ) ;
#2763 = CARTESIAN_POINT ( 'NONE',  ( -2.637551003012414963, 1.899999999999999689, 2.942074622328000988 ) ) ;
#2764 = CARTESIAN_POINT ( 'NONE',  ( 2.762448996987585392, 1.899999999999999689, -2.942074622328000988 ) ) ;
#2765 = FACE_OUTER_BOUND ( 'NONE', #1140, .T. ) ;
#2766 = DIRECTION ( 'NONE',  ( 1.000000000000000000, 0.0000000000000000000, 0.0000000000000000000 ) ) ;
#2767 = LINE ( 'NONE', #3080, #2743 ) ;
#2768 = DIRECTION ( 'NONE',  ( -1.000000000000000000, 0.0000000000000000000, -0.0000000000000000000 ) ) ;
#2769 = TOROIDAL_SURFACE ( 'NONE', #1804, 1.250000000000000000, 0.5000000000000000000 ) ;
#2770 = CARTESIAN_POINT ( 'NONE',  ( 2.143131898507868297E-16, 2.699999999999999734, 1.750000000000000000 ) ) ;
#2771 = EDGE_LOOP ( 'NONE', ( #85, #2961, #2019, #1022, #2177, #3035, #3516, #2805 ) ) ;
#2772 = CARTESIAN_POINT ( 'NONE',  ( -2.600000000000000533, -0.4000000000000000222, 2.599999999999999645 ) ) ;
#2773 = DIRECTION ( 'NONE',  ( 0.0000000000000000000, 0.0000000000000000000, 1.000000000000000000 ) ) ;
#2774 = DIRECTION ( 'NONE',  ( 0.0000000000000000000, -1.000000000000000000, 0.0000000000000000000 ) ) ;
#2775 = VERTEX_POINT ( 'NONE', #1917 ) ;
#2776 = CARTESIAN_POINT ( 'NONE',  ( 0.0000000000000000000, 0.0000000000000000000, 0.0000000000000000000 ) ) ;
#2777 = ORIENTED_EDGE ( 'NONE', *, *, #2467, .F. ) ;
#2778 = ORIENTED_EDGE ( 'NONE', *, *, #1266, .F. ) ;
#2779 = AXIS2_PLACEMENT_3D ( 'NONE', #2772, #3219, #3220 ) ;
#2780 = ORIENTED_EDGE ( 'NONE', *, *, #2944, .F. ) ;
#2781 = EDGE_CURVE ( 'NONE', #148, #3267, #1897, .T. ) ;
#2782 = CYLINDRICAL_SURFACE ( 'NONE', #329, 0.4000000000000001887 ) ;
#2783 = ORIENTED_EDGE ( 'NONE', *, *, #1257, .T. ) ;
#2784 = CARTESIAN_POINT ( 'NONE',  ( -3.100000000000000533, -4.629179606750062348, -2.599999999999999645 ) ) ;
#2785 = FACE_OUTER_BOUND ( 'NONE', #1346, .T. ) ;
#2786 = EDGE_CURVE ( 'NONE', #1095, #257, #954, .T. ) ;
#2787 = EDGE_CURVE ( 'NONE', #1988, #2660, #1779, .T. ) ;
#2788 = CIRCLE ( 'NONE', #3085, 0.2500000000000006661 ) ;
#2789 = VECTOR ( 'NONE', #364, 1000.000000000000000 ) ;
#2790 = DIRECTION ( 'NONE',  ( 0.8944271909999148562, -0.4472135954999600926, -1.551583845779543480E-16 ) ) ;
#2791 = CARTESIAN_POINT ( 'NONE',  ( 3.099999999999999645, -5.299999999999999822, 2.600000000000000533 ) ) ;
#2792 = DIRECTION ( 'NONE',  ( 4.898078547630451731E-16, -1.000000000000000000, 0.0000000000000000000 ) ) ;
#2793 = DIRECTION ( 'NONE',  ( 1.000000000000000000, 0.0000000000000000000, 1.734723475976806601E-16 ) ) ;
#2794 = VERTEX_POINT ( 'NONE', #1756 ) ;
#2795 = DIRECTION ( 'NONE',  ( 1.734723475976806601E-16, -0.0000000000000000000, 1.000000000000000000 ) ) ;
#2796 = PLANE ( 'NONE',  #1504 ) ;
#2797 = LINE ( 'NONE', #2838, #2565 ) ;
#2798 = ORIENTED_EDGE ( 'NONE', *, *, #2918, .F. ) ;
#2799 = ORIENTED_EDGE ( 'NONE', *, *, #3171, .F. ) ;
#2800 = EDGE_LOOP ( 'NONE', ( #1215, #699, #2544, #95 ) ) ;
#2801 = DIRECTION ( 'NONE',  ( 1.734723475976806601E-16, 0.0000000000000000000, -1.000000000000000000 ) ) ;
#2802 = ADVANCED_FACE ( 'NONE', ( #1748 ), #1721, .F. ) ;
#2803 = CARTESIAN_POINT ( 'NONE',  ( 3.000000000000000000, -0.8000000000000001554, 2.600000000000000533 ) ) ;
#2804 = ADVANCED_FACE ( 'NONE', ( #1702 ), #3182, .T. ) ;
#2805 = ORIENTED_EDGE ( 'NONE', *, *, #2834, .T. ) ;
#2806 = CARTESIAN_POINT ( 'NONE',  ( -3.100000000000000977, -0.8000000000000001554, -1.899999999999999245 ) ) ;
#2807 = PLANE ( 'NONE',  #2030 ) ;
#2808 = AXIS2_PLACEMENT_3D ( 'NONE', #812, #2947, #452 ) ;
#2809 = VERTEX_POINT ( 'NONE', #1618 ) ;
#2810 = ORIENTED_EDGE ( 'NONE', *, *, #2346, .T. ) ;
#2811 = CARTESIAN_POINT ( 'NONE',  ( 2.637551003012414963, 1.899999999999999689, -3.000000000000000000 ) ) ;
#2812 = ADVANCED_FACE ( 'NONE', ( #1612 ), #1860, .T. ) ;
#2813 = VERTEX_POINT ( 'NONE', #1538 ) ;
#2814 = EDGE_CURVE ( 'NONE', #2164, #3443, #1533, .T. ) ;
#2815 = DIRECTION ( 'NONE',  ( 0.0000000000000000000, 0.0000000000000000000, 1.000000000000000000 ) ) ;
#2816 = ORIENTED_EDGE ( 'NONE', *, *, #1221, .T. ) ;
#2817 = CARTESIAN_POINT ( 'NONE',  ( -2.637551003012414963, 1.899999999999999689, -2.942074622328000988 ) ) ;
#2818 = ORIENTED_EDGE ( 'NONE', *, *, #1957, .F. ) ;
#2819 = CARTESIAN_POINT ( 'NONE',  ( 3.000000000000000000, -0.8000000000000001554, 1.900000000000000133 ) ) ;
#2820 = ORIENTED_EDGE ( 'NONE', *, *, #2023, .F. ) ;
#2821 = FACE_OUTER_BOUND ( 'NONE', #20, .T. ) ;
#2822 = DIRECTION ( 'NONE',  ( -0.0000000000000000000, -1.000000000000000000, -0.0000000000000000000 ) ) ;
#2823 = DIRECTION ( 'NONE',  ( 1.734723475976806601E-16, -0.0000000000000000000, 1.000000000000000000 ) ) ;
#2824 = ORIENTED_EDGE ( 'NONE', *, *, #160, .T. ) ;
#2825 = FACE_OUTER_BOUND ( 'NONE', #544, .T. ) ;
#2826 = DIRECTION ( 'NONE',  ( 1.000000000000000000, -1.355252715606878570E-16, 0.0000000000000000000 ) ) ;
#2827 = ADVANCED_FACE ( 'NONE', ( #1489 ), #22, .T. ) ;
#2828 = EDGE_LOOP ( 'NONE', ( #2427, #2708 ) ) ;
#2829 = VECTOR ( 'NONE', #106, 1000.000000000000000 ) ;
#2830 = DIRECTION ( 'NONE',  ( -0.4472135954999584273, -0.8944271909999156334, -0.0000000000000000000 ) ) ;
#2831 =( NAMED_UNIT ( * ) SI_UNIT ( $, .STERADIAN. ) SOLID_ANGLE_UNIT ( ) );
#2832 = CARTESIAN_POINT ( 'NONE',  ( 3.400000000000000355, -0.8000000000000001554, -2.600000000000000533 ) ) ;
#2833 = VECTOR ( 'NONE', #2935, 1000.000000000000000 ) ;
#2834 = EDGE_CURVE ( 'NONE', #2264, #2747, #1425, .T. ) ;
#2835 = LINE ( 'NONE', #1791, #241 ) ;
#2836 = ORIENTED_EDGE ( 'NONE', *, *, #404, .F. ) ;
#2837 = CARTESIAN_POINT ( 'NONE',  ( -2.762448996987585836, 2.071240716755016642, 2.555621596853510535 ) ) ;
#2838 = CARTESIAN_POINT ( 'NONE',  ( 3.400000000000000355, -0.8000000000000001554, -2.600000000000000533 ) ) ;
#2839 = CARTESIAN_POINT ( 'NONE',  ( 3.100000000000000533, -0.8000000000000001554, -1.900000000000000133 ) ) ;
#2840 = ORIENTED_EDGE ( 'NONE', *, *, #1848, .F. ) ;
#2841 =( NAMED_UNIT ( * ) PLANE_ANGLE_UNIT ( ) SI_UNIT ( $, .RADIAN. ) );
#2842 = ADVANCED_FACE ( 'NONE', ( #1383 ), #1353, .T. ) ;
#2843 = EDGE_LOOP ( 'NONE', ( #1958, #899, #2334, #1444 ) ) ;
#2844 = AXIS2_PLACEMENT_3D ( 'NONE', #6, #374, #625 ) ;
#2845 = ADVANCED_FACE ( 'NONE', ( #1319 ), #1300, .F. ) ;
#2846 = VECTOR ( 'NONE', #3165, 1000.000000000000000 ) ;
#2847 = CARTESIAN_POINT ( 'NONE',  ( 3.099999999999999645, -4.629179606750061460, -2.600000000000000533 ) ) ;
#2848 = CARTESIAN_POINT ( 'NONE',  ( -3.400000000000000355, -2.500000000000000000, 2.599999999999999645 ) ) ;
#2849 =( LENGTH_UNIT ( ) NAMED_UNIT ( * ) SI_UNIT ( .MILLI., .METRE. ) );
#2850 = DIRECTION ( 'NONE',  ( 1.531669917389593407E-16, 0.4694715627858892515, -0.8829475928589278766 ) ) ;
#2851 = ORIENTED_EDGE ( 'NONE', *, *, #1649, .T. ) ;
#2852 = AXIS2_PLACEMENT_3D ( 'NONE', #942, #1722, #3238 ) ;
#2853 = DIRECTION ( 'NONE',  ( 4.898078547630452717E-16, 1.000000000000000000, -0.0000000000000000000 ) ) ;
#2854 = ORIENTED_EDGE ( 'NONE', *, *, #2442, .F. ) ;
#2855 = ORIENTED_EDGE ( 'NONE', *, *, #1901, .F. ) ;
#2856 = ORIENTED_EDGE ( 'NONE', *, *, #2547, .T. ) ;
#2857 = FACE_OUTER_BOUND ( 'NONE', #1330, .T. ) ;
#2858 = DIRECTION ( 'NONE',  ( 0.4472135954999582053, 0.8944271909999156334, 0.0000000000000000000 ) ) ;
#2859 = ORIENTED_EDGE ( 'NONE', *, *, #3099, .F. ) ;
#2860 = DIRECTION ( 'NONE',  ( 0.8944271909999157444, -0.4472135954999582608, 1.551583845779544959E-16 ) ) ;
#2861 = AXIS2_PLACEMENT_3D ( 'NONE', #2244, #2497, #137 ) ;
#2862 = CARTESIAN_POINT ( 'NONE',  ( 3.614589803375030996, -3.599999999999999201, 2.600000000000000533 ) ) ;
#2863 = ORIENTED_EDGE ( 'NONE', *, *, #217, .F. ) ;
#2864 = PLANE ( 'NONE',  #150 ) ;
#2865 = ORIENTED_EDGE ( 'NONE', *, *, #2362, .F. ) ;
#2866 = ORIENTED_EDGE ( 'NONE', *, *, #37, .F. ) ;
#2867 = CARTESIAN_POINT ( 'NONE',  ( -2.700000000000000178, 1.899999999999999689, -2.699999999999998845 ) ) ;
#2868 = EDGE_CURVE ( 'NONE', #2303, #1059, #1227, .T. ) ;
#2869 = ORIENTED_EDGE ( 'NONE', *, *, #2617, .T. ) ;
#2870 = CARTESIAN_POINT ( 'NONE',  ( 3.949999999999999734, -3.600000000000000089, -2.600000000000000533 ) ) ;
#2871 = VECTOR ( 'NONE', #1597, 1000.000000000000227 ) ;
#2872 = ORIENTED_EDGE ( 'NONE', *, *, #3099, .T. ) ;
#2873 = ORIENTED_EDGE ( 'NONE', *, *, #254, .F. ) ;
#2874 = LINE ( 'NONE', #1091, #1186 ) ;
#2875 = EDGE_CURVE ( 'NONE', #1592, #471, #1193, .T. ) ;
#2876 = AXIS2_PLACEMENT_3D ( 'NONE', #1676, #2900, #1256 ) ;
#2877 = ORIENTED_EDGE ( 'NONE', *, *, #1990, .T. ) ;
#2878 = CARTESIAN_POINT ( 'NONE',  ( 3.099999999999999645, -5.299999999999999822, 2.112683772664592396 ) ) ;
#2879 = CARTESIAN_POINT ( 'NONE',  ( -3.400000000000001243, -0.8000000000000001554, -1.899999999999999245 ) ) ;
#2880 = ORIENTED_EDGE ( 'NONE', *, *, #3111, .F. ) ;
#2881 = VECTOR ( 'NONE', #389, 1000.000000000000227 ) ;
#2882 = LINE ( 'NONE', #636, #1781 ) ;
#2883 = ORIENTED_EDGE ( 'NONE', *, *, #1046, .T. ) ;
#2884 = CARTESIAN_POINT ( 'NONE',  ( 2.700000000000000178, 1.899999999999999689, 2.699999999999998845 ) ) ;
#2885 = ADVANCED_FACE ( 'NONE', ( #1144 ), #1108, .F. ) ;
#2886 = DIRECTION ( 'NONE',  ( -1.734723475976806601E-16, 0.0000000000000000000, -1.000000000000000000 ) ) ;
#2887 = CARTESIAN_POINT ( 'NONE',  ( 2.762448996987585836, 2.084614063715128029, 2.584026237565812512 ) ) ;
#2888 = ADVANCED_FACE ( 'NONE', ( #1086 ), #1020, .T. ) ;
#2889 = DIRECTION ( 'NONE',  ( -0.0000000000000000000, 1.000000000000000000, -0.0000000000000000000 ) ) ;
#2890 = DIRECTION ( 'NONE',  ( 1.000000000000000000, -1.355252715606878570E-16, 0.0000000000000000000 ) ) ;
#2891 = CARTESIAN_POINT ( 'NONE',  ( 3.099999999999999645, -5.299999999999999822, 2.112683772664592396 ) ) ;
#2892 = CARTESIAN_POINT ( 'NONE',  ( 2.700000000000000178, 1.899999999999999689, -2.699999999999998845 ) ) ;
#2893 = EDGE_CURVE ( 'NONE', #1135, #2368, #976, .T. ) ;
#2894 = LINE ( 'NONE', #2301, #846 ) ;
#2895 = ORIENTED_EDGE ( 'NONE', *, *, #2505, .F. ) ;
#2896 = CARTESIAN_POINT ( 'NONE',  ( 3.000000000000000444, -1.800000000000000044, 2.700000000000000622 ) ) ;
#2897 = ORIENTED_EDGE ( 'NONE', *, *, #236, .T. ) ;
#2898 = CARTESIAN_POINT ( 'NONE',  ( -2.700000000000000178, 1.800000000000000044, -2.999999999999998668 ) ) ;
#2899 = VERTEX_POINT ( 'NONE', #928 ) ;
#2900 = DIRECTION ( 'NONE',  ( 0.0000000000000000000, 1.000000000000000000, 0.0000000000000000000 ) ) ;
#2901 = CARTESIAN_POINT ( 'NONE',  ( 2.637551003012414963, 2.071748216696299938, 2.843490606804184306 ) ) ;
#2902 = EDGE_CURVE ( 'NONE', #3028, #1844, #2197, .T. ) ;
#2903 = FACE_OUTER_BOUND ( 'NONE', #1787, .T. ) ;
#2904 = ORIENTED_EDGE ( 'NONE', *, *, #865, .T. ) ;
#2905 = ORIENTED_EDGE ( 'NONE', *, *, #598, .F. ) ;
#2906 = CARTESIAN_POINT ( 'NONE',  ( -3.400000000000000355, -4.899999999999996803, -1.899999999999999245 ) ) ;
#2907 = ORIENTED_EDGE ( 'NONE', *, *, #238, .F. ) ;
#2908 = EDGE_LOOP ( 'NONE', ( #1757, #64, #1710, #2265 ) ) ;
#2909 = ADVANCED_FACE ( 'NONE', ( #878 ), #835, .F. ) ;
#2910 = ORIENTED_EDGE ( 'NONE', *, *, #1075, .F. ) ;
#2911 = VECTOR ( 'NONE', #425, 1000.000000000000000 ) ;
#2912 = VERTEX_POINT ( 'NONE', #805 ) ;
#2913 = VECTOR ( 'NONE', #3154, 1000.000000000000000 ) ;
#2914 = VECTOR ( 'NONE', #1877, 1000.000000000000000 ) ;
#2915 = CIRCLE ( 'NONE', #3405, 0.4000000000000001887 ) ;
#2916 = EDGE_LOOP ( 'NONE', ( #3400, #765, #3461, #1398 ) ) ;
#2917 = LINE ( 'NONE', #1056, #27 ) ;
#2918 = EDGE_CURVE ( 'NONE', #1841, #3255, #779, .T. ) ;
#2919 = EDGE_CURVE ( 'NONE', #1971, #886, #552, .T. ) ;
#2920 = VECTOR ( 'NONE', #1948, 1000.000000000000000 ) ;
#2921 = LINE ( 'NONE', #2175, #145 ) ;
#2922 = AXIS2_PLACEMENT_3D ( 'NONE', #683, #737, #1880 ) ;
#2923 = ORIENTED_EDGE ( 'NONE', *, *, #1637, .T. ) ;
#2924 = CIRCLE ( 'NONE', #1735, 0.2500000000000006661 ) ;
#2925 = CARTESIAN_POINT ( 'NONE',  ( -3.100000000000000533, -4.629179606750062348, -2.599999999999999645 ) ) ;
#2926 = EDGE_CURVE ( 'NONE', #1316, #3408, #711, .T. ) ;
#2927 = CARTESIAN_POINT ( 'NONE',  ( -2.762448996987585392, 1.899999999999999689, -2.457925377671996703 ) ) ;
#2928 = EDGE_CURVE ( 'NONE', #3261, #555, #917, .T. ) ;
#2929 = LINE ( 'NONE', #469, #91 ) ;
#2930 = ORIENTED_EDGE ( 'NONE', *, *, #1448, .T. ) ;
#2931 = ORIENTED_EDGE ( 'NONE', *, *, #583, .T. ) ;
#2932 = VECTOR ( 'NONE', #202, 1000.000000000000000 ) ;
#2933 = DIRECTION ( 'NONE',  ( -1.000000000000000000, 0.0000000000000000000, 1.734723475976806601E-16 ) ) ;
#2934 = DIRECTION ( 'NONE',  ( 1.531669917389593407E-16, 0.4694715627858892515, 0.8829475928589278766 ) ) ;
#2935 = DIRECTION ( 'NONE',  ( 4.898078547630451731E-16, -1.000000000000000000, 0.0000000000000000000 ) ) ;
#2936 = ORIENTED_EDGE ( 'NONE', *, *, #2786, .F. ) ;
#2937 = VECTOR ( 'NONE', #2704, 1000.000000000000000 ) ;
#2938 = CARTESIAN_POINT ( 'NONE',  ( 3.000000000000000000, -4.899999999999996803, -2.600000000000000533 ) ) ;
#2939 = CARTESIAN_POINT ( 'NONE',  ( -2.600000000000000533, -0.6999999999999996225, 2.599999999999999645 ) ) ;
#2940 = PRODUCT_DEFINITION_SHAPE ( 'NONE', 'NONE',  #3494 ) ;
#2941 = PLANE ( 'NONE',  #2184 ) ;
#2942 = AXIS2_PLACEMENT_3D ( 'NONE', #1352, #1340, #1332 ) ;
#2943 = B_SPLINE_CURVE_WITH_KNOTS ( 'NONE', 3,
 ( #3077, #2997, #3185, #2985, #301, #1739, #1578, #2456, #688, #3383, #188, #2543, #3127, #346 ),
 .UNSPECIFIED., .F., .F.,
 ( 4, 2, 2, 2, 2, 2, 4 ),
 ( 0.001067800603929041584, 0.001245752549194013544, 0.001334728521826498981, 0.001423704494458984636, 0.001512680467091470074, 0.001601656439723955511, 0.001779608384988927254 ),
 .UNSPECIFIED. ) ;
#2944 = EDGE_CURVE ( 'NONE', #223, #1600, #529, .T. ) ;
#2945 = CARTESIAN_POINT ( 'NONE',  ( -2.762448996987584948, 1.958502381641454626, 2.457925377671744460 ) ) ;
#2946 = DIRECTION ( 'NONE',  ( -1.000000000000000000, 0.0000000000000000000, -1.734723475976806601E-16 ) ) ;
#2947 = DIRECTION ( 'NONE',  ( -0.0000000000000000000, -1.000000000000000000, -0.0000000000000000000 ) ) ;
#2948 = PLANE ( 'NONE',  #2460 ) ;
#2949 = CIRCLE ( 'NONE', #2435, 0.2500000000000006661 ) ;
#2950 = DIRECTION ( 'NONE',  ( -1.531669917389593407E-16, 0.4694715627858892515, 0.8829475928589278766 ) ) ;
#2951 = AXIS2_PLACEMENT_3D ( 'NONE', #2749, #1365, #2762 ) ;
#2952 = DIRECTION ( 'NONE',  ( 1.000000000000000000, 0.0000000000000000000, 0.0000000000000000000 ) ) ;
#2953 = DIRECTION ( 'NONE',  ( 1.000000000000000000, 0.0000000000000000000, 0.0000000000000000000 ) ) ;
#2954 = CARTESIAN_POINT ( 'NONE',  ( -3.400000000000000355, -5.299999999999999822, 2.112683772664591508 ) ) ;
#2955 = DIRECTION ( 'NONE',  ( -1.000000000000000000, 0.0000000000000000000, -0.0000000000000000000 ) ) ;
#2956 = DIRECTION ( 'NONE',  ( 0.0000000000000000000, 1.000000000000000000, 0.0000000000000000000 ) ) ;
#2957 = PLANE ( 'NONE',  #199 ) ;
#2958 = DIRECTION ( 'NONE',  ( 1.734723475976806601E-16, 0.0000000000000000000, -1.000000000000000000 ) ) ;
#2959 = ORIENTED_EDGE ( 'NONE', *, *, #243, .F. ) ;
#2960 = CARTESIAN_POINT ( 'NONE',  ( -3.100000000000000533, -2.570820393249936942, -2.599999999999999645 ) ) ;
#2961 = ORIENTED_EDGE ( 'NONE', *, *, #3171, .T. ) ;
#2962 = ORIENTED_EDGE ( 'NONE', *, *, #3257, .F. ) ;
#2963 = AXIS2_PLACEMENT_3D ( 'NONE', #211, #327, #1290 ) ;
#2964 = ORIENTED_EDGE ( 'NONE', *, *, #657, .F. ) ;
#2965 = FACE_OUTER_BOUND ( 'NONE', #3232, .T. ) ;
#2966 = ORIENTED_EDGE ( 'NONE', *, *, #657, .T. ) ;
#2967 = CARTESIAN_POINT ( 'NONE',  ( 2.599999999999999645, -0.4000000000000000222, -2.600000000000000533 ) ) ;
#2968 = ADVANCED_FACE ( 'NONE', ( #480 ), #424, .F. ) ;
#2969 = EDGE_CURVE ( 'NONE', #2644, #1624, #402, .T. ) ;
#2970 = EDGE_CURVE ( 'NONE', #2119, #2809, #373, .T. ) ;
#2971 = EDGE_LOOP ( 'NONE', ( #251, #2517, #1503, #2267 ) ) ;
#2972 = EDGE_LOOP ( 'NONE', ( #1734, #1382, #231, #2429, #2816, #2664 ) ) ;
#2973 = VERTEX_POINT ( 'NONE', #341 ) ;
#2974 = LINE ( 'NONE', #1607, #117 ) ;
#2975 = DIRECTION ( 'NONE',  ( 8.144033412682009393E-17, -0.8829475928589278766, -0.4694715627858889739 ) ) ;
#2976 = ORIENTED_EDGE ( 'NONE', *, *, #2233, .T. ) ;
#2977 = FACE_OUTER_BOUND ( 'NONE', #237, .T. ) ;
#2978 = DIRECTION ( 'NONE',  ( 0.0000000000000000000, 1.000000000000000000, 0.0000000000000000000 ) ) ;
#2979 = DIRECTION ( 'NONE',  ( 0.0000000000000000000, 0.0000000000000000000, 1.000000000000000000 ) ) ;
#2980 = FACE_OUTER_BOUND ( 'NONE', #3141, .T. ) ;
#2981 = ADVANCED_FACE ( 'NONE', ( #331 ), #297, .F. ) ;
#2982 = AXIS2_PLACEMENT_3D ( 'NONE', #3446, #3187, #285 ) ;
#2983 = ORIENTED_EDGE ( 'NONE', *, *, #3206, .F. ) ;
#2984 = EDGE_LOOP ( 'NONE', ( #1923, #2195, #434, #663 ) ) ;
#2985 = CARTESIAN_POINT ( 'NONE',  ( -2.637551003012415407, 2.071240716755016642, 2.844378403146488488 ) ) ;
#2986 = ORIENTED_EDGE ( 'NONE', *, *, #1121, .T. ) ;
#2987 = PLANE ( 'NONE',  #646 ) ;
#2988 = PLANE ( 'NONE',  #3229 ) ;
#2989 = DIRECTION ( 'NONE',  ( 8.144033412682011858E-17, 0.8829475928589276545, 0.4694715627858891405 ) ) ;
#2990 = CARTESIAN_POINT ( 'NONE',  ( -3.400000000000000355, -4.899999999999996803, -2.599999999999999645 ) ) ;
#2991 = DIRECTION ( 'NONE',  ( -1.000000000000000000, 2.710505431213757141E-16, 0.0000000000000000000 ) ) ;
#2992 = EDGE_CURVE ( 'NONE', #2813, #2395, #278, .T. ) ;
#2993 = EDGE_CURVE ( 'NONE', #3411, #495, #1214, .T. ) ;
#2994 = CARTESIAN_POINT ( 'NONE',  ( -3.000000000000000888, -0.8000000000000001554, -2.599999999999999645 ) ) ;
#2995 = CARTESIAN_POINT ( 'NONE',  ( 3.399999999999999467, -4.699999999999997513, 1.900000000000000133 ) ) ;
#2996 = ORIENTED_EDGE ( 'NONE', *, *, #2591, .F. ) ;
#2997 = CARTESIAN_POINT ( 'NONE',  ( -2.637551003012414075, 1.958502381641454626, 2.942074622328251898 ) ) ;
#2998 = ORIENTED_EDGE ( 'NONE', *, *, #1560, .T. ) ;
#2999 = LOCAL_TIME ( 13, 11, 32.00000000000000000, #2575 ) ;
#3000 = DIRECTION ( 'NONE',  ( 0.0000000000000000000, 1.000000000000000000, 0.0000000000000000000 ) ) ;
#3001 = DIRECTION ( 'NONE',  ( 2.710505431213757141E-16, 1.000000000000000000, -4.701977403289141821E-32 ) ) ;
#3002 = DIRECTION ( 'NONE',  ( -0.8944271909999158554, -0.4472135954999580387, -1.551583845779545206E-16 ) ) ;
#3003 = ORIENTED_EDGE ( 'NONE', *, *, #1266, .T. ) ;
#3004 = FACE_OUTER_BOUND ( 'NONE', #3340, .T. ) ;
#3005 = CARTESIAN_POINT ( 'NONE',  ( 3.000000000000000000, -0.7000000000000000666, -2.600000000000000533 ) ) ;
#3006 = EDGE_LOOP ( 'NONE', ( #1464, #2677, #3039, #3352, #2863, #1388 ) ) ;
#3007 = EDGE_CURVE ( 'NONE', #2089, #121, #176, .T. ) ;
#3008 = VECTOR ( 'NONE', #1606, 1000.000000000000000 ) ;
#3009 = DIRECTION ( 'NONE',  ( 1.000000000000000000, 0.0000000000000000000, 0.0000000000000000000 ) ) ;
#3010 = PLANE ( 'NONE',  #2528 ) ;
#3011 = LINE ( 'NONE', #2484, #2149 ) ;
#3012 = CARTESIAN_POINT ( 'NONE',  ( -2.700000000000000178, 2.100000000000000089, 2.949999999999999289 ) ) ;
#3013 = CARTESIAN_POINT ( 'NONE',  ( -3.400000000000000355, -2.500000000000000000, -1.899999999999999245 ) ) ;
#3014 = ORIENTED_EDGE ( 'NONE', *, *, #264, .F. ) ;
#3015 = ADVANCED_FACE ( 'NONE', ( #163 ), #114, .F. ) ;
#3016 = CARTESIAN_POINT ( 'NONE',  ( -2.762448996987585392, 2.084135548892076084, 2.582828593059510958 ) ) ;
#3017 = EDGE_CURVE ( 'NONE', #2511, #2164, #2100, .T. ) ;
#3018 = DIRECTION ( 'NONE',  ( 0.0000000000000000000, 0.0000000000000000000, 1.000000000000000000 ) ) ;
#3019 = AXIS2_PLACEMENT_3D ( 'NONE', #2848, #1183, #655 ) ;
#3020 = CARTESIAN_POINT ( 'NONE',  ( -2.700000000000000178, 1.800000000000000044, -2.449999999999998401 ) ) ;
#3021 = CARTESIAN_POINT ( 'NONE',  ( 2.700000000000000178, 2.100000000000000089, 2.699999999999998845 ) ) ;
#3022 = CARTESIAN_POINT ( 'NONE',  ( -2.762448996987585392, 1.899999999999999689, 2.457925377671996703 ) ) ;
#3023 = DIRECTION ( 'NONE',  ( -1.734723475976806601E-16, 0.0000000000000000000, -1.000000000000000000 ) ) ;
#3024 = CARTESIAN_POINT ( 'NONE',  ( 3.099999999999999645, -2.570820393249936497, 2.600000000000000533 ) ) ;
#3025 = FACE_OUTER_BOUND ( 'NONE', #1527, .T. ) ;
#3026 = DIRECTION ( 'NONE',  ( 0.0000000000000000000, 1.000000000000000000, -0.0000000000000000000 ) ) ;
#3027 = CARTESIAN_POINT ( 'NONE',  ( -3.614589803375032329, -3.600000000000000089, -2.599999999999999645 ) ) ;
#3028 = VERTEX_POINT ( 'NONE', #33 ) ;
#3029 = DIRECTION ( 'NONE',  ( -0.0000000000000000000, -1.000000000000000000, -0.0000000000000000000 ) ) ;
#3030 = AXIS2_PLACEMENT_3D ( 'NONE', #979, #630, #3434 ) ;
#3031 = DIRECTION ( 'NONE',  ( -0.0000000000000000000, -1.000000000000000000, -0.0000000000000000000 ) ) ;
#3032 = FACE_OUTER_BOUND ( 'NONE', #455, .T. ) ;
#3033 = ORIENTED_EDGE ( 'NONE', *, *, #441, .T. ) ;
#3034 = VECTOR ( 'NONE', #1403, 1000.000000000000227 ) ;
#3035 = ORIENTED_EDGE ( 'NONE', *, *, #3110, .T. ) ;
#3036 = CARTESIAN_POINT ( 'NONE',  ( 0.0000000000000000000, 2.699999999999999734, 0.0000000000000000000 ) ) ;
#3037 = CARTESIAN_POINT ( 'NONE',  ( -2.600000000000000533, -0.4000000000000000222, 1.899999999999999245 ) ) ;
#3038 = CARTESIAN_POINT ( 'NONE',  ( -3.100000000000000533, -2.570820393249936942, 2.599999999999999645 ) ) ;
#3039 = ORIENTED_EDGE ( 'NONE', *, *, #3431, .T. ) ;
#3040 = AXIS2_PLACEMENT_3D ( 'NONE', #2525, #2519, #2514 ) ;
#3041 = LINE ( 'NONE', #652, #684 ) ;
#3042 = DIRECTION ( 'NONE',  ( 0.0000000000000000000, 0.0000000000000000000, 1.000000000000000000 ) ) ;
#3043 = ORIENTED_EDGE ( 'NONE', *, *, #2781, .T. ) ;
#3044 = ORIENTED_EDGE ( 'NONE', *, *, #1701, .F. ) ;
#3045 = DIRECTION ( 'NONE',  ( 0.0000000000000000000, 0.0000000000000000000, -1.000000000000000000 ) ) ;
#3046 = ORIENTED_EDGE ( 'NONE', *, *, #123, .T. ) ;
#3047 = DIRECTION ( 'NONE',  ( 1.531669917389593654E-16, -0.4694715627858889739, -0.8829475928589278766 ) ) ;
#3048 = CARTESIAN_POINT ( 'NONE',  ( 2.599999999999999645, -0.6999999999999999556, 2.600000000000000533 ) ) ;
#3049 = ORIENTED_EDGE ( 'NONE', *, *, #3053, .F. ) ;
#3050 = VECTOR ( 'NONE', #1658, 1000.000000000000000 ) ;
#3051 = VECTOR ( 'NONE', #1883, 1000.000000000000000 ) ;
#3052 = CARTESIAN_POINT ( 'NONE',  ( -2.700000000000000178, 1.800000000000000044, -2.699999999999998845 ) ) ;
#3053 = EDGE_CURVE ( 'NONE', #1515, #694, #7, .T. ) ;
#3054 = EDGE_CURVE ( 'NONE', #2057, #1690, #2495, .T. ) ;
#3055 = CARTESIAN_POINT ( 'NONE',  ( 3.099999999999999645, -5.299999999999999822, 2.112683772664592396 ) ) ;
#3056 = DIRECTION ( 'NONE',  ( 2.585973076299239643E-15, -1.000000000000000000, 0.0000000000000000000 ) ) ;
#3057 = DIRECTION ( 'NONE',  ( 0.0000000000000000000, 0.0000000000000000000, 1.000000000000000000 ) ) ;
#3058 = FACE_OUTER_BOUND ( 'NONE', #2637, .T. ) ;
#3059 = DIRECTION ( 'NONE',  ( 0.0000000000000000000, 1.000000000000000000, 0.0000000000000000000 ) ) ;
#3060 = ORIENTED_EDGE ( 'NONE', *, *, #1847, .F. ) ;
#3061 = CARTESIAN_POINT ( 'NONE',  ( -2.700000000000000178, -1.800000000000000044, -2.699999999999998845 ) ) ;
#3062 = ORIENTED_EDGE ( 'NONE', *, *, #3256, .T. ) ;
#3063 = LINE ( 'NONE', #2414, #1370 ) ;
#3064 = PLANE ( 'NONE',  #3382 ) ;
#3065 = CARTESIAN_POINT ( 'NONE',  ( 2.762448996987585392, 1.899999999999999689, -3.000000000000000000 ) ) ;
#3066 = DIRECTION ( 'NONE',  ( 1.734723475976806601E-16, 0.0000000000000000000, -1.000000000000000000 ) ) ;
#3067 = FACE_OUTER_BOUND ( 'NONE', #357, .T. ) ;
#3068 = CARTESIAN_POINT ( 'NONE',  ( 2.700000000000000178, 1.899999999999999689, 2.449999999999998401 ) ) ;
#3069 = CARTESIAN_POINT ( 'NONE',  ( -3.000000000000000888, -0.6999999999999996225, -2.599999999999999645 ) ) ;
#3070 = ORIENTED_EDGE ( 'NONE', *, *, #2926, .F. ) ;
#3071 = EDGE_CURVE ( 'NONE', #1647, #774, #1623, .T. ) ;
#3072 = DIRECTION ( 'NONE',  ( 0.0000000000000000000, 0.0000000000000000000, 1.000000000000000000 ) ) ;
#3073 = CARTESIAN_POINT ( 'NONE',  ( 3.099999999999999645, -4.629179606750061460, 2.600000000000000533 ) ) ;
#3074 = DIRECTION ( 'NONE',  ( 1.734723475976806601E-16, 0.0000000000000000000, -1.000000000000000000 ) ) ;
#3075 = EDGE_LOOP ( 'NONE', ( #195, #1195, #2437, #1147, #3224, #388 ) ) ;
#3076 = DIRECTION ( 'NONE',  ( -1.734723475976806601E-16, -0.0000000000000000000, 1.000000000000000000 ) ) ;
#3077 = CARTESIAN_POINT ( 'NONE',  ( -2.637551003012414963, 1.899999999999999689, 2.942074622328000988 ) ) ;
#3078 = DIRECTION ( 'NONE',  ( -0.4472135954999602037, 0.8944271909999147452, 3.526326922226240134E-16 ) ) ;
#3079 = ADVANCED_FACE ( 'NONE', ( #806 ), #1933, .T. ) ;
#3080 = CARTESIAN_POINT ( 'NONE',  ( -3.000000000000000888, -0.6999999999999997335, -2.599999999999999645 ) ) ;
#3081 = CARTESIAN_POINT ( 'NONE',  ( 2.700000000000000178, 1.899999999999999689, 2.699999999999998845 ) ) ;
#3082 = DIRECTION ( 'NONE',  ( 0.4472135954999582053, 0.8944271909999156334, 0.0000000000000000000 ) ) ;
#3083 = CARTESIAN_POINT ( 'NONE',  ( 2.762448996987585392, 1.899999999999999689, -2.457925377671996703 ) ) ;
#3084 = PRODUCT_DEFINITION_FORMATION_WITH_SPECIFIED_SOURCE ( 'ANY', '', #1920, .NOT_KNOWN. ) ;
#3085 = AXIS2_PLACEMENT_3D ( 'NONE', #1272, #953, #487 ) ;
#3086 = DIRECTION ( 'NONE',  ( 0.0000000000000000000, 1.000000000000000000, 0.0000000000000000000 ) ) ;
#3087 = ORIENTED_EDGE ( 'NONE', *, *, #2399, .T. ) ;
#3088 = EDGE_CURVE ( 'NONE', #2433, #3408, #817, .T. ) ;
#3089 = CARTESIAN_POINT ( 'NONE',  ( -3.000000000000000888, -4.899999999999996803, -1.899999999999999245 ) ) ;
#3090 = EDGE_CURVE ( 'NONE', #777, #776, #361, .T. ) ;
#3091 = EDGE_CURVE ( 'NONE', #2296, #1167, #3410, .T. ) ;
#3092 = CIRCLE ( 'NONE', #3364, 0.2500000000000006661 ) ;
#3093 = CARTESIAN_POINT ( 'NONE',  ( -3.000000000000000888, -0.6999999999999996225, 2.599999999999999645 ) ) ;
#3094 = CARTESIAN_POINT ( 'NONE',  ( 2.700000000000000178, 1.899999999999999689, -2.449999999999998401 ) ) ;
#3095 = DIRECTION ( 'NONE',  ( 0.0000000000000000000, 0.0000000000000000000, -1.000000000000000000 ) ) ;
#3096 = EDGE_LOOP ( 'NONE', ( #3456, #503, #637, #2275 ) ) ;
#3097 = EDGE_LOOP ( 'NONE', ( #2031, #1488 ) ) ;
#3098 = ORIENTED_EDGE ( 'NONE', *, *, #2445, .T. ) ;
#3099 = EDGE_CURVE ( 'NONE', #98, #585, #1081, .T. ) ;
#3100 = EDGE_LOOP ( 'NONE', ( #1068, #1868, #3390, #1363 ) ) ;
#3101 = EDGE_CURVE ( 'NONE', #3261, #910, #358, .T. ) ;
#3102 = CARTESIAN_POINT ( 'NONE',  ( -2.762448996987585392, 1.899999999999999689, 2.457925377671996703 ) ) ;
#3103 = VECTOR ( 'NONE', #1445, 1000.000000000000000 ) ;
#3104 = VECTOR ( 'NONE', #3247, 1000.000000000000227 ) ;
#3105 = DIRECTION ( 'NONE',  ( 0.0000000000000000000, 0.0000000000000000000, 1.000000000000000000 ) ) ;
#3106 = DIRECTION ( 'NONE',  ( 0.0000000000000000000, 1.000000000000000000, 0.0000000000000000000 ) ) ;
#3107 = DIRECTION ( 'NONE',  ( 1.000000000000000000, 0.0000000000000000000, 1.734723475976806601E-16 ) ) ;
#3108 = FACE_OUTER_BOUND ( 'NONE', #981, .T. ) ;
#3109 = ORIENTED_EDGE ( 'NONE', *, *, #1859, .F. ) ;
#3110 = EDGE_CURVE ( 'NONE', #1911, #1376, #2015, .T. ) ;
#3111 = EDGE_CURVE ( 'NONE', #1690, #2511, #2306, .T. ) ;
#3112 = DIRECTION ( 'NONE',  ( 1.734723475976806601E-16, 0.0000000000000000000, -1.000000000000000000 ) ) ;
#3113 = CARTESIAN_POINT ( 'NONE',  ( 0.0000000000000000000, 3.199999999999999734, 0.0000000000000000000 ) ) ;
#3114 = LINE ( 'NONE', #2098, #3296 ) ;
#3115 = VECTOR ( 'NONE', #2444, 1000.000000000000000 ) ;
#3116 = AXIS2_PLACEMENT_3D ( 'NONE', #3138, #3135, #3134 ) ;
#3117 = LINE ( 'NONE', #2017, #2521 ) ;
#3118 = CIRCLE ( 'NONE', #1616, 0.2500000000000006661 ) ;
#3119 = VERTEX_POINT ( 'NONE', #3471 ) ;
#3120 = EDGE_CURVE ( 'NONE', #1741, #832, #1235, .T. ) ;
#3121 = CARTESIAN_POINT ( 'NONE',  ( 3.399999999999999467, -5.299999999999999822, 2.387316227335408492 ) ) ;
#3122 = VECTOR ( 'NONE', #1643, 1000.000000000000227 ) ;
#3123 = CARTESIAN_POINT ( 'NONE',  ( 3.399999999999999467, -2.500000000000000000, -2.600000000000000533 ) ) ;
#3124 = LINE ( 'NONE', #3121, #139 ) ;
#3125 = VERTEX_POINT ( 'NONE', #2967 ) ;
#3126 = VECTOR ( 'NONE', #2629, 1000.000000000000000 ) ;
#3127 = CARTESIAN_POINT ( 'NONE',  ( -2.637551003012414519, 1.959519484286046831, 2.457925377671996703 ) ) ;
#3128 = ORIENTED_EDGE ( 'NONE', *, *, #2354, .T. ) ;
#3129 = ORIENTED_EDGE ( 'NONE', *, *, #2993, .F. ) ;
#3130 = DIRECTION ( 'NONE',  ( 1.734723475976806601E-16, -0.0000000000000000000, 1.000000000000000000 ) ) ;
#3131 = LINE ( 'NONE', #86, #2846 ) ;
#3132 = VECTOR ( 'NONE', #3174, 1000.000000000000000 ) ;
#3133 = CARTESIAN_POINT ( 'NONE',  ( -2.999999999999999112, 1.800000000000000044, 2.700000000000001066 ) ) ;
#3134 = DIRECTION ( 'NONE',  ( -8.031127203596329369E-17, 0.0000000000000000000, -1.000000000000000000 ) ) ;
#3135 = DIRECTION ( 'NONE',  ( 1.000000000000000000, 0.0000000000000000000, -8.031127203596329369E-17 ) ) ;
#3136 = ORIENTED_EDGE ( 'NONE', *, *, #2278, .F. ) ;
#3137 = VECTOR ( 'NONE', #1714, 1000.000000000000227 ) ;
#3138 = CARTESIAN_POINT ( 'NONE',  ( -2.999999999999999556, 1.800000000000000044, -2.699999999999998845 ) ) ;
#3139 = ORIENTED_EDGE ( 'NONE', *, *, #1789, .T. ) ;
#3140 = PLANE ( 'NONE',  #3116 ) ;
#3141 = EDGE_LOOP ( 'NONE', ( #3128, #2193 ) ) ;
#3142 = VECTOR ( 'NONE', #169, 1000.000000000000000 ) ;
#3143 = EDGE_CURVE ( 'NONE', #3407, #2464, #220, .T. ) ;
#3144 = DIRECTION ( 'NONE',  ( -2.364719037043230279E-15, 0.8829475928589278766, -0.4694715627858889739 ) ) ;
#3145 = VECTOR ( 'NONE', #3402, 1000.000000000000000 ) ;
#3146 = DIRECTION ( 'NONE',  ( 0.0000000000000000000, 0.0000000000000000000, -1.000000000000000000 ) ) ;
#3147 = ORIENTED_EDGE ( 'NONE', *, *, #3198, .T. ) ;
#3148 = EDGE_CURVE ( 'NONE', #2899, #2679, #2949, .T. ) ;
#3149 = DIRECTION ( 'NONE',  ( 0.4472135954999585383, -0.8944271909999155223, 0.0000000000000000000 ) ) ;
#3150 = ORIENTED_EDGE ( 'NONE', *, *, #598, .T. ) ;
#3151 = DIRECTION ( 'NONE',  ( 1.734723475976806601E-16, -0.0000000000000000000, 1.000000000000000000 ) ) ;
#3152 = ORIENTED_EDGE ( 'NONE', *, *, #3285, .F. ) ;
#3153 = CARTESIAN_POINT ( 'NONE',  ( -2.762448996987585392, 1.899999999999999689, -3.000000000000000000 ) ) ;
#3154 = DIRECTION ( 'NONE',  ( 1.734723475976806601E-16, -0.0000000000000000000, 1.000000000000000000 ) ) ;
#3155 = CARTESIAN_POINT ( 'NONE',  ( -3.000000000000000888, -0.3999999999999999667, 2.599999999999999645 ) ) ;
#3156 = CARTESIAN_POINT ( 'NONE',  ( 3.399999999999999467, -2.500000000000000000, 2.600000000000000533 ) ) ;
#3157 = UNCERTAINTY_MEASURE_WITH_UNIT (LENGTH_MEASURE( 1.000000000000000082E-05 ), #2849, 'distance_accuracy_value', 'NONE');
#3158 = EDGE_CURVE ( 'NONE', #328, #3407, #2434, .T. ) ;
#3159 = DIRECTION ( 'NONE',  ( 1.000000000000000000, 0.0000000000000000000, -1.734723475976806601E-16 ) ) ;
#3160 = FACE_OUTER_BOUND ( 'NONE', #2555, .T. ) ;
#3161 = PLANE ( 'NONE',  #2390 ) ;
#3162 = ORIENTED_EDGE ( 'NONE', *, *, #3442, .T. ) ;
#3163 = CARTESIAN_POINT ( 'NONE',  ( 3.399999999999999467, -4.899999999999996803, -1.900000000000000133 ) ) ;
#3164 = LINE ( 'NONE', #3163, #399 ) ;
#3165 = DIRECTION ( 'NONE',  ( -5.102127870520020982E-16, -1.000000000000000000, -0.0000000000000000000 ) ) ;
#3166 = ORIENTED_EDGE ( 'NONE', *, *, #640, .F. ) ;
#3167 = PLANE ( 'NONE',  #778 ) ;
#3168 = ORIENTED_EDGE ( 'NONE', *, *, #1922, .F. ) ;
#3169 = ORIENTED_EDGE ( 'NONE', *, *, #2086, .T. ) ;
#3170 = FACE_OUTER_BOUND ( 'NONE', #801, .T. ) ;
#3171 = EDGE_CURVE ( 'NONE', #1284, #2241, #2449, .T. ) ;
#3172 = DIRECTION ( 'NONE',  ( 1.734723475976806601E-16, 0.0000000000000000000, -1.000000000000000000 ) ) ;
#3173 = FACE_OUTER_BOUND ( 'NONE', #2916, .T. ) ;
#3174 = DIRECTION ( 'NONE',  ( -1.000000000000000000, -0.0000000000000000000, 0.0000000000000000000 ) ) ;
#3175 = FACE_OUTER_BOUND ( 'NONE', #2971, .T. ) ;
#3176 = DIRECTION ( 'NONE',  ( -1.000000000000000000, 0.0000000000000000000, 0.0000000000000000000 ) ) ;
#3177 = AXIS2_PLACEMENT_3D ( 'NONE', #1060, #1916, #1526 ) ;
#3178 = CARTESIAN_POINT ( 'NONE',  ( 2.599999999999999645, -0.6999999999999999556, -2.600000000000000533 ) ) ;
#3179 = ORIENTED_EDGE ( 'NONE', *, *, #3101, .T. ) ;
#3180 = AXIS2_PLACEMENT_3D ( 'NONE', #2363, #3181, #1206 ) ;
#3181 = DIRECTION ( 'NONE',  ( 1.000000000000000000, 0.0000000000000000000, 1.734723475976806601E-16 ) ) ;
#3182 = TOROIDAL_SURFACE ( 'NONE', #1838, 0.05000000000000042605, 0.2000000000000000111 ) ;
#3183 = DIRECTION ( 'NONE',  ( -0.4472135954999587604, -0.8944271909999154113, -0.0000000000000000000 ) ) ;
#3184 = DIRECTION ( 'NONE',  ( -0.0000000000000000000, -1.000000000000000000, -0.0000000000000000000 ) ) ;
#3185 = CARTESIAN_POINT ( 'NONE',  ( -2.637551003012414519, 2.016867263637973196, 2.913439328246708815 ) ) ;
#3186 = EDGE_LOOP ( 'NONE', ( #2780, #1163, #451, #115 ) ) ;
#3187 = DIRECTION ( 'NONE',  ( 0.0000000000000000000, 1.000000000000000000, 0.0000000000000000000 ) ) ;
#3188 = VECTOR ( 'NONE', #2421, 1000.000000000000000 ) ;
#3189 = CARTESIAN_POINT ( 'NONE',  ( 3.000000000000000444, 1.800000000000000044, -2.699999999999999734 ) ) ;
#3191 = ORIENTED_EDGE ( 'NONE', *, *, #547, .F. ) ;
#3190 = LINE ( 'NONE', #3189, #783 ) ;
#3192 = ORIENTED_EDGE ( 'NONE', *, *, #1817, .T. ) ;
#3193 = DIRECTION ( 'NONE',  ( 0.0000000000000000000, 0.0000000000000000000, 1.000000000000000000 ) ) ;
#3194 = VERTEX_POINT ( 'NONE', #661 ) ;
#3195 = ORIENTED_EDGE ( 'NONE', *, *, #1861, .T. ) ;
#3196 = DIRECTION ( 'NONE',  ( 0.0000000000000000000, 0.0000000000000000000, -1.000000000000000000 ) ) ;
#3197 = LINE ( 'NONE', #1041, #1303 ) ;
#3198 = EDGE_CURVE ( 'NONE', #2411, #2462, #2059, .T. ) ;
#3199 = DIRECTION ( 'NONE',  ( -0.0000000000000000000, -1.000000000000000000, -0.0000000000000000000 ) ) ;
#3200 = CIRCLE ( 'NONE', #1499, 0.2500000000000006661 ) ;
#3201 = VECTOR ( 'NONE', #3172, 1000.000000000000000 ) ;
#3202 = ORIENTED_EDGE ( 'NONE', *, *, #3339, .F. ) ;
#3203 = CARTESIAN_POINT ( 'NONE',  ( -2.700000000000000178, 1.899999999999999689, -2.699999999999998845 ) ) ;
#3204 = DIRECTION ( 'NONE',  ( 1.734723475976806601E-16, -0.0000000000000000000, 1.000000000000000000 ) ) ;
#3205 = CARTESIAN_POINT ( 'NONE',  ( 2.700000000000000178, 1.899999999999999689, -2.699999999999998845 ) ) ;
#3206 = EDGE_CURVE ( 'NONE', #2656, #2361, #1792, .T. ) ;
#3207 = EDGE_LOOP ( 'NONE', ( #1749, #1909 ) ) ;
#3208 = AXIS2_PLACEMENT_3D ( 'NONE', #2612, #2610, #2606 ) ;
#3209 = CIRCLE ( 'NONE', #431, 0.4000000000000001887 ) ;
#3210 = CARTESIAN_POINT ( 'NONE',  ( 2.637551003012414963, 1.899999999999999689, -2.457925377671996703 ) ) ;
#3211 = CARTESIAN_POINT ( 'NONE',  ( -3.100000000000000533, -2.570820393249936942, -1.899999999999999245 ) ) ;
#3212 = ORIENTED_EDGE ( 'NONE', *, *, #2787, .T. ) ;
#3213 = DIRECTION ( 'NONE',  ( 0.4472135954999600926, 0.8944271909999148562, 0.0000000000000000000 ) ) ;
#3214 = DIRECTION ( 'NONE',  ( -0.0000000000000000000, 0.0000000000000000000, 1.000000000000000000 ) ) ;
#3215 = CARTESIAN_POINT ( 'NONE',  ( -3.000000000000000888, -0.6999999999999997335, 1.899999999999999245 ) ) ;
#3216 = DIRECTION ( 'NONE',  ( -1.000000000000000000, 0.0000000000000000000, -0.0000000000000000000 ) ) ;
#3217 = EDGE_CURVE ( 'NONE', #1587, #1343, #2463, .T. ) ;
#3218 = LINE ( 'NONE', #304, #3008 ) ;
#3219 = DIRECTION ( 'NONE',  ( -1.000000000000000000, 0.0000000000000000000, -1.734723475976806601E-16 ) ) ;
#3220 = DIRECTION ( 'NONE',  ( 1.734723475976806601E-16, 0.0000000000000000000, -1.000000000000000000 ) ) ;
#3221 = CARTESIAN_POINT ( 'NONE',  ( 2.637551003012414963, 2.299999999999999822, -3.000000000000000000 ) ) ;
#3222 = DIRECTION ( 'NONE',  ( -1.734723475976806601E-16, -0.0000000000000000000, 1.000000000000000000 ) ) ;
#3223 = EDGE_LOOP ( 'NONE', ( #2727, #2356, #2004, #400 ) ) ;
#3224 = ORIENTED_EDGE ( 'NONE', *, *, #2289, .F. ) ;
#3225 = ORIENTED_EDGE ( 'NONE', *, *, #3285, .T. ) ;
#3226 = ORIENTED_EDGE ( 'NONE', *, *, #1861, .F. ) ;
#3227 = ADVANCED_FACE ( 'NONE', ( #945 ), #317, .F. ) ;
#3228 = PLANE ( 'NONE',  #1931 ) ;
#3229 = AXIS2_PLACEMENT_3D ( 'NONE', #1312, #1362, #3492 ) ;
#3230 = LINE ( 'NONE', #449, #1782 ) ;
#3231 = ORIENTED_EDGE ( 'NONE', *, *, #539, .F. ) ;
#3232 = EDGE_LOOP ( 'NONE', ( #3166, #785, #2261, #305 ) ) ;
#3233 = CARTESIAN_POINT ( 'NONE',  ( 3.000000000000000000, -0.3999999999999999667, 2.600000000000000533 ) ) ;
#3234 = ORIENTED_EDGE ( 'NONE', *, *, #3241, .F. ) ;
#3235 = CARTESIAN_POINT ( 'NONE',  ( 3.000000000000000000, -0.3999999999999999667, 1.900000000000000133 ) ) ;
#3236 = ORIENTED_EDGE ( 'NONE', *, *, #1025, .T. ) ;
#3237 = CARTESIAN_POINT ( 'NONE',  ( 3.399999999999999467, -4.899999999999996803, -2.600000000000000533 ) ) ;
#3238 = DIRECTION ( 'NONE',  ( -1.000000000000000000, 0.0000000000000000000, 0.0000000000000000000 ) ) ;
#3239 = EDGE_CURVE ( 'NONE', #2747, #1120, #1577, .T. ) ;
#3240 = VECTOR ( 'NONE', #1693, 1000.000000000000000 ) ;
#3241 = EDGE_CURVE ( 'NONE', #774, #1841, #1744, .T. ) ;
#3242 = DIRECTION ( 'NONE',  ( -1.000000000000000000, -0.0000000000000000000, 0.0000000000000000000 ) ) ;
#3243 = ORIENTED_EDGE ( 'NONE', *, *, #1042, .T. ) ;
#3244 = ORIENTED_EDGE ( 'NONE', *, *, #1529, .T. ) ;
#3245 = ORIENTED_EDGE ( 'NONE', *, *, #201, .T. ) ;
#3246 = DIRECTION ( 'NONE',  ( 1.734723475976806601E-16, -0.0000000000000000000, 1.000000000000000000 ) ) ;
#3247 = DIRECTION ( 'NONE',  ( 0.4472135954999580387, -0.8944271909999157444, -3.526326922226240134E-16 ) ) ;
#3248 = ADVANCED_FACE ( 'NONE', ( #1040 ), #2331, .F. ) ;
#3249 = EDGE_CURVE ( 'NONE', #1284, #2078, #197, .T. ) ;
#3250 = DIRECTION ( 'NONE',  ( 0.0000000000000000000, 0.0000000000000000000, 1.000000000000000000 ) ) ;
#3251 = PLANE ( 'NONE',  #678 ) ;
#3252 = VERTEX_POINT ( 'NONE', #1557 ) ;
#3253 = VECTOR ( 'NONE', #273, 1000.000000000000000 ) ;
#3254 = PLANE ( 'NONE',  #1274 ) ;
#3255 = VERTEX_POINT ( 'NONE', #1115 ) ;
#3256 = EDGE_CURVE ( 'NONE', #618, #3278, #1074, .T. ) ;
#3257 = EDGE_CURVE ( 'NONE', #2912, #1647, #1276, .T. ) ;
#3258 = DIRECTION ( 'NONE',  ( 4.898078547630453703E-16, 1.000000000000000000, 0.0000000000000000000 ) ) ;
#3259 = ORIENTED_EDGE ( 'NONE', *, *, #24, .T. ) ;
#3260 = VECTOR ( 'NONE', #3334, 1000.000000000000000 ) ;
#3261 = VERTEX_POINT ( 'NONE', #3083 ) ;
#3262 = CARTESIAN_POINT ( 'NONE',  ( 2.637551003012414963, 1.899999999999999689, -2.942074622328000988 ) ) ;
#3263 = PLANE ( 'NONE',  #66 ) ;
#3264 = VECTOR ( 'NONE', #2682, 1000.000000000000000 ) ;
#3265 = CARTESIAN_POINT ( 'NONE',  ( 3.099999999999999645, -4.629179606750061460, 1.900000000000000133 ) ) ;
#3266 = FACE_OUTER_BOUND ( 'NONE', #1405, .T. ) ;
#3267 = VERTEX_POINT ( 'NONE', #2576 ) ;
#3268 = DIRECTION ( 'NONE',  ( 4.898078547630452717E-16, 1.000000000000000000, 0.0000000000000000000 ) ) ;
#3269 = FACE_OUTER_BOUND ( 'NONE', #2091, .T. ) ;
#3270 = CARTESIAN_POINT ( 'NONE',  ( 3.949999999999999734, -3.600000000000000089, 2.600000000000000533 ) ) ;
#3271 = ORIENTED_EDGE ( 'NONE', *, *, #217, .T. ) ;
#3272 = CARTESIAN_POINT ( 'NONE',  ( 3.100000000000000533, -0.8000000000000001554, 1.900000000000000133 ) ) ;
#3273 = EDGE_CURVE ( 'NONE', #1457, #471, #3209, .T. ) ;
#3274 = CARTESIAN_POINT ( 'NONE',  ( -2.762448996987584948, 1.958502381641454626, -2.942074622328251898 ) ) ;
#3275 = CYLINDRICAL_SURFACE ( 'NONE', #2487, 0.2500000000000006661 ) ;
#3276 = LINE ( 'NONE', #3272, #3386 ) ;
#3277 = CARTESIAN_POINT ( 'NONE',  ( 3.399999999999999467, -2.500000000000000000, 2.600000000000000533 ) ) ;
#3278 = VERTEX_POINT ( 'NONE', #1887 ) ;
#3279 = DIRECTION ( 'NONE',  ( -1.734723475976806601E-16, 0.0000000000000000000, -1.000000000000000000 ) ) ;
#3280 = VECTOR ( 'NONE', #1182, 1000.000000000000000 ) ;
#3281 = PLANE ( 'NONE',  #3180 ) ;
#3282 = ORIENTED_EDGE ( 'NONE', *, *, #1465, .T. ) ;
#3283 = FACE_OUTER_BOUND ( 'NONE', #430, .T. ) ;
#3284 = EDGE_LOOP ( 'NONE', ( #2430, #2385, #3453, #2415 ) ) ;
#3285 = EDGE_CURVE ( 'NONE', #2108, #2103, #3117, .T. ) ;
#3286 = EDGE_LOOP ( 'NONE', ( #338, #1128, #3109, #895 ) ) ;
#3287 = DIRECTION ( 'NONE',  ( 2.585973076299239643E-15, -1.000000000000000000, 0.0000000000000000000 ) ) ;
#3288 = VECTOR ( 'NONE', #2196, 1000.000000000000000 ) ;
#3289 = PLANE ( 'NONE',  #880 ) ;
#3290 = CARTESIAN_POINT ( 'NONE',  ( -3.100000000000000533, -4.629179606750062348, 2.599999999999999645 ) ) ;
#3291 = CARTESIAN_POINT ( 'NONE',  ( 2.599999999999999645, -0.6999999999999999556, -2.600000000000000533 ) ) ;
#3292 = APPROVAL_PERSON_ORGANIZATION ( #2585, #196, #2577 ) ;
#3293 = EDGE_CURVE ( 'NONE', #40, #2486, #44, .T. ) ;
#3294 = LINE ( 'NONE', #3290, #146 ) ;
#3295 = DIRECTION ( 'NONE',  ( -1.000000000000000000, 2.710505431213757141E-16, 0.0000000000000000000 ) ) ;
#3296 = VECTOR ( 'NONE', #2051, 1000.000000000000000 ) ;
#3297 = CARTESIAN_POINT ( 'NONE',  ( 3.000000000000000000, -0.7000000000000000666, -2.600000000000000533 ) ) ;
#3298 = ORIENTED_EDGE ( 'NONE', *, *, #3497, .F. ) ;
#3299 = DIRECTION ( 'NONE',  ( 2.409338161078898687E-16, -0.0000000000000000000, 1.000000000000000000 ) ) ;
#3300 = ADVANCED_FACE ( 'NONE', ( #1018 ), #3167, .F. ) ;
#3301 = ORIENTED_EDGE ( 'NONE', *, *, #1939, .F. ) ;
#3302 = ORIENTED_EDGE ( 'NONE', *, *, #2485, .T. ) ;
#3303 = CARTESIAN_POINT ( 'NONE',  ( 3.399999999999999467, -4.899999999999996803, -2.600000000000000533 ) ) ;
#3304 = ADVANCED_FACE ( 'NONE', ( #90 ), #1688, .T. ) ;
#3305 = EDGE_CURVE ( 'NONE', #1969, #1684, #791, .T. ) ;
#3306 = DIRECTION ( 'NONE',  ( -0.0000000000000000000, 1.000000000000000000, -0.0000000000000000000 ) ) ;
#3307 = CARTESIAN_POINT ( 'NONE',  ( 2.637551003012415407, 2.099583286130045412, 2.669526596244397254 ) ) ;
#3308 = DIRECTION ( 'NONE',  ( 0.0000000000000000000, 1.000000000000000000, 0.0000000000000000000 ) ) ;
#3310 = ORIENTED_EDGE ( 'NONE', *, *, #2387, .F. ) ;
#3309 = DIRECTION ( 'NONE',  ( 0.4472135954999579832, -0.8944271909999157444, 0.0000000000000000000 ) ) ;
#3311 = DIRECTION ( 'NONE',  ( 1.355252715606878570E-16, -1.000000000000000000, -2.350988701644570911E-32 ) ) ;
#3312 = CARTESIAN_POINT ( 'NONE',  ( 3.000000000000000000, -0.7000000000000000666, -2.600000000000000533 ) ) ;
#3313 = DIRECTION ( 'NONE',  ( -0.8944271909999158554, -0.4472135954999580387, 1.551583845779545206E-16 ) ) ;
#3314 = LINE ( 'NONE', #3297, #2384 ) ;
#3315 = ORIENTED_EDGE ( 'NONE', *, *, #1558, .F. ) ;
#3316 = DIRECTION ( 'NONE',  ( -0.0000000000000000000, -0.0000000000000000000, 1.000000000000000000 ) ) ;
#3317 = CIRCLE ( 'NONE', #1348, 0.1000000000000002554 ) ;
#3318 = AXIS2_PLACEMENT_3D ( 'NONE', #3153, #1825, #1269 ) ;
#3319 = CARTESIAN_POINT ( 'NONE',  ( 3.399999999999999467, -2.500000000000000000, -2.600000000000000533 ) ) ;
#3320 = LINE ( 'NONE', #3324, #391 ) ;
#3321 = DIRECTION ( 'NONE',  ( 0.0000000000000000000, -1.000000000000000000, 0.0000000000000000000 ) ) ;
#3322 = EDGE_CURVE ( 'NONE', #2620, #2411, #2596, .T. ) ;
#3323 = PLANE ( 'NONE',  #924 ) ;
#3324 = CARTESIAN_POINT ( 'NONE',  ( -3.099999999999999645, -4.899999999999996803, -2.599999999999999645 ) ) ;
#3325 = VERTEX_POINT ( 'NONE', #3424 ) ;
#3326 = DIRECTION ( 'NONE',  ( 1.734723475976806601E-16, -0.0000000000000000000, 1.000000000000000000 ) ) ;
#3327 = CARTESIAN_POINT ( 'NONE',  ( 3.000000000000000000, -4.899999999999996803, 2.600000000000000533 ) ) ;
#3328 = ADVANCED_FACE ( 'NONE', ( #427 ), #296, .F. ) ;
#3329 = ORIENTED_EDGE ( 'NONE', *, *, #2893, .F. ) ;
#3330 = DIRECTION ( 'NONE',  ( -0.0000000000000000000, -1.000000000000000000, -0.0000000000000000000 ) ) ;
#3331 = DIRECTION ( 'NONE',  ( -1.000000000000000000, 0.0000000000000000000, 2.409338161078898687E-16 ) ) ;
#3332 = ORIENTED_EDGE ( 'NONE', *, *, #1730, .T. ) ;
#3333 = CARTESIAN_POINT ( 'NONE',  ( 3.400000000000000355, -0.8000000000000001554, 2.600000000000000533 ) ) ;
#3334 = DIRECTION ( 'NONE',  ( 1.000000000000000000, -1.355252715606878570E-16, 0.0000000000000000000 ) ) ;
#3335 = ORIENTED_EDGE ( 'NONE', *, *, #2201, .F. ) ;
#3336 = VECTOR ( 'NONE', #3149, 1000.000000000000114 ) ;
#3337 = CARTESIAN_POINT ( 'NONE',  ( -3.950000000000002842, -3.599999999999999201, -1.899999999999999023 ) ) ;
#3338 = ADVANCED_FACE ( 'NONE', ( #2188 ), #2206, .F. ) ;
#3339 = EDGE_CURVE ( 'NONE', #1166, #1999, #1898, .T. ) ;
#3340 = EDGE_LOOP ( 'NONE', ( #2268, #1496, #3062, #2966 ) ) ;
#3341 = VECTOR ( 'NONE', #2383, 1000.000000000000000 ) ;
#3342 = ORIENTED_EDGE ( 'NONE', *, *, #1055, .T. ) ;
#3343 = CARTESIAN_POINT ( 'NONE',  ( 3.099999999999999645, -2.570820393249936497, -2.600000000000000533 ) ) ;
#3344 = FACE_OUTER_BOUND ( 'NONE', #919, .T. ) ;
#3345 = DIRECTION ( 'NONE',  ( 0.0000000000000000000, 1.000000000000000000, -0.0000000000000000000 ) ) ;
#3346 = CARTESIAN_POINT ( 'NONE',  ( -3.100000000000000533, -2.570820393249936942, 1.899999999999999245 ) ) ;
#3347 = ORIENTED_EDGE ( 'NONE', *, *, #3054, .F. ) ;
#3348 = CARTESIAN_POINT ( 'NONE',  ( 2.599999999999999645, -0.4000000000000000222, 2.600000000000000533 ) ) ;
#3349 = CARTESIAN_POINT ( 'NONE',  ( 2.637551003012414075, 1.958502381641454626, 2.457925377671744460 ) ) ;
#3350 = ORIENTED_EDGE ( 'NONE', *, *, #1264, .F. ) ;
#3351 = FACE_OUTER_BOUND ( 'NONE', #2771, .T. ) ;
#3352 = ORIENTED_EDGE ( 'NONE', *, *, #1354, .T. ) ;
#3353 = FACE_OUTER_BOUND ( 'NONE', #1048, .T. ) ;
#3354 = DIRECTION ( 'NONE',  ( 1.734723475976806601E-16, 0.0000000000000000000, -1.000000000000000000 ) ) ;
#3355 = ORIENTED_EDGE ( 'NONE', *, *, #181, .F. ) ;
#3356 = DIRECTION ( 'NONE',  ( -1.531669917389593654E-16, -0.4694715627858889739, -0.8829475928589278766 ) ) ;
#3357 = EDGE_CURVE ( 'NONE', #1777, #2538, #1941, .T. ) ;
#3358 = FACE_OUTER_BOUND ( 'NONE', #2984, .T. ) ;
#3359 = ORIENTED_EDGE ( 'NONE', *, *, #739, .F. ) ;
#3360 = CARTESIAN_POINT ( 'NONE',  ( -2.637551003012415407, 2.099583286130045412, -2.669526596244397254 ) ) ;
#3361 = CYLINDRICAL_SURFACE ( 'NONE', #435, 0.2500000000000006661 ) ;
#3362 = DIRECTION ( 'NONE',  ( -0.0000000000000000000, -1.000000000000000000, -0.0000000000000000000 ) ) ;
#3363 = FACE_OUTER_BOUND ( 'NONE', #2347, .T. ) ;
#3364 = AXIS2_PLACEMENT_3D ( 'NONE', #3205, #3199, #3193 ) ;
#3365 = EDGE_CURVE ( 'NONE', #497, #3443, #943, .T. ) ;
#3366 = EDGE_CURVE ( 'NONE', #2241, #2740, #1484, .T. ) ;
#3367 = CARTESIAN_POINT ( 'NONE',  ( -3.400000000000001243, -0.8000000000000001554, -2.599999999999999645 ) ) ;
#3368 = CARTESIAN_POINT ( 'NONE',  ( -3.000000000000000888, -0.6999999999999997335, 2.599999999999999645 ) ) ;
#3369 = CARTESIAN_POINT ( 'NONE',  ( -3.000000000000000888, -0.3999999999999999667, 1.899999999999999245 ) ) ;
#3370 = ORIENTED_EDGE ( 'NONE', *, *, #3406, .T. ) ;
#3371 = EDGE_CURVE ( 'NONE', #1592, #1988, #2049, .T. ) ;
#3372 = ADVANCED_FACE ( 'NONE', ( #1007 ), #339, .T. ) ;
#3373 = VECTOR ( 'NONE', #25, 1000.000000000000000 ) ;
#3374 = EDGE_LOOP ( 'NONE', ( #1191, #2028, #2753, #324, #3510, #12 ) ) ;
#3375 = CARTESIAN_POINT ( 'NONE',  ( 3.400000000000000355, -0.8000000000000001554, 2.600000000000000533 ) ) ;
#3376 = DIRECTION ( 'NONE',  ( 0.0000000000000000000, 0.0000000000000000000, -1.000000000000000000 ) ) ;
#3377 = AXIS2_PLACEMENT_3D ( 'NONE', #2153, #2670, #600 ) ;
#3378 = LINE ( 'NONE', #2806, #1301 ) ;
#3379 = ORIENTED_EDGE ( 'NONE', *, *, #2387, .T. ) ;
#3380 = DIRECTION ( 'NONE',  ( -0.0000000000000000000, -1.000000000000000000, -0.0000000000000000000 ) ) ;
#3381 = DIRECTION ( 'NONE',  ( -0.4472135954999602037, 0.8944271909999147452, -3.526326922226240134E-16 ) ) ;
#3382 = AXIS2_PLACEMENT_3D ( 'NONE', #2140, #1305, #475 ) ;
#3383 = CARTESIAN_POINT ( 'NONE',  ( -2.637551003012415407, 2.084614063715128029, 2.584026237565812512 ) ) ;
#3384 = CARTESIAN_POINT ( 'NONE',  ( -3.950000000000002842, -3.599999999999999201, 2.599999999999999201 ) ) ;
#3385 = ORIENTED_EDGE ( 'NONE', *, *, #468, .F. ) ;
#3386 = VECTOR ( 'NONE', #3268, 1000.000000000000000 ) ;
#3387 = LINE ( 'NONE', #3384, #171 ) ;
#3388 = FACE_OUTER_BOUND ( 'NONE', #2344, .T. ) ;
#3389 = PLANE ( 'NONE',  #3487 ) ;
#3390 = ORIENTED_EDGE ( 'NONE', *, *, #3371, .F. ) ;
#3391 = ORIENTED_EDGE ( 'NONE', *, *, #3357, .T. ) ;
#3392 = LINE ( 'NONE', #3396, #3145 ) ;
#3393 = ORIENTED_EDGE ( 'NONE', *, *, #3412, .T. ) ;
#3394 = FACE_OUTER_BOUND ( 'NONE', #2490, .T. ) ;
#3395 = ORIENTED_EDGE ( 'NONE', *, *, #788, .T. ) ;
#3396 = CARTESIAN_POINT ( 'NONE',  ( 3.399999999999999467, -4.899999999999996803, 1.900000000000000133 ) ) ;
#3397 = EDGE_CURVE ( 'NONE', #2656, #599, #740, .T. ) ;
#3398 = AXIS2_PLACEMENT_3D ( 'NONE', #3021, #1355, #1863 ) ;
#3399 = DIRECTION ( 'NONE',  ( 0.4472135954999582053, 0.8944271909999156334, 0.0000000000000000000 ) ) ;
#3400 = ORIENTED_EDGE ( 'NONE', *, *, #950, .T. ) ;
#3401 = CARTESIAN_POINT ( 'NONE',  ( 3.100000000000000533, -0.8000000000000001554, -2.600000000000000533 ) ) ;
#3402 = DIRECTION ( 'NONE',  ( 1.000000000000000000, 0.0000000000000000000, 1.734723475976806601E-16 ) ) ;
#3403 = DIRECTION ( 'NONE',  ( 1.000000000000000000, 0.0000000000000000000, -1.734723475976806601E-16 ) ) ;
#3404 = FACE_OUTER_BOUND ( 'NONE', #3006, .T. ) ;
#3405 = AXIS2_PLACEMENT_3D ( 'NONE', #1659, #2722, #922 ) ;
#3406 = EDGE_CURVE ( 'NONE', #2626, #2403, #1326, .T. ) ;
#3407 = VERTEX_POINT ( 'NONE', #3515 ) ;
#3408 = VERTEX_POINT ( 'NONE', #3511 ) ;
#3409 = DIRECTION ( 'NONE',  ( -1.000000000000000000, 0.0000000000000000000, 0.0000000000000000000 ) ) ;
#3410 = LINE ( 'NONE', #1850, #510 ) ;
#3411 = VERTEX_POINT ( 'NONE', #3502 ) ;
#3412 = EDGE_CURVE ( 'NONE', #478, #148, #3488, .T. ) ;
#3413 = CLOSED_SHELL ( 'NONE', ( #368, #1567, #29, #1093, #902, #1223, #417, #708, #1122, #30, #244, #3300, #1233, #2845, #2318, #347, #2593, #930 ) ) ;
#3414 = LINE ( 'NONE', #454, #1664 ) ;
#3415 = CARTESIAN_POINT ( 'NONE',  ( -3.400000000000000355, -4.699999999999997513, -1.899999999999999245 ) ) ;
#3416 = DIRECTION ( 'NONE',  ( -0.0000000000000000000, -1.000000000000000000, -0.0000000000000000000 ) ) ;
#3417 = ORIENTED_EDGE ( 'NONE', *, *, #2482, .T. ) ;
#3418 = CIRCLE ( 'NONE', #432, 0.2500000000000006661 ) ;
#3419 = VECTOR ( 'NONE', #1477, 1000.000000000000000 ) ;
#3420 = LINE ( 'NONE', #2531, #2364 ) ;
#3421 = DIRECTION ( 'NONE',  ( 0.0000000000000000000, 1.000000000000000000, 0.0000000000000000000 ) ) ;
#3422 = CARTESIAN_POINT ( 'NONE',  ( 3.099999999999999645, -4.629179606750061460, 2.600000000000000533 ) ) ;
#3423 = ORIENTED_EDGE ( 'NONE', *, *, #2326, .F. ) ;
#3424 = CARTESIAN_POINT ( 'NONE',  ( 3.399999999999999467, -4.699999999999997513, -2.600000000000000533 ) ) ;
#3425 = LINE ( 'NONE', #3422, #3493 ) ;
#3426 = PLANE ( 'NONE',  #2025 ) ;
#3427 = AXIS2_PLACEMENT_3D ( 'NONE', #536, #1286, #833 ) ;
#3428 = CARTESIAN_POINT ( 'NONE',  ( -2.700000000000000178, 1.899999999999999689, -2.699999999999998845 ) ) ;
#3429 = EDGE_CURVE ( 'NONE', #17, #1945, #3451, .T. ) ;
#3430 = DIRECTION ( 'NONE',  ( 0.4472135954999585938, -0.8944271909999155223, 0.0000000000000000000 ) ) ;
#3431 = EDGE_CURVE ( 'NONE', #2640, #2583, #3425, .T. ) ;
#3432 = LINE ( 'NONE', #76, #2178 ) ;
#3433 = CARTESIAN_POINT ( 'NONE',  ( 2.700000000000000178, 1.800000000000000044, 3.000000000000000000 ) ) ;
#3434 = DIRECTION ( 'NONE',  ( 0.0000000000000000000, 0.0000000000000000000, -1.000000000000000000 ) ) ;
#3435 = ORIENTED_EDGE ( 'NONE', *, *, #209, .T. ) ;
#3436 = EDGE_LOOP ( 'NONE', ( #1470, #691, #3046, #549 ) ) ;
#3437 = DIRECTION ( 'NONE',  ( 0.0000000000000000000, 0.0000000000000000000, 1.000000000000000000 ) ) ;
#3438 = LINE ( 'NONE', #3440, #253 ) ;
#3439 = DIRECTION ( 'NONE',  ( 0.4472135954999585383, -0.8944271909999155223, 0.0000000000000000000 ) ) ;
#3440 = CARTESIAN_POINT ( 'NONE',  ( 3.099999999999999645, -4.629179606750061460, -1.900000000000000133 ) ) ;
#3441 = CARTESIAN_POINT ( 'NONE',  ( 3.000000000000000444, -1.800000000000000044, -2.699999999999999734 ) ) ;
#3442 = EDGE_CURVE ( 'NONE', #2739, #2057, #3387, .T. ) ;
#3443 = VERTEX_POINT ( 'NONE', #3369 ) ;
#3444 = CARTESIAN_POINT ( 'NONE',  ( -2.762448996987585836, 2.084614063715128029, 2.815973762434186511 ) ) ;
#3445 = CARTESIAN_POINT ( 'NONE',  ( -3.614589803375032329, -3.600000000000000089, -2.599999999999999645 ) ) ;
#3446 = CARTESIAN_POINT ( 'NONE',  ( 0.0000000000000000000, 3.199999999999999734, 0.0000000000000000000 ) ) ;
#3447 = CARTESIAN_POINT ( 'NONE',  ( -3.000000000000000888, -0.3999999999999999667, 2.599999999999999645 ) ) ;
#3448 = ORIENTED_EDGE ( 'NONE', *, *, #3091, .F. ) ;
#3449 = FACE_OUTER_BOUND ( 'NONE', #5, .T. ) ;
#3450 = AXIS2_PLACEMENT_3D ( 'NONE', #997, #991, #990 ) ;
#3451 = LINE ( 'NONE', #3445, #893 ) ;
#3452 = DIRECTION ( 'NONE',  ( 0.0000000000000000000, 1.000000000000000000, 0.0000000000000000000 ) ) ;
#3453 = ORIENTED_EDGE ( 'NONE', *, *, #276, .F. ) ;
#3454 = VECTOR ( 'NONE', #1379, 1000.000000000000000 ) ;
#3455 = LINE ( 'NONE', #2529, #1751 ) ;
#3456 = ORIENTED_EDGE ( 'NONE', *, *, #1055, .F. ) ;
#3457 = ADVANCED_FACE ( 'NONE', ( #3363 ), #3323, .F. ) ;
#3458 = CARTESIAN_POINT ( 'NONE',  ( 2.700000000000000178, 1.899999999999999689, -2.699999999999998845 ) ) ;
#3459 = AXIS2_PLACEMENT_3D ( 'NONE', #1299, #1288, #1283 ) ;
#3460 = CARTESIAN_POINT ( 'NONE',  ( -2.762448996987585392, 1.899999999999999689, 2.942074622328000988 ) ) ;
#3461 = ORIENTED_EDGE ( 'NONE', *, *, #1158, .F. ) ;
#3462 = DIRECTION ( 'NONE',  ( -0.0000000000000000000, -1.000000000000000000, -0.0000000000000000000 ) ) ;
#3463 = EDGE_CURVE ( 'NONE', #2296, #3252, #3294, .T. ) ;
#3464 = ORIENTED_EDGE ( 'NONE', *, *, #1520, .T. ) ;
#3465 = CARTESIAN_POINT ( 'NONE',  ( 2.700000000000000178, 2.100000000000000089, 2.949999999999999289 ) ) ;
#3466 = ORIENTED_EDGE ( 'NONE', *, *, #2169, .T. ) ;
#3467 = VECTOR ( 'NONE', #1625, 1000.000000000000000 ) ;
#3468 = DIRECTION ( 'NONE',  ( 0.4472135954999579832, -0.8944271909999157444, 0.0000000000000000000 ) ) ;
#3469 = CARTESIAN_POINT ( 'NONE',  ( -3.099999999999998757, -5.299999999999999822, -2.112683772664591508 ) ) ;
#3470 = CARTESIAN_POINT ( 'NONE',  ( 2.762448996987585392, 1.899999999999999689, 2.942074622328000988 ) ) ;
#3471 = CARTESIAN_POINT ( 'NONE',  ( 3.399999999999999467, -4.899999999999996803, 2.600000000000000533 ) ) ;
#3472 = PLANE ( 'NONE',  #675 ) ;
#3473 = AXIS2_PLACEMENT_3D ( 'NONE', #669, #1700, #2249 ) ;
#3474 = ORIENTED_EDGE ( 'NONE', *, *, #2875, .F. ) ;
#3475 = CARTESIAN_POINT ( 'NONE',  ( 3.000000000000000000, -0.8000000000000001554, -2.600000000000000533 ) ) ;
#3476 = CARTESIAN_POINT ( 'NONE',  ( 3.100000000000000533, -0.8000000000000001554, 2.600000000000000533 ) ) ;
#3477 = LINE ( 'NONE', #3465, #1296 ) ;
#3478 = ADVANCED_FACE ( 'NONE', ( #3266 ), #3228, .F. ) ;
#3479 = EDGE_LOOP ( 'NONE', ( #673, #277, #3202, #1475 ) ) ;
#3480 = DIRECTION ( 'NONE',  ( 1.000000000000000000, 0.0000000000000000000, -2.409338161078898687E-16 ) ) ;
#3481 = EDGE_CURVE ( 'NONE', #1999, #2535, #3190, .T. ) ;
#3482 = DIRECTION ( 'NONE',  ( 0.0000000000000000000, -1.000000000000000000, 0.0000000000000000000 ) ) ;
#3483 = DIRECTION ( 'NONE',  ( 1.734723475976806601E-16, 0.0000000000000000000, -1.000000000000000000 ) ) ;
#3484 = CARTESIAN_POINT ( 'NONE',  ( -2.600000000000000533, -0.4000000000000000222, -1.899999999999999245 ) ) ;
#3485 = DIRECTION ( 'NONE',  ( 0.0000000000000000000, 0.0000000000000000000, -1.000000000000000000 ) ) ;
#3486 = ORIENTED_EDGE ( 'NONE', *, *, #950, .F. ) ;
#3487 = AXIS2_PLACEMENT_3D ( 'NONE', #2105, #2652, #1914 ) ;
#3488 = LINE ( 'NONE', #3484, #1254 ) ;
#3489 = PLANE ( 'NONE',  #362 ) ;
#3490 = ADVANCED_FACE ( 'NONE', ( #3175 ), #3140, .F. ) ;
#3491 = EDGE_CURVE ( 'NONE', #359, #1532, #3124, .T. ) ;
#3492 = DIRECTION ( 'NONE',  ( -5.102127870520020982E-16, -1.000000000000000000, 0.0000000000000000000 ) ) ;
#3493 = VECTOR ( 'NONE', #3421, 1000.000000000000000 ) ;
#3494 = PRODUCT_DEFINITION ( 'UNKNOWN', '', #3084, #748 ) ;
#3495 = CARTESIAN_POINT ( 'NONE',  ( -3.400000000000001243, -0.8000000000000001554, 2.599999999999999645 ) ) ;
#3496 = EDGE_LOOP ( 'NONE', ( #118, #672, #1718, #3466 ) ) ;
#3497 = EDGE_CURVE ( 'NONE', #786, #2973, #839, .T. ) ;
#3498 = DIRECTION ( 'NONE',  ( -0.0000000000000000000, -1.000000000000000000, -0.0000000000000000000 ) ) ;
#3499 = CARTESIAN_POINT ( 'NONE',  ( -3.614589803375032329, -3.600000000000000089, 1.899999999999999245 ) ) ;
#3500 = LINE ( 'NONE', #3348, #951 ) ;
#3501 = AXIS2_PLACEMENT_3D ( 'NONE', #743, #734, #732 ) ;
#3502 = CARTESIAN_POINT ( 'NONE',  ( -2.637551003012414963, 1.899999999999999689, 2.457925377671996703 ) ) ;
#3503 = CARTESIAN_POINT ( 'NONE',  ( -2.700000000000000178, 1.800000000000000044, -2.699999999999998845 ) ) ;
#3504 = CARTESIAN_POINT ( 'NONE',  ( -2.762448996987585392, 2.299999999999999822, -3.000000000000000000 ) ) ;
#3505 = CARTESIAN_POINT ( 'NONE',  ( 2.700000000000000178, 1.800000000000000044, -3.000000000000000000 ) ) ;
#3506 = ADVANCED_FACE ( 'NONE', ( #3032 ), #3010, .F. ) ;
#3507 = CARTESIAN_POINT ( 'NONE',  ( -3.400000000000000355, -5.299999999999999822, -2.112683772664591508 ) ) ;
#3508 = VERTEX_POINT ( 'NONE', #2990 ) ;
#3509 = CARTESIAN_POINT ( 'NONE',  ( 3.614589803375030996, -3.599999999999999201, -2.600000000000000533 ) ) ;
#3510 = ORIENTED_EDGE ( 'NONE', *, *, #1136, .T. ) ;
#3511 = CARTESIAN_POINT ( 'NONE',  ( -3.614589803375032329, -3.600000000000000089, 1.899999999999999245 ) ) ;
#3512 = CARTESIAN_POINT ( 'NONE',  ( -2.699999999999998845, 1.800000000000000044, 2.700000000000001066 ) ) ;
#3513 = ORIENTED_EDGE ( 'NONE', *, *, #1826, .F. ) ;
#3514 = FACE_OUTER_BOUND ( 'NONE', #2499, .T. ) ;
#3515 = CARTESIAN_POINT ( 'NONE',  ( 2.762448996987585392, 1.899999999999999689, 2.457925377671996703 ) ) ;
#3516 = ORIENTED_EDGE ( 'NONE', *, *, #1987, .T. ) ;
#3517 = ADVANCED_FACE ( 'NONE', ( #2965 ), #2941, .F. ) ;
ENDSEC;
END-ISO-10303-21;
